
SET SESSION FOREIGN_KEY_CHECKS=0;

/* Drop Tables */

DROP TABLE IF EXISTS user_role;
DROP TABLE IF EXISTS role;
DROP TABLE IF EXISTS _user;




/* Create Tables */

CREATE TABLE role
(
    authority varchar(32) NOT NULL,
    name varchar(32) NOT NULL,
    PRIMARY KEY (authority)
) ENGINE = InnoDB DEFAULT CHARACTER SET utf8;


CREATE TABLE user_role
(
    username varchar(32) NOT NULL,
    authority varchar(32) NOT NULL
) ENGINE = InnoDB DEFAULT CHARACTER SET utf8;


CREATE TABLE _user
(
    username varchar(32) NOT NULL,
    password varchar(512) NOT NULL,
    name varchar(64) NOT NULL,
    enabled boolean NOT NULL,
    org varchar(32),
    orgname varchar(128),
    PRIMARY KEY (username)
) ENGINE = InnoDB DEFAULT CHARACTER SET utf8;



/* Create Foreign Keys */

ALTER TABLE user_role
    ADD FOREIGN KEY (authority)
        REFERENCES role (authority)
        ON UPDATE RESTRICT
        ON DELETE RESTRICT
;


ALTER TABLE user_role
    ADD FOREIGN KEY (username)
        REFERENCES _user (username)
        ON UPDATE RESTRICT
        ON DELETE RESTRICT
;


insert into role(authority, name) VALUES ('GOV','政府机构');

insert into role(authority, name) VALUES ('CORP','从业机构');

insert into role(authority,name) VALUES('ADMIN','管理员');

insert into role(authority, name) VALUES ('ARCHIVE','档案员');



-- pasword: dgsoft
insert into _user(username,password,name,enabled) VALUES ('root','$2a$10$CmODDYEHEYJYWDsxu9ZzfumnUhiFFViGwq9Fmx12tBjmB/TSzGmBu','开发商管理员', true);


insert into _user(username,password,name,enabled,org,orgname)
VALUES('corp1','$2a$10$CmODDYEHEYJYWDsxu9ZzfumnUhiFFViGwq9Fmx12tBjmB/TSzGmBu','机构档案员',true,'C1','测试建设单位1');

insert into user_role(authority,username) VALUES ('GOV','root');
insert into user_role(authority,username) VALUES ('ARCHIVE','root');
insert into user_role(authority,username) VALUES ('ADMIN','root');

insert into user_role(authority,username) VALUES ('CORP','corp1');
insert into user_role(authority,username) VALUES ('ARCHIVE','corp1');
insert into user_role(authority,username) VALUES ('ADMIN','corp1');


SET SESSION FOREIGN_KEY_CHECKS=0;

/* Drop Tables */

DROP TABLE IF EXISTS BOX;
DROP TABLE IF EXISTS CELL;
DROP TABLE IF EXISTS CABINET;
DROP TABLE IF EXISTS RACK;
DROP TABLE IF EXISTS ROOM;




/* Create Tables */

CREATE TABLE BOX
(
    BOX_ID varchar(32) NOT NULL,
    _FULL boolean NOT NULL,
    EMPTY boolean NOT NULL,
    _SIZE decimal(4,2) NOT NULL,
    SEQ int NOT NULL,
    DESCRIPTION varchar(256),
    CELL_ID varchar(24) NOT NULL,
    OLD boolean NOT NULL,
    PRIMARY KEY (BOX_ID)
) ENGINE = InnoDB DEFAULT CHARACTER SET utf8;


CREATE TABLE CABINET
(
    CABINET_ID varchar(16) NOT NULL,
    NAME varchar(8) NOT NULL,
    RACK_ID varchar(8) NOT NULL,
    SEQ int NOT NULL,
    PERCENTAGE int NOT NULL,
    ROW_DESC boolean NOT NULL,
    COL_DESC boolean NOT NULL,
    PRIMARY KEY (CABINET_ID)
) ENGINE = InnoDB DEFAULT CHARACTER SET utf8;


CREATE TABLE CELL
(
    CELL_ID varchar(24) NOT NULL,
    NAME varchar(8) NOT NULL,
    CABINET_ID varchar(16) NOT NULL,
    _SIZE decimal(4,2),
    SEQ int NOT NULL,
    _ROW int NOT NULL,
    _COL int NOT NULL,
    PERCENTAGE int NOT NULL,
    PRIMARY KEY (CELL_ID)
) ENGINE = InnoDB DEFAULT CHARACTER SET utf8;


CREATE TABLE RACK
(
    RACK_ID varchar(8) NOT NULL,
    NAME varchar(4) NOT NULL,
    ROOM_ID varchar(4) NOT NULL,
    PERCENTAGE int NOT NULL,
    SEQ int NOT NULL,
    PRIMARY KEY (RACK_ID)
) ENGINE = InnoDB DEFAULT CHARACTER SET utf8;


CREATE TABLE ROOM
(
    ROOM_ID varchar(4) NOT NULL,
    NAME varchar(16) NOT NULL,
    DESCRIPTION varchar(256),
    PERCENTAGE int NOT NULL,
    SEQ int NOT NULL,
    PRIMARY KEY (ROOM_ID)
) ENGINE = InnoDB DEFAULT CHARACTER SET utf8;



/* Create Foreign Keys */

ALTER TABLE CELL
    ADD FOREIGN KEY (CABINET_ID)
        REFERENCES CABINET (CABINET_ID)
        ON UPDATE RESTRICT
        ON DELETE RESTRICT
;


ALTER TABLE BOX
    ADD FOREIGN KEY (CELL_ID)
        REFERENCES CELL (CELL_ID)
        ON UPDATE RESTRICT
        ON DELETE RESTRICT
;


ALTER TABLE CABINET
    ADD FOREIGN KEY (RACK_ID)
        REFERENCES RACK (RACK_ID)
        ON UPDATE RESTRICT
        ON DELETE RESTRICT
;


ALTER TABLE RACK
    ADD FOREIGN KEY (ROOM_ID)
        REFERENCES ROOM (ROOM_ID)
        ON UPDATE RESTRICT
        ON DELETE RESTRICT
;



DROP TABLE IF EXISTS CONSTRUCT_CORP;
DROP TABLE IF EXISTS RIGHT_PROJECT_JOIN_TYPE;
DROP TABLE IF EXISTS RIGHT_CORP_TYPE;
DROP TABLE IF EXISTS PERSON_RIGHT;
DROP TABLE IF EXISTS CORP;
DROP TABLE IF EXISTS PERSON;




/* Create Tables */

CREATE TABLE CONSTRUCT_CORP
(
    REG_ID varchar(32) NOT NULL,
    CORP_TYPE varchar(16) NOT NULL,
    REG_DATE date NOT NULL,
    REG_DATE_TO date,
    _LEVEL varchar(8),
    LEVEL_NUMBER varchar(32),
    STATUS varchar(16) NOT NULL,
    CORP_ID varchar(32) NOT NULL,
    PRIMARY KEY (REG_ID),
    CONSTRAINT CORP_TYPE_UNIQUE UNIQUE (CORP_TYPE, CORP_ID)
) ENGINE = InnoDB DEFAULT CHARACTER SET utf8;


CREATE TABLE CORP
(
    CORP_ID varchar(32) NOT NULL,
    NAME varchar(128) NOT NULL,
    REG_ID_TYPE varchar(16) NOT NULL,
    REG_ID_NUMBER varchar(32) NOT NULL,
    OWNER_NAME varchar(64) NOT NULL,
    OWNER_ID_TYPE varchar(16) NOT NULL,
    OWNER_ID_NUMBER varchar(32) NOT NULL,
    ADDRESS varchar(256),
    TEL varchar(16),
    _VERSION bigint NOT NULL,
    DESCRIPTION varchar(256),
    ENABLE boolean NOT NULL,
    DATA_TIME datetime NOT NULL,
    PRIMARY KEY (CORP_ID)
) ENGINE = InnoDB DEFAULT CHARACTER SET utf8;


CREATE TABLE PERSON
(
    PERSON_ID varchar(32) NOT NULL,
    NAME varchar(64) NOT NULL,
    IDENTIFY_TYPE varchar(16) NOT NULL,
    IDENTIFY_NUMBER varchar(32) NOT NULL,
    TEL varchar(16),
    SEX varchar(6),
    BIRTH_DATE date,
    NATION varchar(16),
    NATIONALITY varchar(16),
    ADDRESS varchar(256),
    REG_ADDRESS varchar(16),
    TITLE varchar(8),
    PRIMARY KEY (PERSON_ID)
) ENGINE = InnoDB DEFAULT CHARACTER SET utf8;


CREATE TABLE PERSON_RIGHT
(
    RIGHT_ID varchar(32) NOT NULL,
    NAME varchar(32) NOT NULL,
    ENABLE boolean NOT NULL,
    PRI int NOT NULL,
    CORP_ID varchar(32) NOT NULL,
    STATUS varchar(16) NOT NULL,
    PERSON_ID varchar(32) NOT NULL,
    _VERSION bigint NOT NULL,
    _LEVEL varchar(8) NOT NULL,
    PRIMARY KEY (RIGHT_ID)
) ENGINE = InnoDB DEFAULT CHARACTER SET utf8;


CREATE TABLE RIGHT_CORP_TYPE
(
    CORP_TYPE varchar(16) NOT NULL,
    TYPE varchar(32) NOT NULL,
    PRIMARY KEY (CORP_TYPE, TYPE)
) ENGINE = InnoDB DEFAULT CHARACTER SET utf8;


CREATE TABLE RIGHT_PROJECT_JOIN_TYPE
(
    JOIN_TYPE varchar(16) NOT NULL,
    CORP_TYPE varchar(32) NOT NULL,
    PRIMARY KEY (JOIN_TYPE, CORP_TYPE)
) ENGINE = InnoDB DEFAULT CHARACTER SET utf8;



/* Create Foreign Keys */

ALTER TABLE PERSON_RIGHT
    ADD FOREIGN KEY (CORP_ID)
        REFERENCES CORP (CORP_ID)
        ON UPDATE RESTRICT
        ON DELETE RESTRICT
;


ALTER TABLE CONSTRUCT_CORP
    ADD FOREIGN KEY (CORP_ID)
        REFERENCES CORP (CORP_ID)
        ON UPDATE RESTRICT
        ON DELETE RESTRICT
;


ALTER TABLE PERSON_RIGHT
    ADD FOREIGN KEY (PERSON_ID)
        REFERENCES PERSON (PERSON_ID)
        ON UPDATE RESTRICT
        ON DELETE RESTRICT
;


ALTER TABLE RIGHT_PROJECT_JOIN_TYPE
    ADD FOREIGN KEY (CORP_TYPE)
        REFERENCES PERSON_RIGHT (RIGHT_ID)
        ON UPDATE RESTRICT
        ON DELETE RESTRICT
;


ALTER TABLE RIGHT_CORP_TYPE
    ADD FOREIGN KEY (TYPE)
        REFERENCES PERSON_RIGHT (RIGHT_ID)
        ON UPDATE RESTRICT
        ON DELETE RESTRICT
;


/* Drop Tables */

DROP TABLE IF EXISTS TASK_ACTION;
DROP TABLE IF EXISTS FIELD_DEFINE;
DROP TABLE IF EXISTS FIELD_GROUP;
DROP TABLE IF EXISTS CREATE_ROLE;
DROP TABLE IF EXISTS VOL_ITEM_DEFINE;
DROP TABLE IF EXISTS CROP_BUSINESS;
DROP TABLE IF EXISTS BUSINESS_DEFINE;
DROP TABLE IF EXISTS BUSINESS_CATEGORY;




/* Create Tables */

CREATE TABLE BUSINESS_CATEGORY
(
    CATEGORY_ID varchar(4) NOT NULL,
    NAME varchar(50) NOT NULL,
    PRIORITY int NOT NULL,
    PRIMARY KEY (CATEGORY_ID)
) ENGINE = InnoDB DEFAULT CHARACTER SET utf8;


CREATE TABLE BUSINESS_DEFINE
(
    DEFINE_ID varchar(8) NOT NULL,
    NAME varchar(64) NOT NULL,
    WF_NAME varchar(32),
    START_PAGE varchar(256),
    CATEGORY_ID varchar(4) NOT NULL,
    MEMO varchar(512),
    -- 乐观锁
    _VERSION int,
    ROLE_PREFIX varchar(16),
    -- 动态
    DESCRIPTION varchar(512),
    PRIORITY int NOT NULL,
    ENABLE boolean NOT NULL,
    WF_VER int NOT NULL,
    CREATE_TITLE varchar(8),
    CREATE_COMPLETE_PAGE varchar(256),
    DEFAULT_ROOM varchar(4),
    DEFAULT_RACK varchar(8),
    DEFAULT_SECRECY_LEVEL varchar(10),
    SUMMARY varchar(1024) NOT NULL,
    DEFAULT_SECRECY_LEN int,
    CONSTRAINT PK_DGBIZ PRIMARY KEY (DEFINE_ID)
) ENGINE = InnoDB DEFAULT CHARACTER SET utf8;


CREATE TABLE CREATE_ROLE
(
    ROLE varchar(32) NOT NULL,
    DEFINE_ID varchar(8) NOT NULL,
    ID int NOT NULL AUTO_INCREMENT,
    PRIMARY KEY (ID)
) ENGINE = InnoDB DEFAULT CHARACTER SET utf8;


CREATE TABLE CROP_BUSINESS
(
    ID bigint NOT NULL AUTO_INCREMENT,
    DEFINE_ID varchar(8) NOT NULL,
    CORP_TYPE varchar(16) NOT NULL,
    PRIMARY KEY (ID)
) ENGINE = InnoDB DEFAULT CHARACTER SET utf8;


CREATE TABLE FIELD_DEFINE
(
    VALUE_ID bigint NOT NULL AUTO_INCREMENT,
    GROUP_ID varchar(32) NOT NULL,
    _ORDINAL int NOT NULL,
    _OPTION text,
    PRIMARY KEY (VALUE_ID)
) ENGINE = InnoDB DEFAULT CHARACTER SET utf8;


CREATE TABLE FIELD_GROUP
(
    GROUP_ID varchar(32) NOT NULL,
    NAME varchar(16) NOT NULL,
    TYPE varchar(32) NOT NULL,
    EDITOR_ORDINAL int NOT NULL,
    DISPLAY_ORDINAL int NOT NULL,
    DEFINE_ID varchar(8) NOT NULL,
    VIEW_ROW int NOT NULL,
    _OPTION text,
    PRIMARY KEY (GROUP_ID)
) ENGINE = InnoDB DEFAULT CHARACTER SET utf8;


CREATE TABLE TASK_ACTION
(
    DEFINE_ID varchar(8) NOT NULL,
    TASK_NAME varchar(128),
    TYPE varchar(32) NOT NULL,
    REG_NAME varchar(32) NOT NULL,
    PRIORITY int NOT NULL,
    ACTION_ID bigint NOT NULL,
    _POSITION varchar(8) NOT NULL,
    PRIMARY KEY (ACTION_ID)
) ENGINE = InnoDB DEFAULT CHARACTER SET utf8;


CREATE TABLE VOL_ITEM_DEFINE
(
    ITEM_ID bigint NOT NULL AUTO_INCREMENT,
    NAME varchar(200) NOT NULL,
    TYPE varchar(4) NOT NULL,
    EL varchar(32),
    DESCRIPTION varchar(512),
    DEFINE_ID varchar(8) NOT NULL,
    SEQ int NOT NULL,
    PRIMARY KEY (ITEM_ID)
) ENGINE = InnoDB DEFAULT CHARACTER SET utf8;



/* Create Foreign Keys */

ALTER TABLE BUSINESS_DEFINE
    ADD FOREIGN KEY (CATEGORY_ID)
        REFERENCES BUSINESS_CATEGORY (CATEGORY_ID)
        ON UPDATE RESTRICT
        ON DELETE RESTRICT
;


ALTER TABLE TASK_ACTION
    ADD FOREIGN KEY (DEFINE_ID)
        REFERENCES BUSINESS_DEFINE (DEFINE_ID)
        ON UPDATE RESTRICT
        ON DELETE RESTRICT
;


ALTER TABLE FIELD_GROUP
    ADD FOREIGN KEY (DEFINE_ID)
        REFERENCES BUSINESS_DEFINE (DEFINE_ID)
        ON UPDATE RESTRICT
        ON DELETE RESTRICT
;


ALTER TABLE CREATE_ROLE
    ADD FOREIGN KEY (DEFINE_ID)
        REFERENCES BUSINESS_DEFINE (DEFINE_ID)
        ON UPDATE RESTRICT
        ON DELETE RESTRICT
;


ALTER TABLE VOL_ITEM_DEFINE
    ADD FOREIGN KEY (DEFINE_ID)
        REFERENCES BUSINESS_DEFINE (DEFINE_ID)
        ON UPDATE RESTRICT
        ON DELETE RESTRICT
;


ALTER TABLE CROP_BUSINESS
    ADD FOREIGN KEY (DEFINE_ID)
        REFERENCES BUSINESS_DEFINE (DEFINE_ID)
        ON UPDATE RESTRICT
        ON DELETE RESTRICT
;


ALTER TABLE FIELD_DEFINE
    ADD FOREIGN KEY (GROUP_ID)
        REFERENCES FIELD_GROUP (GROUP_ID)
        ON UPDATE RESTRICT
        ON DELETE RESTRICT
;


/* Drop Tables */

DROP TABLE IF EXISTS FIELD_VALUE;
DROP TABLE IF EXISTS BUSINESS_FIELD_GROUP;
DROP TABLE IF EXISTS OPERATION;
DROP TABLE IF EXISTS VOL_CONETXT;
DROP TABLE IF EXISTS VOL_ITEM;
DROP TABLE IF EXISTS VOLUME;
DROP TABLE IF EXISTS RECORD_BUSINESS;




/* Create Tables */

CREATE TABLE BUSINESS_FIELD_GROUP
(
    FIELD_ID varchar(32) NOT NULL,
    BUSINESS_ID varchar(24) NOT NULL,
    NAME varchar(16) NOT NULL,
    TYPE varchar(32) NOT NULL,
    _ORDINAL int NOT NULL,
    _OPTION text,
    _ROW int NOT NULL,
    DEFINE varchar(32),
    PRIMARY KEY (FIELD_ID)
) ENGINE = InnoDB DEFAULT CHARACTER SET utf8;


CREATE TABLE FIELD_VALUE
(
    VALUE_ID bigint NOT NULL AUTO_INCREMENT,
    _PATTERN varchar(32),
    _VALUE text,
    FIELD_ID varchar(32) NOT NULL,
    _ORDINAL int NOT NULL,
    LABEL varchar(32),
    _OPTION text,
    PRIMARY KEY (VALUE_ID)
) ENGINE = InnoDB DEFAULT CHARACTER SET utf8;


CREATE TABLE OPERATION
(
    OPERATION_ID bigint NOT NULL AUTO_INCREMENT,
    BUSINESS_ID varchar(24) NOT NULL,
    TYPE varchar(8) NOT NULL,
    EMP_ID varchar(32) NOT NULL,
    EMP_NAME varchar(50) NOT NULL,
    _EXPLAIN varchar(256),
    OPERATION_TIME datetime NOT NULL,
    PRIMARY KEY (OPERATION_ID)
) ENGINE = InnoDB DEFAULT CHARACTER SET utf8;


CREATE TABLE RECORD_BUSINESS
(
    BUSINESS_ID varchar(24) NOT NULL,
    DEFINE_ID varchar(32),
    DEFINE_NAME varchar(16) NOT NULL,
    DEFINE_VER int NOT NULL,
    DELIVER_TYPE varchar(16),
    DELIVER varchar(32) NOT NULL,
    DELIVER_ID varchar(32),
    RECEIVE_DATE date NOT NULL,
    MEMO varchar(256),
    _KEY varchar(512),
    STATUS varchar(8) NOT NULL,
    _VERSION int NOT NULL,
    SUMMARY varchar(1024) NOT NULL,
    _SOURCE varchar(8) NOT NULL,
    SEQ bigint NOT NULL,
    CHANGE_TIME datetime NOT NULL,
    SUMMARY_TEMPLATE varchar(1024),
    PROJECT_NAME varchar(128) NOT NULL,
    PROJECT_ID varchar(32),
    PRIMARY KEY (BUSINESS_ID)
) ENGINE = InnoDB DEFAULT CHARACTER SET utf8;


CREATE TABLE VOLUME
(
    VOLUME_ID varchar(32) NOT NULL,
    BUSINESS_ID varchar(24) NOT NULL,
    BOX_ID varchar(32),
    PAGE_COUNT int,
    RECORD_TIME date NOT NULL,
    SECRECY_LEVEL varchar(10) NOT NULL,
    SECRECY_LEN int,
    OLD boolean NOT NULL,
    MEMO varchar(256),
    PRIMARY KEY (VOLUME_ID)
) ENGINE = InnoDB DEFAULT CHARACTER SET utf8;


CREATE TABLE VOL_CONETXT
(
    CONTEXT_ID varchar(32) NOT NULL,
    TYPE varchar(32) NOT NULL,
    ORDINAL int NOT NULL,
    PAGE_COUNT int NOT NULL,
    MD5 varchar(32),
    ITEM_ID bigint NOT NULL,
    PRIMARY KEY (CONTEXT_ID)
) ENGINE = InnoDB DEFAULT CHARACTER SET utf8;


CREATE TABLE VOL_ITEM
(
    ITEM_ID bigint NOT NULL AUTO_INCREMENT,
    BUSINESS_ID varchar(24) NOT NULL,
    NAME varchar(256) NOT NULL,
    TYPE varchar(4) NOT NULL,
    EL varchar(32),
    DESCRIPTION varchar(512),
    SEQ int NOT NULL,
    PRIMARY KEY (ITEM_ID)
) ENGINE = InnoDB DEFAULT CHARACTER SET utf8;



/* Create Foreign Keys */

ALTER TABLE FIELD_VALUE
    ADD FOREIGN KEY (FIELD_ID)
        REFERENCES BUSINESS_FIELD_GROUP (FIELD_ID)
        ON UPDATE RESTRICT
        ON DELETE RESTRICT
;


ALTER TABLE VOL_ITEM
    ADD FOREIGN KEY (BUSINESS_ID)
        REFERENCES RECORD_BUSINESS (BUSINESS_ID)
        ON UPDATE RESTRICT
        ON DELETE RESTRICT
;


ALTER TABLE VOLUME
    ADD FOREIGN KEY (BUSINESS_ID)
        REFERENCES RECORD_BUSINESS (BUSINESS_ID)
        ON UPDATE RESTRICT
        ON DELETE RESTRICT
;


ALTER TABLE OPERATION
    ADD FOREIGN KEY (BUSINESS_ID)
        REFERENCES RECORD_BUSINESS (BUSINESS_ID)
        ON UPDATE RESTRICT
        ON DELETE RESTRICT
;


ALTER TABLE BUSINESS_FIELD_GROUP
    ADD FOREIGN KEY (BUSINESS_ID)
        REFERENCES RECORD_BUSINESS (BUSINESS_ID)
        ON UPDATE RESTRICT
        ON DELETE RESTRICT
;


ALTER TABLE VOL_CONETXT
    ADD FOREIGN KEY (ITEM_ID)
        REFERENCES VOL_ITEM (ITEM_ID)
        ON UPDATE RESTRICT
        ON DELETE RESTRICT
;



-- BUSINESS_CATEGORY
INSERT INTO BUSINESS_CATEGORY(CATEGORY_ID, NAME, PRIORITY) VALUES ('A','综合类',1);
INSERT INTO BUSINESS_CATEGORY(CATEGORY_ID, NAME, PRIORITY) VALUES ('B','城市勘测类',2);
INSERT INTO BUSINESS_CATEGORY(CATEGORY_ID, NAME, PRIORITY) VALUES ('C','城市规划类',3);
INSERT INTO BUSINESS_CATEGORY(CATEGORY_ID, NAME, PRIORITY) VALUES ('D','城市建设管理类',4);
INSERT INTO BUSINESS_CATEGORY(CATEGORY_ID, NAME, PRIORITY) VALUES ('E','市政工程类',5);
INSERT INTO BUSINESS_CATEGORY(CATEGORY_ID, NAME, PRIORITY) VALUES ('F','公用设施类',6);
INSERT INTO BUSINESS_CATEGORY(CATEGORY_ID, NAME, PRIORITY) VALUES ('G','交通运输工程类',7);
INSERT INTO BUSINESS_CATEGORY(CATEGORY_ID, NAME, PRIORITY) VALUES ('H','工业建筑类',8);
INSERT INTO BUSINESS_CATEGORY(CATEGORY_ID, NAME, PRIORITY) VALUES ('I','民用建筑类',9);
INSERT INTO BUSINESS_CATEGORY(CATEGORY_ID, NAME, PRIORITY) VALUES ('J','名胜古迹、园林绿化类',10);
INSERT INTO BUSINESS_CATEGORY(CATEGORY_ID, NAME, PRIORITY) VALUES ('K','环境保护类',11);
INSERT INTO BUSINESS_CATEGORY(CATEGORY_ID, NAME, PRIORITY) VALUES ('L','城市建设科学研究类',12);
INSERT INTO BUSINESS_CATEGORY(CATEGORY_ID, NAME, PRIORITY) VALUES ('M','县（村）镇建设类',13);
INSERT INTO BUSINESS_CATEGORY(CATEGORY_ID, NAME, PRIORITY) VALUES ('N','人防、军事程类',14);
INSERT INTO BUSINESS_CATEGORY(CATEGORY_ID, NAME, PRIORITY) VALUES ('O','水利、防灾类',15);
INSERT INTO BUSINESS_CATEGORY(CATEGORY_ID, NAME, PRIORITY) VALUES ('P','工程设计类',16);
INSERT INTO BUSINESS_CATEGORY(CATEGORY_ID, NAME, PRIORITY) VALUES ('Q','地下管线类',17);
INSERT INTO BUSINESS_CATEGORY(CATEGORY_ID, NAME, PRIORITY) VALUES ('R','声像类',18);
-- BUSINESS_DEFINE A,综合类
INSERT INTO BUSINESS_DEFINE(DEFINE_ID, NAME, CATEGORY_ID, _VERSION, PRIORITY, ENABLE, WF_VER,SUMMARY,DEFAULT_ROOM, DEFAULT_RACK) VALUES('A.1.1','政策、法规','A',1,1,true,1,'送交单位:{.deliver} 案卷题名:{.projectName}','3','3-1');
INSERT INTO BUSINESS_DEFINE(DEFINE_ID, NAME, CATEGORY_ID, _VERSION, PRIORITY, ENABLE, WF_VER,SUMMARY,DEFAULT_ROOM, DEFAULT_RACK) VALUES('A.2.1','会议','A',1,2,true,1,'送交单位:{.deliver} 案卷题名:{.projectName}','3','3-1');
INSERT INTO BUSINESS_DEFINE(DEFINE_ID, NAME, CATEGORY_ID, _VERSION, PRIORITY, ENABLE, WF_VER,SUMMARY,DEFAULT_ROOM, DEFAULT_RACK) VALUES('A.3.1','计划、统计/计划','A',1,3,true,1,'送交单位:{.deliver} 案卷题名:{.projectName}','3','3-1');
INSERT INTO BUSINESS_DEFINE(DEFINE_ID, NAME, CATEGORY_ID, _VERSION, PRIORITY, ENABLE, WF_VER,SUMMARY,DEFAULT_ROOM, DEFAULT_RACK) VALUES('A.3.2','计划、统计/统计','A',1,4,true,1,'送交单位:{.deliver} 案卷题名:{.projectName}','3','3-1');
INSERT INTO BUSINESS_DEFINE(DEFINE_ID, NAME, CATEGORY_ID, _VERSION, PRIORITY, ENABLE, WF_VER,SUMMARY,DEFAULT_ROOM, DEFAULT_RACK) VALUES('A.4.1','外事','A',1,5,true,1,'送交单位:{.deliver} 案卷题名:{.projectName}','3','3-1');
INSERT INTO BUSINESS_DEFINE(DEFINE_ID, NAME, CATEGORY_ID, _VERSION, PRIORITY, ENABLE, WF_VER,SUMMARY,DEFAULT_ROOM, DEFAULT_RACK) VALUES('A.5.1','城建档案工作','A',1,6,true,1,'送交单位:{.deliver} 案卷题名:{.projectName}','3','3-1');

-- A.1.1 政策、法规
INSERT INTO FIELD_GROUP(GROUP_ID, NAME, TYPE, EDITOR_ORDINAL, DISPLAY_ORDINAL, DEFINE_ID,VIEW_ROW) VALUES ('A.1.1.1','卷页数','SIMPLE',1,1,'A.1.1',0);
INSERT INTO FIELD_DEFINE(GROUP_ID, _ORDINAL, _OPTION) VALUES ('A.1.1.1',0,'{"style": "col-lg-4 col-md-12","nullable":true,"key":false,"minLength":1, "maxLength":5 ,"label":"卷页数","controlType":"textbox"}');
INSERT INTO FIELD_DEFINE(GROUP_ID, _ORDINAL, _OPTION) VALUES ('A.1.1.1',2,'{"style": "col-lg-4 col-md-12","nullable":true,"key":true,"minLength":1, "maxLength":10 ,"label":"原档案位置","controlType":"textbox"}');
INSERT INTO FIELD_GROUP(GROUP_ID,NAME,TYPE,EDITOR_ORDINAL,DISPLAY_ORDINAL,DEFINE_ID,VIEW_ROW,_OPTION) VALUES('A.1.1.2','说明','TEXT_AREA',4,4,'A.1.1',4,'{"key":false,"nullable":true,"rows":4}');
INSERT INTO FIELD_DEFINE(GROUP_ID, _ORDINAL) VALUES ('A.1.1.2',0);

-- A.2.1 会议
INSERT INTO FIELD_GROUP(GROUP_ID, NAME, TYPE, EDITOR_ORDINAL, DISPLAY_ORDINAL, DEFINE_ID,VIEW_ROW) VALUES ('A.2.1-1','卷页数','SIMPLE',1,1,'A.2.1',0);
INSERT INTO FIELD_DEFINE(GROUP_ID, _ORDINAL, _OPTION) VALUES ('A.2.1-1',0,'{"style": "col-lg-4 col-md-12","nullable":true,"key":false,"minLength":1, "maxLength":5 ,"label":"卷页数","controlType":"textbox"}');
INSERT INTO FIELD_DEFINE(GROUP_ID, _ORDINAL, _OPTION) VALUES ('A.2.1-1',2,'{"style": "col-lg-4 col-md-12","nullable":true,"key":true,"minLength":1, "maxLength":10 ,"label":"原档案位置","controlType":"textbox"}');
INSERT INTO FIELD_GROUP(GROUP_ID,NAME,TYPE,EDITOR_ORDINAL,DISPLAY_ORDINAL,DEFINE_ID,VIEW_ROW,_OPTION) VALUES('A.2.1-2','说明','TEXT_AREA',4,4,'A.2.1',4,'{"key":false,"nullable":true,"rows":4}');
INSERT INTO FIELD_DEFINE(GROUP_ID, _ORDINAL) VALUES ('A.2.1-2',0);

-- A.3.1 计划、统计-计划
INSERT INTO FIELD_GROUP(GROUP_ID, NAME, TYPE, EDITOR_ORDINAL, DISPLAY_ORDINAL, DEFINE_ID,VIEW_ROW) VALUES ('A.3.1-1','卷页数','SIMPLE',1,1,'A.3.1',0);
INSERT INTO FIELD_DEFINE(GROUP_ID, _ORDINAL, _OPTION) VALUES ('A.3.1-1',0,'{"style": "col-lg-4 col-md-12","nullable":true,"key":false,"minLength":1, "maxLength":5 ,"label":"卷页数","controlType":"textbox"}');
INSERT INTO FIELD_DEFINE(GROUP_ID, _ORDINAL, _OPTION) VALUES ('A.3.1-1',2,'{"style": "col-lg-4 col-md-12","nullable":true,"key":true,"minLength":1, "maxLength":10 ,"label":"原档案位置","controlType":"textbox"}');
INSERT INTO FIELD_GROUP(GROUP_ID,NAME,TYPE,EDITOR_ORDINAL,DISPLAY_ORDINAL,DEFINE_ID,VIEW_ROW,_OPTION) VALUES('A.3.1-2','说明','TEXT_AREA',4,4,'A.3.1',4,'{"key":false,"nullable":true,"rows":4}');
INSERT INTO FIELD_DEFINE(GROUP_ID, _ORDINAL) VALUES ('A.3.1-2',0);

-- A.3.2 计划、统计-统计
INSERT INTO FIELD_GROUP(GROUP_ID, NAME, TYPE, EDITOR_ORDINAL, DISPLAY_ORDINAL, DEFINE_ID,VIEW_ROW) VALUES ('A.3.2-1','卷页数','SIMPLE',1,1,'A.3.2',0);
INSERT INTO FIELD_DEFINE(GROUP_ID, _ORDINAL, _OPTION) VALUES ('A.3.2-1',0,'{"style": "col-lg-4 col-md-12","nullable":true,"key":false,"minLength":1, "maxLength":5 ,"label":"卷页数","controlType":"textbox"}');
INSERT INTO FIELD_DEFINE(GROUP_ID, _ORDINAL, _OPTION) VALUES ('A.3.2-1',2,'{"style": "col-lg-4 col-md-12","nullable":true,"key":true,"minLength":1, "maxLength":10 ,"label":"原档案位置","controlType":"textbox"}');
INSERT INTO FIELD_GROUP(GROUP_ID,NAME,TYPE,EDITOR_ORDINAL,DISPLAY_ORDINAL,DEFINE_ID,VIEW_ROW,_OPTION) VALUES('A.3.2-2','说明','TEXT_AREA',4,4,'A.3.2',4,'{"key":false,"nullable":true,"rows":4}');
INSERT INTO FIELD_DEFINE(GROUP_ID, _ORDINAL) VALUES ('A.3.2-2',0);

-- A.4.1 计划、统计-统计
INSERT INTO FIELD_GROUP(GROUP_ID, NAME, TYPE, EDITOR_ORDINAL, DISPLAY_ORDINAL, DEFINE_ID,VIEW_ROW) VALUES ('A.4.1-1','卷页数','SIMPLE',1,1,'A.4.1',0);
INSERT INTO FIELD_DEFINE(GROUP_ID, _ORDINAL, _OPTION) VALUES ('A.4.1-1',0,'{"style": "col-lg-4 col-md-12","nullable":true,"key":false,"minLength":1, "maxLength":5 ,"label":"卷页数","controlType":"textbox"}');
INSERT INTO FIELD_DEFINE(GROUP_ID, _ORDINAL, _OPTION) VALUES ('A.4.1-1',2,'{"style": "col-lg-4 col-md-12","nullable":true,"key":true,"minLength":1, "maxLength":10 ,"label":"原档案位置","controlType":"textbox"}');
INSERT INTO FIELD_GROUP(GROUP_ID,NAME,TYPE,EDITOR_ORDINAL,DISPLAY_ORDINAL,DEFINE_ID,VIEW_ROW,_OPTION) VALUES('A.4.1-2','说明','TEXT_AREA',4,4,'A.4.1',4,'{"key":false,"nullable":true,"rows":4}');
INSERT INTO FIELD_DEFINE(GROUP_ID, _ORDINAL) VALUES ('A.4.1-2',0);

-- A.5.1 计划、统计-统计
INSERT INTO FIELD_GROUP(GROUP_ID, NAME, TYPE, EDITOR_ORDINAL, DISPLAY_ORDINAL, DEFINE_ID,VIEW_ROW) VALUES ('A.5.1-1','卷页数','SIMPLE',1,1,'A.5.1',0);
INSERT INTO FIELD_DEFINE(GROUP_ID, _ORDINAL, _OPTION) VALUES ('A.5.1-1',0,'{"style": "col-lg-4 col-md-12","nullable":true,"key":false,"minLength":1, "maxLength":5 ,"label":"卷页数","controlType":"textbox"}');
INSERT INTO FIELD_DEFINE(GROUP_ID, _ORDINAL, _OPTION) VALUES ('A.5.1-1',2,'{"style": "col-lg-4 col-md-12","nullable":true,"key":true,"minLength":1, "maxLength":10 ,"label":"原档案位置","controlType":"textbox"}');
INSERT INTO FIELD_GROUP(GROUP_ID,NAME,TYPE,EDITOR_ORDINAL,DISPLAY_ORDINAL,DEFINE_ID,VIEW_ROW,_OPTION) VALUES('A.5.1-2','说明','TEXT_AREA',4,4,'A.5.1',4,'{"key":false,"nullable":true,"rows":4}');
INSERT INTO FIELD_DEFINE(GROUP_ID, _ORDINAL) VALUES ('A.5.1-2',0);


-- BUSINESS_DEFINE B,城市勘测类
INSERT INTO BUSINESS_DEFINE(DEFINE_ID, NAME, CATEGORY_ID, _VERSION, PRIORITY, ENABLE, WF_VER,SUMMARY,DEFAULT_ROOM, DEFAULT_RACK) VALUES('B.1.1','工程地质','B',1,1,true,1,'送交单位:{.deliver} 案卷题名:{.projectName}','3','3-1');
INSERT INTO BUSINESS_DEFINE(DEFINE_ID, NAME, CATEGORY_ID, _VERSION, PRIORITY, ENABLE, WF_VER,SUMMARY,DEFAULT_ROOM, DEFAULT_RACK) VALUES('B.2.1','水文地质','B',1,2,true,1,'送交单位:{.deliver} 案卷题名:{.projectName}','3','3-1');
INSERT INTO BUSINESS_DEFINE(DEFINE_ID, NAME, CATEGORY_ID, _VERSION, PRIORITY, ENABLE, WF_VER,SUMMARY,DEFAULT_ROOM, DEFAULT_RACK) VALUES('B.3.1','控制测量','B',1,3,true,1,'送交单位:{.deliver} 案卷题名:{.projectName}','3','3-1');
INSERT INTO BUSINESS_DEFINE(DEFINE_ID, NAME, CATEGORY_ID, _VERSION, PRIORITY, ENABLE, WF_VER,SUMMARY,DEFAULT_ROOM, DEFAULT_RACK) VALUES('B.4.1','地形测量','B',1,4,true,1,'送交单位:{.deliver} 案卷题名:{.projectName}','3','3-1');
INSERT INTO BUSINESS_DEFINE(DEFINE_ID, NAME, CATEGORY_ID, _VERSION, PRIORITY, ENABLE, WF_VER,SUMMARY,DEFAULT_ROOM, DEFAULT_RACK) VALUES('B.5.1','摄影测量','B',1,5,true,1,'送交单位:{.deliver} 案卷题名:{.projectName}','3','3-1');
INSERT INTO BUSINESS_DEFINE(DEFINE_ID, NAME, CATEGORY_ID, _VERSION, PRIORITY, ENABLE, WF_VER,SUMMARY,DEFAULT_ROOM, DEFAULT_RACK) VALUES('B.6.1','地图','B',1,6,true,1,'送交单位:{.deliver} 案卷题名:{.projectName}','3','3-1');

-- B.1.1 工程地质
INSERT INTO FIELD_GROUP(GROUP_ID, NAME, TYPE, EDITOR_ORDINAL, DISPLAY_ORDINAL, DEFINE_ID,VIEW_ROW) VALUES ('B.1.1-1','卷页数','SIMPLE',1,1,'B.1.1',0);
INSERT INTO FIELD_DEFINE(GROUP_ID, _ORDINAL, _OPTION) VALUES ('B.1.1-1',0,'{"style": "col-lg-4 col-md-12","nullable":true,"key":false,"minLength":1, "maxLength":5 ,"label":"卷页数","controlType":"textbox"}');
INSERT INTO FIELD_DEFINE(GROUP_ID, _ORDINAL, _OPTION) VALUES ('B.1.1-1',2,'{"style": "col-lg-4 col-md-12","nullable":true,"key":true,"minLength":1, "maxLength":10 ,"label":"原档案位置","controlType":"textbox"}');
INSERT INTO FIELD_GROUP(GROUP_ID,NAME,TYPE,EDITOR_ORDINAL,DISPLAY_ORDINAL,DEFINE_ID,VIEW_ROW,_OPTION) VALUES('B.1.1-2','说明','TEXT_AREA',4,4,'B.1.1',4,'{"key":false,"nullable":true,"rows":4}');
INSERT INTO FIELD_DEFINE(GROUP_ID, _ORDINAL) VALUES ('B.1.1-2',0);
-- B.2.1 水文地质
INSERT INTO FIELD_GROUP(GROUP_ID, NAME, TYPE, EDITOR_ORDINAL, DISPLAY_ORDINAL, DEFINE_ID,VIEW_ROW) VALUES ('B.2.1-1','卷页数','SIMPLE',1,1,'B.2.1',0);
INSERT INTO FIELD_DEFINE(GROUP_ID, _ORDINAL, _OPTION) VALUES ('B.2.1-1',0,'{"style": "col-lg-4 col-md-12","nullable":true,"key":false,"minLength":1, "maxLength":5 ,"label":"卷页数","controlType":"textbox"}');
INSERT INTO FIELD_DEFINE(GROUP_ID, _ORDINAL, _OPTION) VALUES ('B.2.1-1',2,'{"style": "col-lg-4 col-md-12","nullable":true,"key":true,"minLength":1, "maxLength":10 ,"label":"原档案位置","controlType":"textbox"}');
INSERT INTO FIELD_GROUP(GROUP_ID,NAME,TYPE,EDITOR_ORDINAL,DISPLAY_ORDINAL,DEFINE_ID,VIEW_ROW,_OPTION) VALUES('B.2.1-2','说明','TEXT_AREA',4,4,'B.2.1',4,'{"key":false,"nullable":true,"rows":4}');
INSERT INTO FIELD_DEFINE(GROUP_ID, _ORDINAL) VALUES ('B.2.1-2',0);
-- B.3.1 控制测量
INSERT INTO FIELD_GROUP(GROUP_ID, NAME, TYPE, EDITOR_ORDINAL, DISPLAY_ORDINAL, DEFINE_ID,VIEW_ROW) VALUES ('B.3.1-1','卷页数','SIMPLE',1,1,'B.3.1',0);
INSERT INTO FIELD_DEFINE(GROUP_ID, _ORDINAL, _OPTION) VALUES ('B.3.1-1',0,'{"style": "col-lg-4 col-md-12","nullable":true,"key":false,"minLength":1, "maxLength":5 ,"label":"卷页数","controlType":"textbox"}');
INSERT INTO FIELD_DEFINE(GROUP_ID, _ORDINAL, _OPTION) VALUES ('B.3.1-1',2,'{"style": "col-lg-4 col-md-12","nullable":true,"key":true,"minLength":1, "maxLength":10 ,"label":"原档案位置","controlType":"textbox"}');
INSERT INTO FIELD_GROUP(GROUP_ID,NAME,TYPE,EDITOR_ORDINAL,DISPLAY_ORDINAL,DEFINE_ID,VIEW_ROW,_OPTION) VALUES('B.3.1-2','说明','TEXT_AREA',4,4,'B.3.1',4,'{"key":false,"nullable":true,"rows":4}');
INSERT INTO FIELD_DEFINE(GROUP_ID, _ORDINAL) VALUES ('B.3.1-2',0);
-- B.4.1 地形测量
INSERT INTO FIELD_GROUP(GROUP_ID, NAME, TYPE, EDITOR_ORDINAL, DISPLAY_ORDINAL, DEFINE_ID,VIEW_ROW) VALUES ('B.4.1-1','卷页数','SIMPLE',1,1,'B.4.1',0);
INSERT INTO FIELD_DEFINE(GROUP_ID, _ORDINAL, _OPTION) VALUES ('B.4.1-1',0,'{"style": "col-lg-4 col-md-12","nullable":true,"key":false,"minLength":1, "maxLength":5 ,"label":"卷页数","controlType":"textbox"}');
INSERT INTO FIELD_DEFINE(GROUP_ID, _ORDINAL, _OPTION) VALUES ('B.4.1-1',2,'{"style": "col-lg-4 col-md-12","nullable":true,"key":true,"minLength":1, "maxLength":10 ,"label":"原档案位置","controlType":"textbox"}');
INSERT INTO FIELD_GROUP(GROUP_ID,NAME,TYPE,EDITOR_ORDINAL,DISPLAY_ORDINAL,DEFINE_ID,VIEW_ROW,_OPTION) VALUES('B.4.1-2','说明','TEXT_AREA',4,4,'B.4.1',4,'{"key":false,"nullable":true,"rows":4}');
INSERT INTO FIELD_DEFINE(GROUP_ID, _ORDINAL) VALUES ('B.4.1-2',0);
-- B.5.1 摄影测量
INSERT INTO FIELD_GROUP(GROUP_ID, NAME, TYPE, EDITOR_ORDINAL, DISPLAY_ORDINAL, DEFINE_ID,VIEW_ROW) VALUES ('B.5.1-1','卷页数','SIMPLE',1,1,'B.5.1',0);
INSERT INTO FIELD_DEFINE(GROUP_ID, _ORDINAL, _OPTION) VALUES ('B.5.1-1',0,'{"style": "col-lg-4 col-md-12","nullable":true,"key":false,"minLength":1, "maxLength":5 ,"label":"卷页数","controlType":"textbox"}');
INSERT INTO FIELD_DEFINE(GROUP_ID, _ORDINAL, _OPTION) VALUES ('B.5.1-1',2,'{"style": "col-lg-4 col-md-12","nullable":true,"key":true,"minLength":1, "maxLength":10 ,"label":"原档案位置","controlType":"textbox"}');
INSERT INTO FIELD_GROUP(GROUP_ID,NAME,TYPE,EDITOR_ORDINAL,DISPLAY_ORDINAL,DEFINE_ID,VIEW_ROW,_OPTION) VALUES('B.5.1-2','说明','TEXT_AREA',4,4,'B.5.1',4,'{"key":false,"nullable":true,"rows":4}');
INSERT INTO FIELD_DEFINE(GROUP_ID, _ORDINAL) VALUES ('B.5.1-2',0);
-- B.6.1 地图
INSERT INTO FIELD_GROUP(GROUP_ID, NAME, TYPE, EDITOR_ORDINAL, DISPLAY_ORDINAL, DEFINE_ID,VIEW_ROW) VALUES ('B.6.1-1','卷页数','SIMPLE',1,1,'B.6.1',0);
INSERT INTO FIELD_DEFINE(GROUP_ID, _ORDINAL, _OPTION) VALUES ('B.6.1-1',0,'{"style": "col-lg-4 col-md-12","nullable":true,"key":false,"minLength":1, "maxLength":5 ,"label":"卷页数","controlType":"textbox"}');
INSERT INTO FIELD_DEFINE(GROUP_ID, _ORDINAL, _OPTION) VALUES ('B.6.1-1',2,'{"style": "col-lg-4 col-md-12","nullable":true,"key":true,"minLength":1, "maxLength":10 ,"label":"原档案位置","controlType":"textbox"}');
INSERT INTO FIELD_GROUP(GROUP_ID,NAME,TYPE,EDITOR_ORDINAL,DISPLAY_ORDINAL,DEFINE_ID,VIEW_ROW,_OPTION) VALUES('B.6.1-2','说明','TEXT_AREA',4,4,'B.6.1',4,'{"key":false,"nullable":true,"rows":4}');
INSERT INTO FIELD_DEFINE(GROUP_ID, _ORDINAL) VALUES ('B.6.1-2',0);

-- BUSINESS_DEFINE C,城市规划类
INSERT INTO BUSINESS_DEFINE(DEFINE_ID, NAME, CATEGORY_ID, _VERSION, PRIORITY, ENABLE, WF_VER,SUMMARY,DEFAULT_ROOM, DEFAULT_RACK) VALUES('C.1.1','国土规划','C',1,1,true,1,'送交单位:{.deliver} 案卷题名:{.projectName}','3','3-1');
INSERT INTO BUSINESS_DEFINE(DEFINE_ID, NAME, CATEGORY_ID, _VERSION, PRIORITY, ENABLE, WF_VER,SUMMARY,DEFAULT_ROOM, DEFAULT_RACK) VALUES('C.2.1','总体规划','C',1,2,true,1,'送交单位:{.deliver} 案卷题名:{.projectName}','3','3-1');
INSERT INTO BUSINESS_DEFINE(DEFINE_ID, NAME, CATEGORY_ID, _VERSION, PRIORITY, ENABLE, WF_VER,SUMMARY,DEFAULT_ROOM, DEFAULT_RACK) VALUES('C.3.1','分区规划','C',1,3,true,1,'送交单位:{.deliver} 案卷题名:{.projectName}','3','3-1');
INSERT INTO BUSINESS_DEFINE(DEFINE_ID, NAME, CATEGORY_ID, _VERSION, PRIORITY, ENABLE, WF_VER,SUMMARY,DEFAULT_ROOM, DEFAULT_RACK) VALUES('C.4.1','详细规划','C',1,4,true,1,'送交单位:{.deliver} 案卷题名:{.projectName}','3','3-1');
INSERT INTO BUSINESS_DEFINE(DEFINE_ID, NAME, CATEGORY_ID, _VERSION, PRIORITY, ENABLE, WF_VER,SUMMARY,DEFAULT_ROOM, DEFAULT_RACK) VALUES('C.5.1','县镇规划','C',1,5,true,1,'送交单位:{.deliver} 案卷题名:{.projectName}','3','3-1');
INSERT INTO BUSINESS_DEFINE(DEFINE_ID, NAME, CATEGORY_ID, _VERSION, PRIORITY, ENABLE, WF_VER,SUMMARY,DEFAULT_ROOM, DEFAULT_RACK) VALUES('C.6.1','规划基础材料','C',1,6,true,1,'送交单位:{.deliver} 案卷题名:{.projectName}','3','3-1');
-- C.1.1 国土规划
INSERT INTO FIELD_GROUP(GROUP_ID, NAME, TYPE, EDITOR_ORDINAL, DISPLAY_ORDINAL, DEFINE_ID,VIEW_ROW) VALUES ('C.1.1-1','卷页数','SIMPLE',1,1,'C.1.1',0);
INSERT INTO FIELD_DEFINE(GROUP_ID, _ORDINAL, _OPTION) VALUES ('C.1.1-1',0,'{"style": "col-lg-4 col-md-12","nullable":true,"key":false,"minLength":1, "maxLength":5 ,"label":"卷页数","controlType":"textbox"}');
INSERT INTO FIELD_DEFINE(GROUP_ID, _ORDINAL, _OPTION) VALUES ('C.1.1-1',2,'{"style": "col-lg-4 col-md-12","nullable":true,"key":true,"minLength":1, "maxLength":10 ,"label":"原档案位置","controlType":"textbox"}');
INSERT INTO FIELD_GROUP(GROUP_ID,NAME,TYPE,EDITOR_ORDINAL,DISPLAY_ORDINAL,DEFINE_ID,VIEW_ROW,_OPTION) VALUES('C.1.1-2','说明','TEXT_AREA',4,4,'C.1.1',4,'{"key":false,"nullable":true,"rows":4}');
INSERT INTO FIELD_DEFINE(GROUP_ID, _ORDINAL) VALUES ('C.1.1-2',0);
-- C.2.1 总体规划
INSERT INTO FIELD_GROUP(GROUP_ID, NAME, TYPE, EDITOR_ORDINAL, DISPLAY_ORDINAL, DEFINE_ID,VIEW_ROW) VALUES ('C.2.1-1','卷页数','SIMPLE',1,1,'C.2.1',0);
INSERT INTO FIELD_DEFINE(GROUP_ID, _ORDINAL, _OPTION) VALUES ('C.2.1-1',0,'{"style": "col-lg-4 col-md-12","nullable":true,"key":false,"minLength":1, "maxLength":5 ,"label":"卷页数","controlType":"textbox"}');
INSERT INTO FIELD_DEFINE(GROUP_ID, _ORDINAL, _OPTION) VALUES ('C.2.1-1',2,'{"style": "col-lg-4 col-md-12","nullable":true,"key":true,"minLength":1, "maxLength":10 ,"label":"原档案位置","controlType":"textbox"}');
INSERT INTO FIELD_GROUP(GROUP_ID,NAME,TYPE,EDITOR_ORDINAL,DISPLAY_ORDINAL,DEFINE_ID,VIEW_ROW,_OPTION) VALUES('C.2.1-2','说明','TEXT_AREA',4,4,'C.2.1',4,'{"key":false,"nullable":true,"rows":4}');
INSERT INTO FIELD_DEFINE(GROUP_ID, _ORDINAL) VALUES ('C.2.1-2',0);
-- C.3.1 分区规划
INSERT INTO FIELD_GROUP(GROUP_ID, NAME, TYPE, EDITOR_ORDINAL, DISPLAY_ORDINAL, DEFINE_ID,VIEW_ROW) VALUES ('C.3.1-1','卷页数','SIMPLE',1,1,'C.3.1',0);
INSERT INTO FIELD_DEFINE(GROUP_ID, _ORDINAL, _OPTION) VALUES ('C.3.1-1',0,'{"style": "col-lg-4 col-md-12","nullable":true,"key":false,"minLength":1, "maxLength":5 ,"label":"卷页数","controlType":"textbox"}');
INSERT INTO FIELD_DEFINE(GROUP_ID, _ORDINAL, _OPTION) VALUES ('C.3.1-1',2,'{"style": "col-lg-4 col-md-12","nullable":true,"key":true,"minLength":1, "maxLength":10 ,"label":"原档案位置","controlType":"textbox"}');
INSERT INTO FIELD_GROUP(GROUP_ID,NAME,TYPE,EDITOR_ORDINAL,DISPLAY_ORDINAL,DEFINE_ID,VIEW_ROW,_OPTION) VALUES('C.3.1-2','说明','TEXT_AREA',4,4,'C.3.1',4,'{"key":false,"nullable":true,"rows":4}');
INSERT INTO FIELD_DEFINE(GROUP_ID, _ORDINAL) VALUES ('C.3.1-2',0);
-- C.4.1 详细规划
INSERT INTO FIELD_GROUP(GROUP_ID, NAME, TYPE, EDITOR_ORDINAL, DISPLAY_ORDINAL, DEFINE_ID,VIEW_ROW) VALUES ('C.4.1-1','卷页数','SIMPLE',1,1,'C.4.1',0);
INSERT INTO FIELD_DEFINE(GROUP_ID, _ORDINAL, _OPTION) VALUES ('C.4.1-1',0,'{"style": "col-lg-4 col-md-12","nullable":true,"key":false,"minLength":1, "maxLength":5 ,"label":"卷页数","controlType":"textbox"}');
INSERT INTO FIELD_DEFINE(GROUP_ID, _ORDINAL, _OPTION) VALUES ('C.4.1-1',2,'{"style": "col-lg-4 col-md-12","nullable":true,"key":true,"minLength":1, "maxLength":10 ,"label":"原档案位置","controlType":"textbox"}');
INSERT INTO FIELD_GROUP(GROUP_ID,NAME,TYPE,EDITOR_ORDINAL,DISPLAY_ORDINAL,DEFINE_ID,VIEW_ROW,_OPTION) VALUES('C.4.1-2','说明','TEXT_AREA',4,4,'C.4.1',4,'{"key":false,"nullable":true,"rows":4}');
INSERT INTO FIELD_DEFINE(GROUP_ID, _ORDINAL) VALUES ('C.4.1-2',0);
-- C.5.1 县镇规划
INSERT INTO FIELD_GROUP(GROUP_ID, NAME, TYPE, EDITOR_ORDINAL, DISPLAY_ORDINAL, DEFINE_ID,VIEW_ROW) VALUES ('C.5.1-1','卷页数','SIMPLE',1,1,'C.5.1',0);
INSERT INTO FIELD_DEFINE(GROUP_ID, _ORDINAL, _OPTION) VALUES ('C.5.1-1',0,'{"style": "col-lg-4 col-md-12","nullable":true,"key":false,"minLength":1, "maxLength":5 ,"label":"卷页数","controlType":"textbox"}');
INSERT INTO FIELD_DEFINE(GROUP_ID, _ORDINAL, _OPTION) VALUES ('C.5.1-1',2,'{"style": "col-lg-4 col-md-12","nullable":true,"key":true,"minLength":1, "maxLength":10 ,"label":"原档案位置","controlType":"textbox"}');
INSERT INTO FIELD_GROUP(GROUP_ID,NAME,TYPE,EDITOR_ORDINAL,DISPLAY_ORDINAL,DEFINE_ID,VIEW_ROW,_OPTION) VALUES('C.5.1-2','说明','TEXT_AREA',4,4,'C.5.1',4,'{"key":false,"nullable":true,"rows":4}');
INSERT INTO FIELD_DEFINE(GROUP_ID, _ORDINAL) VALUES ('C.5.1-2',0);
-- C.6.1 规划基础材料
INSERT INTO FIELD_GROUP(GROUP_ID, NAME, TYPE, EDITOR_ORDINAL, DISPLAY_ORDINAL, DEFINE_ID,VIEW_ROW) VALUES ('C.6.1-1','卷页数','SIMPLE',1,1,'C.6.1',0);
INSERT INTO FIELD_DEFINE(GROUP_ID, _ORDINAL, _OPTION) VALUES ('C.6.1-1',0,'{"style": "col-lg-4 col-md-12","nullable":true,"key":false,"minLength":1, "maxLength":5 ,"label":"卷页数","controlType":"textbox"}');
INSERT INTO FIELD_DEFINE(GROUP_ID, _ORDINAL, _OPTION) VALUES ('C.6.1-1',2,'{"style": "col-lg-4 col-md-12","nullable":true,"key":true,"minLength":1, "maxLength":10 ,"label":"原档案位置","controlType":"textbox"}');
INSERT INTO FIELD_GROUP(GROUP_ID,NAME,TYPE,EDITOR_ORDINAL,DISPLAY_ORDINAL,DEFINE_ID,VIEW_ROW,_OPTION) VALUES('C.6.1-2','说明','TEXT_AREA',4,4,'C.6.1',4,'{"key":false,"nullable":true,"rows":4}');
INSERT INTO FIELD_DEFINE(GROUP_ID, _ORDINAL) VALUES ('C.6.1-2',0);

-- BUSINESS_DEFINE D,城市规划类
INSERT INTO BUSINESS_DEFINE(DEFINE_ID, NAME, CATEGORY_ID, _VERSION, PRIORITY, ENABLE, WF_VER,SUMMARY,DEFAULT_ROOM, DEFAULT_RACK) VALUES('D.1.1','土地管理/规划许可证','D',1,1,true,1,'送交单位:{.deliver} 案卷题名:{.projectName}','3','3-1');
INSERT INTO BUSINESS_DEFINE(DEFINE_ID, NAME, CATEGORY_ID, _VERSION, PRIORITY, ENABLE, WF_VER,SUMMARY,DEFAULT_ROOM, DEFAULT_RACK) VALUES('D.1.2','土地管理/施工许可证','D',1,2,true,1,'送交单位:{.deliver} 案卷题名:{.projectName}','3','3-1');
INSERT INTO BUSINESS_DEFINE(DEFINE_ID, NAME, CATEGORY_ID, _VERSION, PRIORITY, ENABLE, WF_VER,SUMMARY,DEFAULT_ROOM, DEFAULT_RACK) VALUES('D.2.1','建设用地规划管理/规划许可证','D',1,3,true,1,'送交单位:{.deliver} 案卷题名:{.projectName}','3','3-1');
INSERT INTO BUSINESS_DEFINE(DEFINE_ID, NAME, CATEGORY_ID, _VERSION, PRIORITY, ENABLE, WF_VER,SUMMARY,DEFAULT_ROOM, DEFAULT_RACK) VALUES('D.2.2','建设用地规划管理/施工许可证','D',1,4,true,1,'送交单位:{.deliver} 案卷题名:{.projectName}','3','3-1');
INSERT INTO BUSINESS_DEFINE(DEFINE_ID, NAME, CATEGORY_ID, _VERSION, PRIORITY, ENABLE, WF_VER,SUMMARY,DEFAULT_ROOM, DEFAULT_RACK) VALUES('D.2.3','建设用地规划管理/规划验收许可证','D',1,5,true,1,'送交单位:{.deliver} 案卷题名:{.projectName}','3','3-1');
INSERT INTO BUSINESS_DEFINE(DEFINE_ID, NAME, CATEGORY_ID, _VERSION, PRIORITY, ENABLE, WF_VER,SUMMARY,DEFAULT_ROOM, DEFAULT_RACK) VALUES('D.2.4','建设用地规划管理/建设用地选址许可证','D',1,6,true,1,'送交单位:{.deliver} 案卷题名:{.projectName}','3','3-1');
INSERT INTO BUSINESS_DEFINE(DEFINE_ID, NAME, CATEGORY_ID, _VERSION, PRIORITY, ENABLE, WF_VER,SUMMARY,DEFAULT_ROOM, DEFAULT_RACK) VALUES('D.2.5','建设用地规划管理/个人规划许可证','D',1,7,true,1,'送交单位:{.deliver} 案卷题名:{.projectName}','3','3-1');
INSERT INTO BUSINESS_DEFINE(DEFINE_ID, NAME, CATEGORY_ID, _VERSION, PRIORITY, ENABLE, WF_VER,SUMMARY,DEFAULT_ROOM, DEFAULT_RACK) VALUES('D.3.1','建筑工程管理','D',1,8,true,1,'送交单位:{.deliver} 案卷题名:{.projectName}','3','3-1');
INSERT INTO BUSINESS_DEFINE(DEFINE_ID, NAME, CATEGORY_ID, _VERSION, PRIORITY, ENABLE, WF_VER,SUMMARY,DEFAULT_ROOM, DEFAULT_RACK) VALUES('D.4.1','房地产管理','D',1,9,true,1,'送交单位:{.deliver} 案卷题名:{.projectName}','3','3-1');
INSERT INTO BUSINESS_DEFINE(DEFINE_ID, NAME, CATEGORY_ID, _VERSION, PRIORITY, ENABLE, WF_VER,SUMMARY,DEFAULT_ROOM, DEFAULT_RACK) VALUES('D.5.1','地名管理','D',1,10,true,1,'送交单位:{.deliver} 案卷题名:{.projectName}','3','3-1');

-- D.1.1 规划基础材料 土地管理/规划许可证
INSERT INTO FIELD_GROUP(GROUP_ID, NAME, TYPE, EDITOR_ORDINAL, DISPLAY_ORDINAL, DEFINE_ID,VIEW_ROW) VALUES ('D.1.1-1','卷页数','SIMPLE',1,1,'D.1.1',0);
INSERT INTO FIELD_DEFINE(GROUP_ID, _ORDINAL, _OPTION) VALUES ('D.1.1-1',0,'{"style": "col-lg-4 col-md-12","nullable":true,"key":false,"minLength":1, "maxLength":5 ,"label":"卷页数","controlType":"textbox"}');
INSERT INTO FIELD_DEFINE(GROUP_ID, _ORDINAL, _OPTION) VALUES ('D.1.1-1',1,'{"style": "col-lg-4 col-md-12","nullable":true,"key":true,"minLength":1, "maxLength":10 ,"label":"小区名称","controlType":"textbox"}');
INSERT INTO FIELD_DEFINE(GROUP_ID, _ORDINAL, _OPTION) VALUES ('D.1.1-1',2,'{"style": "col-lg-4 col-md-12","nullable":true,"key":true,"minLength":1, "maxLength":10 ,"label":"原档案位置","controlType":"textbox"}');
INSERT INTO FIELD_GROUP(GROUP_ID,NAME,TYPE,EDITOR_ORDINAL,DISPLAY_ORDINAL,DEFINE_ID,VIEW_ROW,_OPTION) VALUES('D.1.1-2','说明','TEXT_AREA',4,4,'D.1.1',4,'{"key":false,"nullable":true,"rows":4}');
INSERT INTO FIELD_DEFINE(GROUP_ID, _ORDINAL) VALUES ('D.1.1-2',0);
-- D.1.2 规划基础材料 土地管理/施工许可证
INSERT INTO FIELD_GROUP(GROUP_ID, NAME, TYPE, EDITOR_ORDINAL, DISPLAY_ORDINAL, DEFINE_ID,VIEW_ROW) VALUES ('D.1.2-1','卷页数','SIMPLE',1,1,'D.1.2',0);
INSERT INTO FIELD_DEFINE(GROUP_ID, _ORDINAL, _OPTION) VALUES ('D.1.2-1',0,'{"style": "col-lg-4 col-md-12","nullable":true,"key":false,"minLength":1, "maxLength":5 ,"label":"卷页数","controlType":"textbox"}');
INSERT INTO FIELD_DEFINE(GROUP_ID, _ORDINAL, _OPTION) VALUES ('D.1.2-1',1,'{"style": "col-lg-4 col-md-12","nullable":true,"key":true,"minLength":1, "maxLength":10 ,"label":"小区名称","controlType":"textbox"}');
INSERT INTO FIELD_DEFINE(GROUP_ID, _ORDINAL, _OPTION) VALUES ('D.1.2-1',2,'{"style": "col-lg-4 col-md-12","nullable":true,"key":true,"minLength":1, "maxLength":10 ,"label":"原档案位置","controlType":"textbox"}');
INSERT INTO FIELD_GROUP(GROUP_ID,NAME,TYPE,EDITOR_ORDINAL,DISPLAY_ORDINAL,DEFINE_ID,VIEW_ROW,_OPTION) VALUES('D.1.2-2','说明','TEXT_AREA',4,4,'D.1.2',4,'{"key":false,"nullable":true,"rows":4}');
INSERT INTO FIELD_DEFINE(GROUP_ID, _ORDINAL) VALUES ('D.1.2-2',0);
-- D.2.1 建设用地规划管理/规划许可证
INSERT INTO FIELD_GROUP(GROUP_ID, NAME, TYPE, EDITOR_ORDINAL, DISPLAY_ORDINAL, DEFINE_ID,VIEW_ROW) VALUES ('D.2.1-1','卷页数','SIMPLE',1,1,'D.2.1',0);
INSERT INTO FIELD_DEFINE(GROUP_ID, _ORDINAL, _OPTION) VALUES ('D.2.1-1',0,'{"style": "col-lg-4 col-md-12","nullable":true,"key":false,"minLength":1, "maxLength":5 ,"label":"卷页数","controlType":"textbox"}');
INSERT INTO FIELD_DEFINE(GROUP_ID, _ORDINAL, _OPTION) VALUES ('D.2.1-1',1,'{"style": "col-lg-4 col-md-12","nullable":true,"key":true,"minLength":1, "maxLength":10 ,"label":"小区名称","controlType":"textbox"}');
INSERT INTO FIELD_DEFINE(GROUP_ID, _ORDINAL, _OPTION) VALUES ('D.2.1-1',2,'{"style": "col-lg-4 col-md-12","nullable":true,"key":true,"minLength":1, "maxLength":10 ,"label":"原档案位置","controlType":"textbox"}');
INSERT INTO FIELD_GROUP(GROUP_ID,NAME,TYPE,EDITOR_ORDINAL,DISPLAY_ORDINAL,DEFINE_ID,VIEW_ROW,_OPTION) VALUES('D.2.1-2','说明','TEXT_AREA',4,4,'D.2.1',4,'{"key":false,"nullable":true,"rows":4}');
INSERT INTO FIELD_DEFINE(GROUP_ID, _ORDINAL) VALUES ('D.2.1-2',0);
-- D.2.2
INSERT INTO FIELD_GROUP(GROUP_ID, NAME, TYPE, EDITOR_ORDINAL, DISPLAY_ORDINAL, DEFINE_ID,VIEW_ROW) VALUES ('D.2.2-1','卷页数','SIMPLE',1,1,'D.2.2',0);
INSERT INTO FIELD_DEFINE(GROUP_ID, _ORDINAL, _OPTION) VALUES ('D.2.2-1',0,'{"style": "col-lg-4 col-md-12","nullable":true,"key":false,"minLength":1, "maxLength":5 ,"label":"卷页数","controlType":"textbox"}');
INSERT INTO FIELD_DEFINE(GROUP_ID, _ORDINAL, _OPTION) VALUES ('D.2.2-1',1,'{"style": "col-lg-4 col-md-12","nullable":true,"key":true,"minLength":1, "maxLength":10 ,"label":"小区名称","controlType":"textbox"}');
INSERT INTO FIELD_DEFINE(GROUP_ID, _ORDINAL, _OPTION) VALUES ('D.2.2-1',2,'{"style": "col-lg-4 col-md-12","nullable":true,"key":true,"minLength":1, "maxLength":10 ,"label":"原档案位置","controlType":"textbox"}');
INSERT INTO FIELD_GROUP(GROUP_ID,NAME,TYPE,EDITOR_ORDINAL,DISPLAY_ORDINAL,DEFINE_ID,VIEW_ROW,_OPTION) VALUES('D.2.2-2','说明','TEXT_AREA',4,4,'D.2.2',4,'{"key":false,"nullable":true,"rows":4}');
INSERT INTO FIELD_DEFINE(GROUP_ID, _ORDINAL) VALUES ('D.2.2-2',0);
-- D.2.3
INSERT INTO FIELD_GROUP(GROUP_ID, NAME, TYPE, EDITOR_ORDINAL, DISPLAY_ORDINAL, DEFINE_ID,VIEW_ROW) VALUES ('D.2.3-1','卷页数','SIMPLE',1,1,'D.2.3',0);
INSERT INTO FIELD_DEFINE(GROUP_ID, _ORDINAL, _OPTION) VALUES ('D.2.3-1',0,'{"style": "col-lg-4 col-md-12","nullable":true,"key":false,"minLength":1, "maxLength":5 ,"label":"卷页数","controlType":"textbox"}');
INSERT INTO FIELD_DEFINE(GROUP_ID, _ORDINAL, _OPTION) VALUES ('D.2.3-1',1,'{"style": "col-lg-4 col-md-12","nullable":true,"key":true,"minLength":1, "maxLength":10 ,"label":"小区名称","controlType":"textbox"}');
INSERT INTO FIELD_DEFINE(GROUP_ID, _ORDINAL, _OPTION) VALUES ('D.2.3-1',2,'{"style": "col-lg-4 col-md-12","nullable":true,"key":true,"minLength":1, "maxLength":10 ,"label":"原档案位置","controlType":"textbox"}');
INSERT INTO FIELD_GROUP(GROUP_ID,NAME,TYPE,EDITOR_ORDINAL,DISPLAY_ORDINAL,DEFINE_ID,VIEW_ROW,_OPTION) VALUES('D.2.3-2','说明','TEXT_AREA',4,4,'D.2.3',4,'{"key":false,"nullable":true,"rows":4}');
INSERT INTO FIELD_DEFINE(GROUP_ID, _ORDINAL) VALUES ('D.2.3-2',0);
-- D.2.4
INSERT INTO FIELD_GROUP(GROUP_ID, NAME, TYPE, EDITOR_ORDINAL, DISPLAY_ORDINAL, DEFINE_ID,VIEW_ROW) VALUES ('D.2.4-1','卷页数','SIMPLE',1,1,'D.2.4',0);
INSERT INTO FIELD_DEFINE(GROUP_ID, _ORDINAL, _OPTION) VALUES ('D.2.4-1',0,'{"style": "col-lg-4 col-md-12","nullable":true,"key":false,"minLength":1, "maxLength":5 ,"label":"卷页数","controlType":"textbox"}');
INSERT INTO FIELD_DEFINE(GROUP_ID, _ORDINAL, _OPTION) VALUES ('D.2.4-1',1,'{"style": "col-lg-4 col-md-12","nullable":true,"key":true,"minLength":1, "maxLength":10 ,"label":"小区名称","controlType":"textbox"}');
INSERT INTO FIELD_DEFINE(GROUP_ID, _ORDINAL, _OPTION) VALUES ('D.2.4-1',2,'{"style": "col-lg-4 col-md-12","nullable":true,"key":true,"minLength":1, "maxLength":10 ,"label":"原档案位置","controlType":"textbox"}');
INSERT INTO FIELD_GROUP(GROUP_ID,NAME,TYPE,EDITOR_ORDINAL,DISPLAY_ORDINAL,DEFINE_ID,VIEW_ROW,_OPTION) VALUES('D.2.4-2','说明','TEXT_AREA',4,4,'D.2.4',4,'{"key":false,"nullable":true,"rows":4}');
INSERT INTO FIELD_DEFINE(GROUP_ID, _ORDINAL) VALUES ('D.2.4-2',0);
-- D.2.5
INSERT INTO FIELD_GROUP(GROUP_ID, NAME, TYPE, EDITOR_ORDINAL, DISPLAY_ORDINAL, DEFINE_ID,VIEW_ROW) VALUES ('D.2.5-1','卷页数','SIMPLE',1,1,'D.2.5',0);
INSERT INTO FIELD_DEFINE(GROUP_ID, _ORDINAL, _OPTION) VALUES ('D.2.5-1',0,'{"style": "col-lg-4 col-md-12","nullable":true,"key":false,"minLength":1, "maxLength":5 ,"label":"卷页数","controlType":"textbox"}');
INSERT INTO FIELD_DEFINE(GROUP_ID, _ORDINAL, _OPTION) VALUES ('D.2.5-1',1,'{"style": "col-lg-4 col-md-12","nullable":true,"key":true,"minLength":1, "maxLength":10 ,"label":"小区名称","controlType":"textbox"}');
INSERT INTO FIELD_DEFINE(GROUP_ID, _ORDINAL, _OPTION) VALUES ('D.2.5-1',2,'{"style": "col-lg-4 col-md-12","nullable":true,"key":true,"minLength":1, "maxLength":10 ,"label":"原档案位置","controlType":"textbox"}');
INSERT INTO FIELD_GROUP(GROUP_ID,NAME,TYPE,EDITOR_ORDINAL,DISPLAY_ORDINAL,DEFINE_ID,VIEW_ROW,_OPTION) VALUES('D.2.5-2','说明','TEXT_AREA',4,4,'D.2.5',4,'{"key":false,"nullable":true,"rows":4}');
INSERT INTO FIELD_DEFINE(GROUP_ID, _ORDINAL) VALUES ('D.2.5-2',0);
-- D.3.1
INSERT INTO FIELD_GROUP(GROUP_ID, NAME, TYPE, EDITOR_ORDINAL, DISPLAY_ORDINAL, DEFINE_ID,VIEW_ROW) VALUES ('D.3.1-1','卷页数','SIMPLE',1,1,'D.3.1',0);
INSERT INTO FIELD_DEFINE(GROUP_ID, _ORDINAL, _OPTION) VALUES ('D.3.1-1',0,'{"style": "col-lg-4 col-md-12","nullable":true,"key":false,"minLength":1, "maxLength":5 ,"label":"卷页数","controlType":"textbox"}');
INSERT INTO FIELD_DEFINE(GROUP_ID, _ORDINAL, _OPTION) VALUES ('D.3.1-1',1,'{"style": "col-lg-4 col-md-12","nullable":true,"key":true,"minLength":1, "maxLength":10 ,"label":"小区名称","controlType":"textbox"}');
INSERT INTO FIELD_DEFINE(GROUP_ID, _ORDINAL, _OPTION) VALUES ('D.3.1-1',2,'{"style": "col-lg-4 col-md-12","nullable":true,"key":true,"minLength":1, "maxLength":10 ,"label":"原档案位置","controlType":"textbox"}');
INSERT INTO FIELD_GROUP(GROUP_ID,NAME,TYPE,EDITOR_ORDINAL,DISPLAY_ORDINAL,DEFINE_ID,VIEW_ROW,_OPTION) VALUES('D.3.1-2','说明','TEXT_AREA',4,4,'D.3.1',4,'{"key":false,"nullable":true,"rows":4}');
INSERT INTO FIELD_DEFINE(GROUP_ID, _ORDINAL) VALUES ('D.3.1-2',0);
-- D.4.1
INSERT INTO FIELD_GROUP(GROUP_ID, NAME, TYPE, EDITOR_ORDINAL, DISPLAY_ORDINAL, DEFINE_ID,VIEW_ROW) VALUES ('D.4.1-1','卷页数','SIMPLE',1,1,'D.4.1',0);
INSERT INTO FIELD_DEFINE(GROUP_ID, _ORDINAL, _OPTION) VALUES ('D.4.1-1',0,'{"style": "col-lg-4 col-md-12","nullable":true,"key":false,"minLength":1, "maxLength":5 ,"label":"卷页数","controlType":"textbox"}');
INSERT INTO FIELD_DEFINE(GROUP_ID, _ORDINAL, _OPTION) VALUES ('D.4.1-1',1,'{"style": "col-lg-4 col-md-12","nullable":true,"key":true,"minLength":1, "maxLength":10 ,"label":"小区名称","controlType":"textbox"}');
INSERT INTO FIELD_DEFINE(GROUP_ID, _ORDINAL, _OPTION) VALUES ('D.4.1-1',2,'{"style": "col-lg-4 col-md-12","nullable":true,"key":true,"minLength":1, "maxLength":10 ,"label":"原档案位置","controlType":"textbox"}');
INSERT INTO FIELD_GROUP(GROUP_ID,NAME,TYPE,EDITOR_ORDINAL,DISPLAY_ORDINAL,DEFINE_ID,VIEW_ROW,_OPTION) VALUES('D.4.1-2','说明','TEXT_AREA',4,4,'D.4.1',4,'{"key":false,"nullable":true,"rows":4}');
INSERT INTO FIELD_DEFINE(GROUP_ID, _ORDINAL) VALUES ('D.4.1-2',0);
-- D.5.1
INSERT INTO FIELD_GROUP(GROUP_ID, NAME, TYPE, EDITOR_ORDINAL, DISPLAY_ORDINAL, DEFINE_ID,VIEW_ROW) VALUES ('D.5.1-1','卷页数','SIMPLE',1,1,'D.5.1',0);
INSERT INTO FIELD_DEFINE(GROUP_ID, _ORDINAL, _OPTION) VALUES ('D.5.1-1',0,'{"style": "col-lg-4 col-md-12","nullable":true,"key":false,"minLength":1, "maxLength":5 ,"label":"卷页数","controlType":"textbox"}');
INSERT INTO FIELD_DEFINE(GROUP_ID, _ORDINAL, _OPTION) VALUES ('D.5.1-1',1,'{"style": "col-lg-4 col-md-12","nullable":true,"key":true,"minLength":1, "maxLength":10 ,"label":"小区名称","controlType":"textbox"}');
INSERT INTO FIELD_DEFINE(GROUP_ID, _ORDINAL, _OPTION) VALUES ('D.5.1-1',2,'{"style": "col-lg-4 col-md-12","nullable":true,"key":true,"minLength":1, "maxLength":10 ,"label":"原档案位置","controlType":"textbox"}');
INSERT INTO FIELD_GROUP(GROUP_ID,NAME,TYPE,EDITOR_ORDINAL,DISPLAY_ORDINAL,DEFINE_ID,VIEW_ROW,_OPTION) VALUES('D.5.1-2','说明','TEXT_AREA',4,4,'D.5.1',4,'{"key":false,"nullable":true,"rows":4}');
INSERT INTO FIELD_DEFINE(GROUP_ID, _ORDINAL) VALUES ('D.5.1-2',0);

-- BUSINESS_DEFINE E 市政工程类
INSERT INTO BUSINESS_DEFINE(DEFINE_ID, NAME, CATEGORY_ID, _VERSION, PRIORITY, ENABLE, WF_VER,SUMMARY,DEFAULT_ROOM, DEFAULT_RACK) VALUES('E.1.1','道路、广场','E',1,1,true,1,'送交单位:{.deliver} 案卷题名:{.projectName}','3','3-1');
INSERT INTO BUSINESS_DEFINE(DEFINE_ID, NAME, CATEGORY_ID, _VERSION, PRIORITY, ENABLE, WF_VER,SUMMARY,DEFAULT_ROOM, DEFAULT_RACK) VALUES('E.2.1','桥梁','E',1,2,true,1,'送交单位:{.deliver} 案卷题名:{.projectName}','3','3-1');
INSERT INTO BUSINESS_DEFINE(DEFINE_ID, NAME, CATEGORY_ID, _VERSION, PRIORITY, ENABLE, WF_VER,SUMMARY,DEFAULT_ROOM, DEFAULT_RACK) VALUES('E.3.1','涵洞','E',1,3,true,1,'送交单位:{.deliver} 案卷题名:{.projectName}','3','3-1');
INSERT INTO BUSINESS_DEFINE(DEFINE_ID, NAME, CATEGORY_ID, _VERSION, PRIORITY, ENABLE, WF_VER,SUMMARY,DEFAULT_ROOM, DEFAULT_RACK) VALUES('E.4.1','隧道','E',1,4,true,1,'送交单位:{.deliver} 案卷题名:{.projectName}','3','3-1');
INSERT INTO BUSINESS_DEFINE(DEFINE_ID, NAME, CATEGORY_ID, _VERSION, PRIORITY, ENABLE, WF_VER,SUMMARY,DEFAULT_ROOM, DEFAULT_RACK) VALUES('E.5.1','排水','E',1,5,true,1,'送交单位:{.deliver} 案卷题名:{.projectName}','3','3-1');
INSERT INTO BUSINESS_DEFINE(DEFINE_ID, NAME, CATEGORY_ID, _VERSION, PRIORITY, ENABLE, WF_VER,SUMMARY,DEFAULT_ROOM, DEFAULT_RACK) VALUES('E.6.1','环境卫生','E',1,6,true,1,'送交单位:{.deliver} 案卷题名:{.projectName}','3','3-1');
-- E.1.1
INSERT INTO FIELD_GROUP(GROUP_ID, NAME, TYPE, EDITOR_ORDINAL, DISPLAY_ORDINAL, DEFINE_ID,VIEW_ROW) VALUES ('E.1.1-1','卷页数','SIMPLE',1,1,'E.1.1',0);
INSERT INTO FIELD_DEFINE(GROUP_ID, _ORDINAL, _OPTION) VALUES ('E.1.1-1',0,'{"style": "col-lg-4 col-md-12","nullable":true,"key":false,"minLength":1, "maxLength":5 ,"label":"卷页数","controlType":"textbox"}');
INSERT INTO FIELD_DEFINE(GROUP_ID, _ORDINAL, _OPTION) VALUES ('E.1.1-1',2,'{"style": "col-lg-4 col-md-12","nullable":true,"key":true,"minLength":1, "maxLength":10 ,"label":"原档案位置","controlType":"textbox"}');
INSERT INTO FIELD_GROUP(GROUP_ID,NAME,TYPE,EDITOR_ORDINAL,DISPLAY_ORDINAL,DEFINE_ID,VIEW_ROW,_OPTION) VALUES('E.1.1-2','说明','TEXT_AREA',4,4,'E.1.1',4,'{"key":false,"nullable":true,"rows":4}');
INSERT INTO FIELD_DEFINE(GROUP_ID, _ORDINAL) VALUES ('E.1.1-2',0);
-- E.2.1
INSERT INTO FIELD_GROUP(GROUP_ID, NAME, TYPE, EDITOR_ORDINAL, DISPLAY_ORDINAL, DEFINE_ID,VIEW_ROW) VALUES ('E.2.1-1','卷页数','SIMPLE',1,1,'E.2.1',0);
INSERT INTO FIELD_DEFINE(GROUP_ID, _ORDINAL, _OPTION) VALUES ('E.2.1-1',0,'{"style": "col-lg-4 col-md-12","nullable":true,"key":false,"minLength":1, "maxLength":5 ,"label":"卷页数","controlType":"textbox"}');
INSERT INTO FIELD_DEFINE(GROUP_ID, _ORDINAL, _OPTION) VALUES ('E.2.1-1',2,'{"style": "col-lg-4 col-md-12","nullable":true,"key":true,"minLength":1, "maxLength":10 ,"label":"原档案位置","controlType":"textbox"}');
INSERT INTO FIELD_GROUP(GROUP_ID,NAME,TYPE,EDITOR_ORDINAL,DISPLAY_ORDINAL,DEFINE_ID,VIEW_ROW,_OPTION) VALUES('E.2.1-2','说明','TEXT_AREA',4,4,'E.2.1',4,'{"key":false,"nullable":true,"rows":4}');
INSERT INTO FIELD_DEFINE(GROUP_ID, _ORDINAL) VALUES ('E.2.1-2',0);
-- E.3.1
INSERT INTO FIELD_GROUP(GROUP_ID, NAME, TYPE, EDITOR_ORDINAL, DISPLAY_ORDINAL, DEFINE_ID,VIEW_ROW) VALUES ('E.3.1-1','卷页数','SIMPLE',1,1,'E.3.1',0);
INSERT INTO FIELD_DEFINE(GROUP_ID, _ORDINAL, _OPTION) VALUES ('E.3.1-1',0,'{"style": "col-lg-4 col-md-12","nullable":true,"key":false,"minLength":1, "maxLength":5 ,"label":"卷页数","controlType":"textbox"}');
INSERT INTO FIELD_DEFINE(GROUP_ID, _ORDINAL, _OPTION) VALUES ('E.3.1-1',2,'{"style": "col-lg-4 col-md-12","nullable":true,"key":true,"minLength":1, "maxLength":10 ,"label":"原档案位置","controlType":"textbox"}');
INSERT INTO FIELD_GROUP(GROUP_ID,NAME,TYPE,EDITOR_ORDINAL,DISPLAY_ORDINAL,DEFINE_ID,VIEW_ROW,_OPTION) VALUES('E.3.1-2','说明','TEXT_AREA',4,4,'E.3.1',4,'{"key":false,"nullable":true,"rows":4}');
INSERT INTO FIELD_DEFINE(GROUP_ID, _ORDINAL) VALUES ('E.3.1-2',0);
-- E.4.1
INSERT INTO FIELD_GROUP(GROUP_ID, NAME, TYPE, EDITOR_ORDINAL, DISPLAY_ORDINAL, DEFINE_ID,VIEW_ROW) VALUES ('E.4.1-1','卷页数','SIMPLE',1,1,'E.4.1',0);
INSERT INTO FIELD_DEFINE(GROUP_ID, _ORDINAL, _OPTION) VALUES ('E.4.1-1',0,'{"style": "col-lg-4 col-md-12","nullable":true,"key":false,"minLength":1, "maxLength":5 ,"label":"卷页数","controlType":"textbox"}');
INSERT INTO FIELD_DEFINE(GROUP_ID, _ORDINAL, _OPTION) VALUES ('E.4.1-1',2,'{"style": "col-lg-4 col-md-12","nullable":true,"key":true,"minLength":1, "maxLength":10 ,"label":"原档案位置","controlType":"textbox"}');
INSERT INTO FIELD_GROUP(GROUP_ID,NAME,TYPE,EDITOR_ORDINAL,DISPLAY_ORDINAL,DEFINE_ID,VIEW_ROW,_OPTION) VALUES('E.4.1-2','说明','TEXT_AREA',4,4,'E.4.1',4,'{"key":false,"nullable":true,"rows":4}');
INSERT INTO FIELD_DEFINE(GROUP_ID, _ORDINAL) VALUES ('E.4.1-2',0);
-- E.5.1
INSERT INTO FIELD_GROUP(GROUP_ID, NAME, TYPE, EDITOR_ORDINAL, DISPLAY_ORDINAL, DEFINE_ID,VIEW_ROW) VALUES ('E.5.1-1','卷页数','SIMPLE',1,1,'E.5.1',0);
INSERT INTO FIELD_DEFINE(GROUP_ID, _ORDINAL, _OPTION) VALUES ('E.5.1-1',0,'{"style": "col-lg-4 col-md-12","nullable":true,"key":false,"minLength":1, "maxLength":5 ,"label":"卷页数","controlType":"textbox"}');
INSERT INTO FIELD_DEFINE(GROUP_ID, _ORDINAL, _OPTION) VALUES ('E.5.1-1',2,'{"style": "col-lg-4 col-md-12","nullable":true,"key":true,"minLength":1, "maxLength":10 ,"label":"原档案位置","controlType":"textbox"}');
INSERT INTO FIELD_GROUP(GROUP_ID,NAME,TYPE,EDITOR_ORDINAL,DISPLAY_ORDINAL,DEFINE_ID,VIEW_ROW,_OPTION) VALUES('E.5.1-2','说明','TEXT_AREA',4,4,'E.5.1',4,'{"key":false,"nullable":true,"rows":4}');
INSERT INTO FIELD_DEFINE(GROUP_ID, _ORDINAL) VALUES ('E.5.1-2',0);
-- E.6.1
INSERT INTO FIELD_GROUP(GROUP_ID, NAME, TYPE, EDITOR_ORDINAL, DISPLAY_ORDINAL, DEFINE_ID,VIEW_ROW) VALUES ('E.6.1-1','卷页数','SIMPLE',1,1,'E.6.1',0);
INSERT INTO FIELD_DEFINE(GROUP_ID, _ORDINAL, _OPTION) VALUES ('E.6.1-1',0,'{"style": "col-lg-4 col-md-12","nullable":true,"key":false,"minLength":1, "maxLength":5 ,"label":"卷页数","controlType":"textbox"}');
INSERT INTO FIELD_DEFINE(GROUP_ID, _ORDINAL, _OPTION) VALUES ('E.6.1-1',2,'{"style": "col-lg-4 col-md-12","nullable":true,"key":true,"minLength":1, "maxLength":10 ,"label":"原档案位置","controlType":"textbox"}');
INSERT INTO FIELD_GROUP(GROUP_ID,NAME,TYPE,EDITOR_ORDINAL,DISPLAY_ORDINAL,DEFINE_ID,VIEW_ROW,_OPTION) VALUES('E.6.1-2','说明','TEXT_AREA',4,4,'E.6.1',4,'{"key":false,"nullable":true,"rows":4}');
INSERT INTO FIELD_DEFINE(GROUP_ID, _ORDINAL) VALUES ('E.6.1-2',0);

-- BUSINESS_DEFINE F,公用设施类
INSERT INTO BUSINESS_DEFINE(DEFINE_ID, NAME, CATEGORY_ID, _VERSION, PRIORITY, ENABLE, WF_VER,SUMMARY,DEFAULT_ROOM, DEFAULT_RACK) VALUES('F.1.1','给水','F',1,1,true,1,'送交单位:{.deliver} 案卷题名:{.projectName}','3','3-1');
INSERT INTO BUSINESS_DEFINE(DEFINE_ID, NAME, CATEGORY_ID, _VERSION, PRIORITY, ENABLE, WF_VER,SUMMARY,DEFAULT_ROOM, DEFAULT_RACK) VALUES('F.2.1','排水','F',1,2,true,1,'送交单位:{.deliver} 案卷题名:{.projectName}','3','3-1');
INSERT INTO BUSINESS_DEFINE(DEFINE_ID, NAME, CATEGORY_ID, _VERSION, PRIORITY, ENABLE, WF_VER,SUMMARY,DEFAULT_ROOM, DEFAULT_RACK) VALUES('F.3.1','供热','F',1,3,true,1,'送交单位:{.deliver} 案卷题名:{.projectName}','3','3-1');
INSERT INTO BUSINESS_DEFINE(DEFINE_ID, NAME, CATEGORY_ID, _VERSION, PRIORITY, ENABLE, WF_VER,SUMMARY,DEFAULT_ROOM, DEFAULT_RACK) VALUES('F.4.1','电力','F',1,4,true,1,'送交单位:{.deliver} 案卷题名:{.projectName}','3','3-1');
INSERT INTO BUSINESS_DEFINE(DEFINE_ID, NAME, CATEGORY_ID, _VERSION, PRIORITY, ENABLE, WF_VER,SUMMARY,DEFAULT_ROOM, DEFAULT_RACK) VALUES('F.5.1','电信','F',1,5,true,1,'送交单位:{.deliver} 案卷题名:{.projectName}','3','3-1');
INSERT INTO BUSINESS_DEFINE(DEFINE_ID, NAME, CATEGORY_ID, _VERSION, PRIORITY, ENABLE, WF_VER,SUMMARY,DEFAULT_ROOM, DEFAULT_RACK) VALUES('F.6.1','燃气','F',1,6,true,1,'送交单位:{.deliver} 案卷题名:{.projectName}','3','3-1');
INSERT INTO BUSINESS_DEFINE(DEFINE_ID, NAME, CATEGORY_ID, _VERSION, PRIORITY, ENABLE, WF_VER,SUMMARY,DEFAULT_ROOM, DEFAULT_RACK) VALUES('F.7.1','人防','F',1,7,true,1,'送交单位:{.deliver} 案卷题名:{.projectName}','3','3-1');
INSERT INTO BUSINESS_DEFINE(DEFINE_ID, NAME, CATEGORY_ID, _VERSION, PRIORITY, ENABLE, WF_VER,SUMMARY,DEFAULT_ROOM, DEFAULT_RACK) VALUES('F.8.1','消防','F',1,8,true,1,'送交单位:{.deliver} 案卷题名:{.projectName}','3','3-1');
INSERT INTO BUSINESS_DEFINE(DEFINE_ID, NAME, CATEGORY_ID, _VERSION, PRIORITY, ENABLE, WF_VER,SUMMARY,DEFAULT_ROOM, DEFAULT_RACK) VALUES('F.9.1','地铁','F',1,9,true,1,'送交单位:{.deliver} 案卷题名:{.projectName}','3','3-1');
INSERT INTO BUSINESS_DEFINE(DEFINE_ID, NAME, CATEGORY_ID, _VERSION, PRIORITY, ENABLE, WF_VER,SUMMARY,DEFAULT_ROOM, DEFAULT_RACK) VALUES('F.10.1','工业','F',1,10,true,1,'送交单位:{.deliver} 案卷题名:{.projectName}','3','3-1');
-- F.1.1
INSERT INTO FIELD_GROUP(GROUP_ID, NAME, TYPE, EDITOR_ORDINAL, DISPLAY_ORDINAL, DEFINE_ID,VIEW_ROW) VALUES ('F.1.1-1','卷页数','SIMPLE',1,1,'F.1.1',0);
INSERT INTO FIELD_DEFINE(GROUP_ID, _ORDINAL, _OPTION) VALUES ('F.1.1-1',0,'{"style": "col-lg-4 col-md-12","nullable":true,"key":false,"minLength":1, "maxLength":5 ,"label":"卷页数","controlType":"textbox"}');
INSERT INTO FIELD_DEFINE(GROUP_ID, _ORDINAL, _OPTION) VALUES ('F.1.1-1',2,'{"style": "col-lg-4 col-md-12","nullable":true,"key":true,"minLength":1, "maxLength":10 ,"label":"原档案位置","controlType":"textbox"}');
INSERT INTO FIELD_GROUP(GROUP_ID,NAME,TYPE,EDITOR_ORDINAL,DISPLAY_ORDINAL,DEFINE_ID,VIEW_ROW,_OPTION) VALUES('F.1.1-2','说明','TEXT_AREA',4,4,'F.1.1',4,'{"key":false,"nullable":true,"rows":4}');
INSERT INTO FIELD_DEFINE(GROUP_ID, _ORDINAL) VALUES ('F.1.1-2',0);
-- F.2.1
INSERT INTO FIELD_GROUP(GROUP_ID, NAME, TYPE, EDITOR_ORDINAL, DISPLAY_ORDINAL, DEFINE_ID,VIEW_ROW) VALUES ('F.2.1-1','卷页数','SIMPLE',1,1,'F.2.1',0);
INSERT INTO FIELD_DEFINE(GROUP_ID, _ORDINAL, _OPTION) VALUES ('F.2.1-1',0,'{"style": "col-lg-4 col-md-12","nullable":true,"key":false,"minLength":1, "maxLength":5 ,"label":"卷页数","controlType":"textbox"}');
INSERT INTO FIELD_DEFINE(GROUP_ID, _ORDINAL, _OPTION) VALUES ('F.2.1-1',2,'{"style": "col-lg-4 col-md-12","nullable":true,"key":true,"minLength":1, "maxLength":10 ,"label":"原档案位置","controlType":"textbox"}');
INSERT INTO FIELD_GROUP(GROUP_ID,NAME,TYPE,EDITOR_ORDINAL,DISPLAY_ORDINAL,DEFINE_ID,VIEW_ROW,_OPTION) VALUES('F.2.1-2','说明','TEXT_AREA',4,4,'F.2.1',4,'{"key":false,"nullable":true,"rows":4}');
INSERT INTO FIELD_DEFINE(GROUP_ID, _ORDINAL) VALUES ('F.2.1-2',0);
-- F.3.1
INSERT INTO FIELD_GROUP(GROUP_ID, NAME, TYPE, EDITOR_ORDINAL, DISPLAY_ORDINAL, DEFINE_ID,VIEW_ROW) VALUES ('F.3.1-1','卷页数','SIMPLE',1,1,'F.3.1',0);
INSERT INTO FIELD_DEFINE(GROUP_ID, _ORDINAL, _OPTION) VALUES ('F.3.1-1',0,'{"style": "col-lg-4 col-md-12","nullable":true,"key":false,"minLength":1, "maxLength":5 ,"label":"卷页数","controlType":"textbox"}');
INSERT INTO FIELD_DEFINE(GROUP_ID, _ORDINAL, _OPTION) VALUES ('F.3.1-1',2,'{"style": "col-lg-4 col-md-12","nullable":true,"key":true,"minLength":1, "maxLength":10 ,"label":"原档案位置","controlType":"textbox"}');
INSERT INTO FIELD_GROUP(GROUP_ID,NAME,TYPE,EDITOR_ORDINAL,DISPLAY_ORDINAL,DEFINE_ID,VIEW_ROW,_OPTION) VALUES('F.3.1-2','说明','TEXT_AREA',4,4,'F.3.1',4,'{"key":false,"nullable":true,"rows":4}');
INSERT INTO FIELD_DEFINE(GROUP_ID, _ORDINAL) VALUES ('F.3.1-2',0);
-- F.4.1
INSERT INTO FIELD_GROUP(GROUP_ID, NAME, TYPE, EDITOR_ORDINAL, DISPLAY_ORDINAL, DEFINE_ID,VIEW_ROW) VALUES ('F.4.1-1','卷页数','SIMPLE',1,1,'F.4.1',0);
INSERT INTO FIELD_DEFINE(GROUP_ID, _ORDINAL, _OPTION) VALUES ('F.4.1-1',0,'{"style": "col-lg-4 col-md-12","nullable":true,"key":false,"minLength":1, "maxLength":5 ,"label":"卷页数","controlType":"textbox"}');
INSERT INTO FIELD_DEFINE(GROUP_ID, _ORDINAL, _OPTION) VALUES ('F.4.1-1',2,'{"style": "col-lg-4 col-md-12","nullable":true,"key":true,"minLength":1, "maxLength":10 ,"label":"原档案位置","controlType":"textbox"}');
INSERT INTO FIELD_GROUP(GROUP_ID,NAME,TYPE,EDITOR_ORDINAL,DISPLAY_ORDINAL,DEFINE_ID,VIEW_ROW,_OPTION) VALUES('F.4.1-2','说明','TEXT_AREA',4,4,'F.4.1',4,'{"key":false,"nullable":true,"rows":4}');
INSERT INTO FIELD_DEFINE(GROUP_ID, _ORDINAL) VALUES ('F.4.1-2',0);
-- F.5.1
INSERT INTO FIELD_GROUP(GROUP_ID, NAME, TYPE, EDITOR_ORDINAL, DISPLAY_ORDINAL, DEFINE_ID,VIEW_ROW) VALUES ('F.5.1-1','卷页数','SIMPLE',1,1,'F.5.1',0);
INSERT INTO FIELD_DEFINE(GROUP_ID, _ORDINAL, _OPTION) VALUES ('F.5.1-1',0,'{"style": "col-lg-4 col-md-12","nullable":true,"key":false,"minLength":1, "maxLength":5 ,"label":"卷页数","controlType":"textbox"}');
INSERT INTO FIELD_DEFINE(GROUP_ID, _ORDINAL, _OPTION) VALUES ('F.5.1-1',2,'{"style": "col-lg-4 col-md-12","nullable":true,"key":true,"minLength":1, "maxLength":10 ,"label":"原档案位置","controlType":"textbox"}');
INSERT INTO FIELD_GROUP(GROUP_ID,NAME,TYPE,EDITOR_ORDINAL,DISPLAY_ORDINAL,DEFINE_ID,VIEW_ROW,_OPTION) VALUES('F.5.1-2','说明','TEXT_AREA',4,4,'F.5.1',4,'{"key":false,"nullable":true,"rows":4}');
INSERT INTO FIELD_DEFINE(GROUP_ID, _ORDINAL) VALUES ('F.5.1-2',0);
-- F.6.1
INSERT INTO FIELD_GROUP(GROUP_ID, NAME, TYPE, EDITOR_ORDINAL, DISPLAY_ORDINAL, DEFINE_ID,VIEW_ROW) VALUES ('F.6.1-1','卷页数','SIMPLE',1,1,'F.6.1',0);
INSERT INTO FIELD_DEFINE(GROUP_ID, _ORDINAL, _OPTION) VALUES ('F.6.1-1',0,'{"style": "col-lg-4 col-md-12","nullable":true,"key":false,"minLength":1, "maxLength":5 ,"label":"卷页数","controlType":"textbox"}');
INSERT INTO FIELD_DEFINE(GROUP_ID, _ORDINAL, _OPTION) VALUES ('F.6.1-1',2,'{"style": "col-lg-4 col-md-12","nullable":true,"key":true,"minLength":1, "maxLength":10 ,"label":"原档案位置","controlType":"textbox"}');
INSERT INTO FIELD_GROUP(GROUP_ID,NAME,TYPE,EDITOR_ORDINAL,DISPLAY_ORDINAL,DEFINE_ID,VIEW_ROW,_OPTION) VALUES('F.6.1-2','说明','TEXT_AREA',4,4,'F.6.1',4,'{"key":false,"nullable":true,"rows":4}');
INSERT INTO FIELD_DEFINE(GROUP_ID, _ORDINAL) VALUES ('F.6.1-2',0);
-- F.7.1
INSERT INTO FIELD_GROUP(GROUP_ID, NAME, TYPE, EDITOR_ORDINAL, DISPLAY_ORDINAL, DEFINE_ID,VIEW_ROW) VALUES ('F.7.1-1','卷页数','SIMPLE',1,1,'F.7.1',0);
INSERT INTO FIELD_DEFINE(GROUP_ID, _ORDINAL, _OPTION) VALUES ('F.7.1-1',0,'{"style": "col-lg-4 col-md-12","nullable":true,"key":false,"minLength":1, "maxLength":5 ,"label":"卷页数","controlType":"textbox"}');
INSERT INTO FIELD_DEFINE(GROUP_ID, _ORDINAL, _OPTION) VALUES ('F.7.1-1',2,'{"style": "col-lg-4 col-md-12","nullable":true,"key":true,"minLength":1, "maxLength":10 ,"label":"原档案位置","controlType":"textbox"}');
INSERT INTO FIELD_GROUP(GROUP_ID,NAME,TYPE,EDITOR_ORDINAL,DISPLAY_ORDINAL,DEFINE_ID,VIEW_ROW,_OPTION) VALUES('F.7.1-2','说明','TEXT_AREA',4,4,'F.7.1',4,'{"key":false,"nullable":true,"rows":4}');
INSERT INTO FIELD_DEFINE(GROUP_ID, _ORDINAL) VALUES ('F.7.1-2',0);
-- F.8.1
INSERT INTO FIELD_GROUP(GROUP_ID, NAME, TYPE, EDITOR_ORDINAL, DISPLAY_ORDINAL, DEFINE_ID,VIEW_ROW) VALUES ('F.8.1-1','卷页数','SIMPLE',1,1,'F.8.1',0);
INSERT INTO FIELD_DEFINE(GROUP_ID, _ORDINAL, _OPTION) VALUES ('F.8.1-1',0,'{"style": "col-lg-4 col-md-12","nullable":true,"key":false,"minLength":1, "maxLength":5 ,"label":"卷页数","controlType":"textbox"}');
INSERT INTO FIELD_DEFINE(GROUP_ID, _ORDINAL, _OPTION) VALUES ('F.8.1-1',2,'{"style": "col-lg-4 col-md-12","nullable":true,"key":true,"minLength":1, "maxLength":10 ,"label":"原档案位置","controlType":"textbox"}');
INSERT INTO FIELD_GROUP(GROUP_ID,NAME,TYPE,EDITOR_ORDINAL,DISPLAY_ORDINAL,DEFINE_ID,VIEW_ROW,_OPTION) VALUES('F.8.1-2','说明','TEXT_AREA',4,4,'F.8.1',4,'{"key":false,"nullable":true,"rows":4}');
INSERT INTO FIELD_DEFINE(GROUP_ID, _ORDINAL) VALUES ('F.8.1-2',0);
-- F.9.1
INSERT INTO FIELD_GROUP(GROUP_ID, NAME, TYPE, EDITOR_ORDINAL, DISPLAY_ORDINAL, DEFINE_ID,VIEW_ROW) VALUES ('F.9.1-1','卷页数','SIMPLE',1,1,'F.9.1',0);
INSERT INTO FIELD_DEFINE(GROUP_ID, _ORDINAL, _OPTION) VALUES ('F.9.1-1',0,'{"style": "col-lg-4 col-md-12","nullable":true,"key":false,"minLength":1, "maxLength":5 ,"label":"卷页数","controlType":"textbox"}');
INSERT INTO FIELD_DEFINE(GROUP_ID, _ORDINAL, _OPTION) VALUES ('F.9.1-1',2,'{"style": "col-lg-4 col-md-12","nullable":true,"key":true,"minLength":1, "maxLength":10 ,"label":"原档案位置","controlType":"textbox"}');
INSERT INTO FIELD_GROUP(GROUP_ID,NAME,TYPE,EDITOR_ORDINAL,DISPLAY_ORDINAL,DEFINE_ID,VIEW_ROW,_OPTION) VALUES('F.9.1-2','说明','TEXT_AREA',4,4,'F.9.1',4,'{"key":false,"nullable":true,"rows":4}');
INSERT INTO FIELD_DEFINE(GROUP_ID, _ORDINAL) VALUES ('F.9.1-2',0);
-- F.10.1
INSERT INTO FIELD_GROUP(GROUP_ID, NAME, TYPE, EDITOR_ORDINAL, DISPLAY_ORDINAL, DEFINE_ID,VIEW_ROW) VALUES ('F.10.1-1','卷页数','SIMPLE',1,1,'F.10.1',0);
INSERT INTO FIELD_DEFINE(GROUP_ID, _ORDINAL, _OPTION) VALUES ('F.10.1-1',0,'{"style": "col-lg-4 col-md-12","nullable":true,"key":false,"minLength":1, "maxLength":5 ,"label":"卷页数","controlType":"textbox"}');
INSERT INTO FIELD_DEFINE(GROUP_ID, _ORDINAL, _OPTION) VALUES ('F.10.1-1',2,'{"style": "col-lg-4 col-md-12","nullable":true,"key":true,"minLength":1, "maxLength":10 ,"label":"原档案位置","controlType":"textbox"}');
INSERT INTO FIELD_GROUP(GROUP_ID,NAME,TYPE,EDITOR_ORDINAL,DISPLAY_ORDINAL,DEFINE_ID,VIEW_ROW,_OPTION) VALUES('F.10.1-2','说明','TEXT_AREA',4,4,'F.10.1',4,'{"key":false,"nullable":true,"rows":4}');
INSERT INTO FIELD_DEFINE(GROUP_ID, _ORDINAL) VALUES ('F.10.1-2',0);

-- BUSINESS_DEFINE  G 交通运输工程类
INSERT INTO BUSINESS_DEFINE(DEFINE_ID, NAME, CATEGORY_ID, _VERSION, PRIORITY, ENABLE, WF_VER,SUMMARY,DEFAULT_ROOM, DEFAULT_RACK) VALUES('G.1.1','铁路（高铁）','G',1,1,true,1,'送交单位:{.deliver} 案卷题名:{.projectName}','3','3-1');
INSERT INTO BUSINESS_DEFINE(DEFINE_ID, NAME, CATEGORY_ID, _VERSION, PRIORITY, ENABLE, WF_VER,SUMMARY,DEFAULT_ROOM, DEFAULT_RACK) VALUES('G.2.1','公路','G',1,2,true,1,'送交单位:{.deliver} 案卷题名:{.projectName}','3','3-1');
INSERT INTO BUSINESS_DEFINE(DEFINE_ID, NAME, CATEGORY_ID, _VERSION, PRIORITY, ENABLE, WF_VER,SUMMARY,DEFAULT_ROOM, DEFAULT_RACK) VALUES('G.3.1','水运','G',1,3,true,1,'送交单位:{.deliver} 案卷题名:{.projectName}','3','3-1');
INSERT INTO BUSINESS_DEFINE(DEFINE_ID, NAME, CATEGORY_ID, _VERSION, PRIORITY, ENABLE, WF_VER,SUMMARY,DEFAULT_ROOM, DEFAULT_RACK) VALUES('G.4.1','航运','G',1,4,true,1,'送交单位:{.deliver} 案卷题名:{.projectName}','3','3-1');
-- G.1.1
INSERT INTO FIELD_GROUP(GROUP_ID, NAME, TYPE, EDITOR_ORDINAL, DISPLAY_ORDINAL, DEFINE_ID,VIEW_ROW) VALUES ('G.1.1-1','卷页数','SIMPLE',1,1,'G.1.1',0);
INSERT INTO FIELD_DEFINE(GROUP_ID, _ORDINAL, _OPTION) VALUES ('G.1.1-1',0,'{"style": "col-lg-4 col-md-12","nullable":true,"key":false,"minLength":1, "maxLength":5 ,"label":"卷页数","controlType":"textbox"}');
INSERT INTO FIELD_DEFINE(GROUP_ID, _ORDINAL, _OPTION) VALUES ('G.1.1-1',2,'{"style": "col-lg-4 col-md-12","nullable":true,"key":true,"minLength":1, "maxLength":10 ,"label":"原档案位置","controlType":"textbox"}');
INSERT INTO FIELD_GROUP(GROUP_ID,NAME,TYPE,EDITOR_ORDINAL,DISPLAY_ORDINAL,DEFINE_ID,VIEW_ROW,_OPTION) VALUES('G.1.1-2','说明','TEXT_AREA',4,4,'G.1.1',4,'{"key":false,"nullable":true,"rows":4}');
INSERT INTO FIELD_DEFINE(GROUP_ID, _ORDINAL) VALUES ('G.1.1-2',0);
-- G.2.1
INSERT INTO FIELD_GROUP(GROUP_ID, NAME, TYPE, EDITOR_ORDINAL, DISPLAY_ORDINAL, DEFINE_ID,VIEW_ROW) VALUES ('G.2.1-1','卷页数','SIMPLE',1,1,'G.2.1',0);
INSERT INTO FIELD_DEFINE(GROUP_ID, _ORDINAL, _OPTION) VALUES ('G.2.1-1',0,'{"style": "col-lg-4 col-md-12","nullable":true,"key":false,"minLength":1, "maxLength":5 ,"label":"卷页数","controlType":"textbox"}');
INSERT INTO FIELD_DEFINE(GROUP_ID, _ORDINAL, _OPTION) VALUES ('G.2.1-1',2,'{"style": "col-lg-4 col-md-12","nullable":true,"key":true,"minLength":1, "maxLength":10 ,"label":"原档案位置","controlType":"textbox"}');
INSERT INTO FIELD_GROUP(GROUP_ID,NAME,TYPE,EDITOR_ORDINAL,DISPLAY_ORDINAL,DEFINE_ID,VIEW_ROW,_OPTION) VALUES('G.2.1-2','说明','TEXT_AREA',4,4,'G.2.1',4,'{"key":false,"nullable":true,"rows":4}');
INSERT INTO FIELD_DEFINE(GROUP_ID, _ORDINAL) VALUES ('G.2.1-2',0);

-- G.3.1
INSERT INTO FIELD_GROUP(GROUP_ID, NAME, TYPE, EDITOR_ORDINAL, DISPLAY_ORDINAL, DEFINE_ID,VIEW_ROW) VALUES ('G.3.1-1','卷页数','SIMPLE',1,1,'G.3.1',0);
INSERT INTO FIELD_DEFINE(GROUP_ID, _ORDINAL, _OPTION) VALUES ('G.3.1-1',0,'{"style": "col-lg-4 col-md-12","nullable":true,"key":false,"minLength":1, "maxLength":5 ,"label":"卷页数","controlType":"textbox"}');
INSERT INTO FIELD_DEFINE(GROUP_ID, _ORDINAL, _OPTION) VALUES ('G.3.1-1',2,'{"style": "col-lg-4 col-md-12","nullable":true,"key":true,"minLength":1, "maxLength":10 ,"label":"原档案位置","controlType":"textbox"}');
INSERT INTO FIELD_GROUP(GROUP_ID,NAME,TYPE,EDITOR_ORDINAL,DISPLAY_ORDINAL,DEFINE_ID,VIEW_ROW,_OPTION) VALUES('G.3.1-2','说明','TEXT_AREA',4,4,'G.3.1',4,'{"key":false,"nullable":true,"rows":4}');
INSERT INTO FIELD_DEFINE(GROUP_ID, _ORDINAL) VALUES ('G.3.1-2',0);

-- G.4.1
INSERT INTO FIELD_GROUP(GROUP_ID, NAME, TYPE, EDITOR_ORDINAL, DISPLAY_ORDINAL, DEFINE_ID,VIEW_ROW) VALUES ('G.4.1-1','卷页数','SIMPLE',1,1,'G.4.1',0);
INSERT INTO FIELD_DEFINE(GROUP_ID, _ORDINAL, _OPTION) VALUES ('G.4.1-1',0,'{"style": "col-lg-4 col-md-12","nullable":true,"key":false,"minLength":1, "maxLength":5 ,"label":"卷页数","controlType":"textbox"}');
INSERT INTO FIELD_DEFINE(GROUP_ID, _ORDINAL, _OPTION) VALUES ('G.4.1-1',2,'{"style": "col-lg-4 col-md-12","nullable":true,"key":true,"minLength":1, "maxLength":10 ,"label":"原档案位置","controlType":"textbox"}');
INSERT INTO FIELD_GROUP(GROUP_ID,NAME,TYPE,EDITOR_ORDINAL,DISPLAY_ORDINAL,DEFINE_ID,VIEW_ROW,_OPTION) VALUES('G.4.1-2','说明','TEXT_AREA',4,4,'G.4.1',4,'{"key":false,"nullable":true,"rows":4}');
INSERT INTO FIELD_DEFINE(GROUP_ID, _ORDINAL) VALUES ('G.4.1-2',0);


-- BUSINESS_DEFINE H 工业建筑类
INSERT INTO BUSINESS_DEFINE(DEFINE_ID, NAME, CATEGORY_ID, _VERSION, PRIORITY, ENABLE, WF_VER,SUMMARY,DEFAULT_ROOM, DEFAULT_RACK) VALUES('H.1.1','动力','H',1,1,true,1,'送交单位:{.deliver} 案卷题名:{.projectName}','3','3-1');
INSERT INTO BUSINESS_DEFINE(DEFINE_ID, NAME, CATEGORY_ID, _VERSION, PRIORITY, ENABLE, WF_VER,SUMMARY,DEFAULT_ROOM, DEFAULT_RACK) VALUES('H.2.1','矿业','H',1,2,true,1,'送交单位:{.deliver} 案卷题名:{.projectName}','3','3-1');
INSERT INTO BUSINESS_DEFINE(DEFINE_ID, NAME, CATEGORY_ID, _VERSION, PRIORITY, ENABLE, WF_VER,SUMMARY,DEFAULT_ROOM, DEFAULT_RACK) VALUES('H.3.1','冶金','H',1,3,true,1,'送交单位:{.deliver} 案卷题名:{.projectName}','3','3-1');
INSERT INTO BUSINESS_DEFINE(DEFINE_ID, NAME, CATEGORY_ID, _VERSION, PRIORITY, ENABLE, WF_VER,SUMMARY,DEFAULT_ROOM, DEFAULT_RACK) VALUES('H.4.1','机械','H',1,4,true,1,'送交单位:{.deliver} 案卷题名:{.projectName}','3','3-1');
INSERT INTO BUSINESS_DEFINE(DEFINE_ID, NAME, CATEGORY_ID, _VERSION, PRIORITY, ENABLE, WF_VER,SUMMARY,DEFAULT_ROOM, DEFAULT_RACK) VALUES('H.5.1','电子','H',1,5,true,1,'送交单位:{.deliver} 案卷题名:{.projectName}','3','3-1');
INSERT INTO BUSINESS_DEFINE(DEFINE_ID, NAME, CATEGORY_ID, _VERSION, PRIORITY, ENABLE, WF_VER,SUMMARY,DEFAULT_ROOM, DEFAULT_RACK) VALUES('H.6.1','石油','H',1,6,true,1,'送交单位:{.deliver} 案卷题名:{.projectName}','3','3-1');
INSERT INTO BUSINESS_DEFINE(DEFINE_ID, NAME, CATEGORY_ID, _VERSION, PRIORITY, ENABLE, WF_VER,SUMMARY,DEFAULT_ROOM, DEFAULT_RACK) VALUES('H.7.1','化工','H',1,7,true,1,'送交单位:{.deliver} 案卷题名:{.projectName}','3','3-1');
INSERT INTO BUSINESS_DEFINE(DEFINE_ID, NAME, CATEGORY_ID, _VERSION, PRIORITY, ENABLE, WF_VER,SUMMARY,DEFAULT_ROOM, DEFAULT_RACK) VALUES('H.8.1','轻工','H',1,8,true,1,'送交单位:{.deliver} 案卷题名:{.projectName}','3','3-1');
INSERT INTO BUSINESS_DEFINE(DEFINE_ID, NAME, CATEGORY_ID, _VERSION, PRIORITY, ENABLE, WF_VER,SUMMARY,DEFAULT_ROOM, DEFAULT_RACK) VALUES('H.9.1','纺织','H',1,9,true,1,'送交单位:{.deliver} 案卷题名:{.projectName}','3','3-1');
INSERT INTO BUSINESS_DEFINE(DEFINE_ID, NAME, CATEGORY_ID, _VERSION, PRIORITY, ENABLE, WF_VER,SUMMARY,DEFAULT_ROOM, DEFAULT_RACK) VALUES('H.10.1','建材','H',1,10,true,1,'送交单位:{.deliver} 案卷题名:{.projectName}','3','3-1');
INSERT INTO BUSINESS_DEFINE(DEFINE_ID, NAME, CATEGORY_ID, _VERSION, PRIORITY, ENABLE, WF_VER,SUMMARY,DEFAULT_ROOM, DEFAULT_RACK) VALUES('H.11.1','医药','H',1,11,true,1,'送交单位:{.deliver} 案卷题名:{.projectName}','3','3-1');
-- H.1.1
INSERT INTO FIELD_GROUP(GROUP_ID, NAME, TYPE, EDITOR_ORDINAL, DISPLAY_ORDINAL, DEFINE_ID,VIEW_ROW) VALUES ('H.1.1-1','卷页数','SIMPLE',1,1,'H.1.1',0);
INSERT INTO FIELD_DEFINE(GROUP_ID, _ORDINAL, _OPTION) VALUES ('H.1.1-1',0,'{"style": "col-lg-4 col-md-12","nullable":true,"key":false,"minLength":1, "maxLength":5 ,"label":"卷页数","controlType":"textbox"}');
INSERT INTO FIELD_DEFINE(GROUP_ID, _ORDINAL, _OPTION) VALUES ('H.1.1-1',2,'{"style": "col-lg-4 col-md-12","nullable":true,"key":true,"minLength":1, "maxLength":10 ,"label":"原档案位置","controlType":"textbox"}');
INSERT INTO FIELD_GROUP(GROUP_ID,NAME,TYPE,EDITOR_ORDINAL,DISPLAY_ORDINAL,DEFINE_ID,VIEW_ROW,_OPTION) VALUES('H.1.1-2','说明','TEXT_AREA',4,4,'H.1.1',4,'{"key":false,"nullable":true,"rows":4}');
INSERT INTO FIELD_DEFINE(GROUP_ID, _ORDINAL) VALUES ('H.1.1-2',0);
-- H.2.1
INSERT INTO FIELD_GROUP(GROUP_ID, NAME, TYPE, EDITOR_ORDINAL, DISPLAY_ORDINAL, DEFINE_ID,VIEW_ROW) VALUES ('H.2.1-1','卷页数','SIMPLE',1,1,'H.2.1',0);
INSERT INTO FIELD_DEFINE(GROUP_ID, _ORDINAL, _OPTION) VALUES ('H.2.1-1',0,'{"style": "col-lg-4 col-md-12","nullable":true,"key":false,"minLength":1, "maxLength":5 ,"label":"卷页数","controlType":"textbox"}');
INSERT INTO FIELD_DEFINE(GROUP_ID, _ORDINAL, _OPTION) VALUES ('H.2.1-1',2,'{"style": "col-lg-4 col-md-12","nullable":true,"key":true,"minLength":1, "maxLength":10 ,"label":"原档案位置","controlType":"textbox"}');
INSERT INTO FIELD_GROUP(GROUP_ID,NAME,TYPE,EDITOR_ORDINAL,DISPLAY_ORDINAL,DEFINE_ID,VIEW_ROW,_OPTION) VALUES('H.2.1-2','说明','TEXT_AREA',4,4,'H.2.1',4,'{"key":false,"nullable":true,"rows":4}');
INSERT INTO FIELD_DEFINE(GROUP_ID, _ORDINAL) VALUES ('H.2.1-2',0);
-- H.3.1
INSERT INTO FIELD_GROUP(GROUP_ID, NAME, TYPE, EDITOR_ORDINAL, DISPLAY_ORDINAL, DEFINE_ID,VIEW_ROW) VALUES ('H.3.1-1','卷页数','SIMPLE',1,1,'H.3.1',0);
INSERT INTO FIELD_DEFINE(GROUP_ID, _ORDINAL, _OPTION) VALUES ('H.3.1-1',0,'{"style": "col-lg-4 col-md-12","nullable":true,"key":false,"minLength":1, "maxLength":5 ,"label":"卷页数","controlType":"textbox"}');
INSERT INTO FIELD_DEFINE(GROUP_ID, _ORDINAL, _OPTION) VALUES ('H.3.1-1',2,'{"style": "col-lg-4 col-md-12","nullable":true,"key":true,"minLength":1, "maxLength":10 ,"label":"原档案位置","controlType":"textbox"}');
INSERT INTO FIELD_GROUP(GROUP_ID,NAME,TYPE,EDITOR_ORDINAL,DISPLAY_ORDINAL,DEFINE_ID,VIEW_ROW,_OPTION) VALUES('H.3.1-2','说明','TEXT_AREA',4,4,'H.3.1',4,'{"key":false,"nullable":true,"rows":4}');
INSERT INTO FIELD_DEFINE(GROUP_ID, _ORDINAL) VALUES ('H.3.1-2',0);
-- H.4.1
INSERT INTO FIELD_GROUP(GROUP_ID, NAME, TYPE, EDITOR_ORDINAL, DISPLAY_ORDINAL, DEFINE_ID,VIEW_ROW) VALUES ('H.4.1-1','卷页数','SIMPLE',1,1,'H.4.1',0);
INSERT INTO FIELD_DEFINE(GROUP_ID, _ORDINAL, _OPTION) VALUES ('H.4.1-1',0,'{"style": "col-lg-4 col-md-12","nullable":true,"key":false,"minLength":1, "maxLength":5 ,"label":"卷页数","controlType":"textbox"}');
INSERT INTO FIELD_DEFINE(GROUP_ID, _ORDINAL, _OPTION) VALUES ('H.4.1-1',2,'{"style": "col-lg-4 col-md-12","nullable":true,"key":true,"minLength":1, "maxLength":10 ,"label":"原档案位置","controlType":"textbox"}');
INSERT INTO FIELD_GROUP(GROUP_ID,NAME,TYPE,EDITOR_ORDINAL,DISPLAY_ORDINAL,DEFINE_ID,VIEW_ROW,_OPTION) VALUES('H.4.1-2','说明','TEXT_AREA',4,4,'H.4.1',4,'{"key":false,"nullable":true,"rows":4}');
INSERT INTO FIELD_DEFINE(GROUP_ID, _ORDINAL) VALUES ('H.4.1-2',0);
-- H.5.1
INSERT INTO FIELD_GROUP(GROUP_ID, NAME, TYPE, EDITOR_ORDINAL, DISPLAY_ORDINAL, DEFINE_ID,VIEW_ROW) VALUES ('H.5.1-1','卷页数','SIMPLE',1,1,'H.5.1',0);
INSERT INTO FIELD_DEFINE(GROUP_ID, _ORDINAL, _OPTION) VALUES ('H.5.1-1',0,'{"style": "col-lg-4 col-md-12","nullable":true,"key":false,"minLength":1, "maxLength":5 ,"label":"卷页数","controlType":"textbox"}');
INSERT INTO FIELD_DEFINE(GROUP_ID, _ORDINAL, _OPTION) VALUES ('H.5.1-1',2,'{"style": "col-lg-4 col-md-12","nullable":true,"key":true,"minLength":1, "maxLength":10 ,"label":"原档案位置","controlType":"textbox"}');
INSERT INTO FIELD_GROUP(GROUP_ID,NAME,TYPE,EDITOR_ORDINAL,DISPLAY_ORDINAL,DEFINE_ID,VIEW_ROW,_OPTION) VALUES('H.5.1-2','说明','TEXT_AREA',4,4,'H.5.1',4,'{"key":false,"nullable":true,"rows":4}');
INSERT INTO FIELD_DEFINE(GROUP_ID, _ORDINAL) VALUES ('H.5.1-2',0);
-- H.6.1
INSERT INTO FIELD_GROUP(GROUP_ID, NAME, TYPE, EDITOR_ORDINAL, DISPLAY_ORDINAL, DEFINE_ID,VIEW_ROW) VALUES ('H.6.1-1','卷页数','SIMPLE',1,1,'H.6.1',0);
INSERT INTO FIELD_DEFINE(GROUP_ID, _ORDINAL, _OPTION) VALUES ('H.6.1-1',0,'{"style": "col-lg-4 col-md-12","nullable":true,"key":false,"minLength":1, "maxLength":5 ,"label":"卷页数","controlType":"textbox"}');
INSERT INTO FIELD_DEFINE(GROUP_ID, _ORDINAL, _OPTION) VALUES ('H.6.1-1',2,'{"style": "col-lg-4 col-md-12","nullable":true,"key":true,"minLength":1, "maxLength":10 ,"label":"原档案位置","controlType":"textbox"}');
INSERT INTO FIELD_GROUP(GROUP_ID,NAME,TYPE,EDITOR_ORDINAL,DISPLAY_ORDINAL,DEFINE_ID,VIEW_ROW,_OPTION) VALUES('H.6.1-2','说明','TEXT_AREA',4,4,'H.6.1',4,'{"key":false,"nullable":true,"rows":4}');
INSERT INTO FIELD_DEFINE(GROUP_ID, _ORDINAL) VALUES ('H.6.1-2',0);
-- H.7.1
INSERT INTO FIELD_GROUP(GROUP_ID, NAME, TYPE, EDITOR_ORDINAL, DISPLAY_ORDINAL, DEFINE_ID,VIEW_ROW) VALUES ('H.7.1-1','卷页数','SIMPLE',1,1,'H.7.1',0);
INSERT INTO FIELD_DEFINE(GROUP_ID, _ORDINAL, _OPTION) VALUES ('H.7.1-1',0,'{"style": "col-lg-4 col-md-12","nullable":true,"key":false,"minLength":1, "maxLength":5 ,"label":"卷页数","controlType":"textbox"}');
INSERT INTO FIELD_DEFINE(GROUP_ID, _ORDINAL, _OPTION) VALUES ('H.7.1-1',2,'{"style": "col-lg-4 col-md-12","nullable":true,"key":true,"minLength":1, "maxLength":10 ,"label":"原档案位置","controlType":"textbox"}');
INSERT INTO FIELD_GROUP(GROUP_ID,NAME,TYPE,EDITOR_ORDINAL,DISPLAY_ORDINAL,DEFINE_ID,VIEW_ROW,_OPTION) VALUES('H.7.1-2','说明','TEXT_AREA',4,4,'H.7.1',4,'{"key":false,"nullable":true,"rows":4}');
INSERT INTO FIELD_DEFINE(GROUP_ID, _ORDINAL) VALUES ('H.7.1-2',0);
-- H.8.1
INSERT INTO FIELD_GROUP(GROUP_ID, NAME, TYPE, EDITOR_ORDINAL, DISPLAY_ORDINAL, DEFINE_ID,VIEW_ROW) VALUES ('H.8.1-1','卷页数','SIMPLE',1,1,'H.8.1',0);
INSERT INTO FIELD_DEFINE(GROUP_ID, _ORDINAL, _OPTION) VALUES ('H.8.1-1',0,'{"style": "col-lg-4 col-md-12","nullable":true,"key":false,"minLength":1, "maxLength":5 ,"label":"卷页数","controlType":"textbox"}');
INSERT INTO FIELD_DEFINE(GROUP_ID, _ORDINAL, _OPTION) VALUES ('H.8.1-1',2,'{"style": "col-lg-4 col-md-12","nullable":true,"key":true,"minLength":1, "maxLength":10 ,"label":"原档案位置","controlType":"textbox"}');
INSERT INTO FIELD_GROUP(GROUP_ID,NAME,TYPE,EDITOR_ORDINAL,DISPLAY_ORDINAL,DEFINE_ID,VIEW_ROW,_OPTION) VALUES('H.8.1-2','说明','TEXT_AREA',4,4,'H.8.1',4,'{"key":false,"nullable":true,"rows":4}');
INSERT INTO FIELD_DEFINE(GROUP_ID, _ORDINAL) VALUES ('H.8.1-2',0);
-- H.9.1
INSERT INTO FIELD_GROUP(GROUP_ID, NAME, TYPE, EDITOR_ORDINAL, DISPLAY_ORDINAL, DEFINE_ID,VIEW_ROW) VALUES ('H.9.1-1','卷页数','SIMPLE',1,1,'H.9.1',0);
INSERT INTO FIELD_DEFINE(GROUP_ID, _ORDINAL, _OPTION) VALUES ('H.9.1-1',0,'{"style": "col-lg-4 col-md-12","nullable":true,"key":false,"minLength":1, "maxLength":5 ,"label":"卷页数","controlType":"textbox"}');
INSERT INTO FIELD_DEFINE(GROUP_ID, _ORDINAL, _OPTION) VALUES ('H.9.1-1',2,'{"style": "col-lg-4 col-md-12","nullable":true,"key":true,"minLength":1, "maxLength":10 ,"label":"原档案位置","controlType":"textbox"}');
INSERT INTO FIELD_GROUP(GROUP_ID,NAME,TYPE,EDITOR_ORDINAL,DISPLAY_ORDINAL,DEFINE_ID,VIEW_ROW,_OPTION) VALUES('H.9.1-2','说明','TEXT_AREA',4,4,'H.9.1',4,'{"key":false,"nullable":true,"rows":4}');
INSERT INTO FIELD_DEFINE(GROUP_ID, _ORDINAL) VALUES ('H.9.1-2',0);
-- H.10.1
INSERT INTO FIELD_GROUP(GROUP_ID, NAME, TYPE, EDITOR_ORDINAL, DISPLAY_ORDINAL, DEFINE_ID,VIEW_ROW) VALUES ('H.10.1-1','卷页数','SIMPLE',1,1,'H.10.1',0);
INSERT INTO FIELD_DEFINE(GROUP_ID, _ORDINAL, _OPTION) VALUES ('H.10.1-1',0,'{"style": "col-lg-4 col-md-12","nullable":true,"key":false,"minLength":1, "maxLength":5 ,"label":"卷页数","controlType":"textbox"}');
INSERT INTO FIELD_DEFINE(GROUP_ID, _ORDINAL, _OPTION) VALUES ('H.10.1-1',2,'{"style": "col-lg-4 col-md-12","nullable":true,"key":true,"minLength":1, "maxLength":10 ,"label":"原档案位置","controlType":"textbox"}');
INSERT INTO FIELD_GROUP(GROUP_ID,NAME,TYPE,EDITOR_ORDINAL,DISPLAY_ORDINAL,DEFINE_ID,VIEW_ROW,_OPTION) VALUES('H.10.1-2','说明','TEXT_AREA',4,4,'H.10.1',4,'{"key":false,"nullable":true,"rows":4}');
INSERT INTO FIELD_DEFINE(GROUP_ID, _ORDINAL) VALUES ('H.10.1-2',0);
-- H.11.1
INSERT INTO FIELD_GROUP(GROUP_ID, NAME, TYPE, EDITOR_ORDINAL, DISPLAY_ORDINAL, DEFINE_ID,VIEW_ROW) VALUES ('H.11.1-1','卷页数','SIMPLE',1,1,'H.11.1',0);
INSERT INTO FIELD_DEFINE(GROUP_ID, _ORDINAL, _OPTION) VALUES ('H.11.1-1',0,'{"style": "col-lg-4 col-md-12","nullable":true,"key":false,"minLength":1, "maxLength":5 ,"label":"卷页数","controlType":"textbox"}');
INSERT INTO FIELD_DEFINE(GROUP_ID, _ORDINAL, _OPTION) VALUES ('H.11.1-1',2,'{"style": "col-lg-4 col-md-12","nullable":true,"key":true,"minLength":1, "maxLength":10 ,"label":"原档案位置","controlType":"textbox"}');
INSERT INTO FIELD_GROUP(GROUP_ID,NAME,TYPE,EDITOR_ORDINAL,DISPLAY_ORDINAL,DEFINE_ID,VIEW_ROW,_OPTION) VALUES('H.11.1-2','说明','TEXT_AREA',4,4,'H.11.1',4,'{"key":false,"nullable":true,"rows":4}');
INSERT INTO FIELD_DEFINE(GROUP_ID, _ORDINAL) VALUES ('H.11.1-2',0);


-- BUSINESS_DEFINE I 民用建筑类
INSERT INTO BUSINESS_DEFINE(DEFINE_ID, NAME, CATEGORY_ID, _VERSION, PRIORITY, ENABLE, WF_VER,SUMMARY,DEFAULT_ROOM, DEFAULT_RACK) VALUES('I.1.1','住宅/住宅','I',1,1,true,1,'送交单位:{.deliver} 案卷题名:{.projectName}','3','3-1');
INSERT INTO BUSINESS_DEFINE(DEFINE_ID, NAME, CATEGORY_ID, _VERSION, PRIORITY, ENABLE, WF_VER,SUMMARY,DEFAULT_ROOM, DEFAULT_RACK) VALUES('I.1.2','住宅/综合','I',1,2,true,1,'送交单位:{.deliver} 案卷题名:{.projectName}','3','3-1');
INSERT INTO BUSINESS_DEFINE(DEFINE_ID, NAME, CATEGORY_ID, _VERSION, PRIORITY, ENABLE, WF_VER,SUMMARY,DEFAULT_ROOM, DEFAULT_RACK) VALUES('I.2.1','办公用房/党政办公用房','I',1,3,true,1,'送交单位:{.deliver} 案卷题名:{.projectName}','3','3-1');
INSERT INTO BUSINESS_DEFINE(DEFINE_ID, NAME, CATEGORY_ID, _VERSION, PRIORITY, ENABLE, WF_VER,SUMMARY,DEFAULT_ROOM, DEFAULT_RACK) VALUES('I.2.2','办公用房/机关团体办公用房','I',1,4,true,1,'送交单位:{.deliver} 案卷题名:{.projectName}','3','3-1');
INSERT INTO BUSINESS_DEFINE(DEFINE_ID, NAME, CATEGORY_ID, _VERSION, PRIORITY, ENABLE, WF_VER,SUMMARY,DEFAULT_ROOM, DEFAULT_RACK) VALUES('I.2.3','办公用房/综合楼','I',1,5,true,1,'送交单位:{.deliver} 案卷题名:{.projectName}','3','3-1');
INSERT INTO BUSINESS_DEFINE(DEFINE_ID, NAME, CATEGORY_ID, _VERSION, PRIORITY, ENABLE, WF_VER,SUMMARY,DEFAULT_ROOM, DEFAULT_RACK) VALUES('I.3.1','文化/文化宫、影剧院','I',1,6,true,1,'送交单位:{.deliver} 案卷题名:{.projectName}','3','3-1');
INSERT INTO BUSINESS_DEFINE(DEFINE_ID, NAME, CATEGORY_ID, _VERSION, PRIORITY, ENABLE, WF_VER,SUMMARY,DEFAULT_ROOM, DEFAULT_RACK) VALUES('I.3.2','文化/图书馆','I',1,7,true,1,'送交单位:{.deliver} 案卷题名:{.projectName}','3','3-1');
INSERT INTO BUSINESS_DEFINE(DEFINE_ID, NAME, CATEGORY_ID, _VERSION, PRIORITY, ENABLE, WF_VER,SUMMARY,DEFAULT_ROOM, DEFAULT_RACK) VALUES('I.3.3','文化/新华书店','I',1,8,true,1,'送交单位:{.deliver} 案卷题名:{.projectName}','3','3-1');
INSERT INTO BUSINESS_DEFINE(DEFINE_ID, NAME, CATEGORY_ID, _VERSION, PRIORITY, ENABLE, WF_VER,SUMMARY,DEFAULT_ROOM, DEFAULT_RACK) VALUES('I.3.4','文化/活动中心','I',1,9,true,1,'送交单位:{.deliver} 案卷题名:{.projectName}','3','3-1');
INSERT INTO BUSINESS_DEFINE(DEFINE_ID, NAME, CATEGORY_ID, _VERSION, PRIORITY, ENABLE, WF_VER,SUMMARY,DEFAULT_ROOM, DEFAULT_RACK) VALUES('I.3.5','文化/邮政','I',1,10,true,1,'送交单位:{.deliver} 案卷题名:{.projectName}','3','3-1');
INSERT INTO BUSINESS_DEFINE(DEFINE_ID, NAME, CATEGORY_ID, _VERSION, PRIORITY, ENABLE, WF_VER,SUMMARY,DEFAULT_ROOM, DEFAULT_RACK) VALUES('I.4.1','教育/高校','I',1,11,true,1,'送交单位:{.deliver} 案卷题名:{.projectName}','3','3-1');
INSERT INTO BUSINESS_DEFINE(DEFINE_ID, NAME, CATEGORY_ID, _VERSION, PRIORITY, ENABLE, WF_VER,SUMMARY,DEFAULT_ROOM, DEFAULT_RACK) VALUES('I.4.2','教育/高中','I',1,12,true,1,'送交单位:{.deliver} 案卷题名:{.projectName}','3','3-1');
INSERT INTO BUSINESS_DEFINE(DEFINE_ID, NAME, CATEGORY_ID, _VERSION, PRIORITY, ENABLE, WF_VER,SUMMARY,DEFAULT_ROOM, DEFAULT_RACK) VALUES('I.4.3','教育/初中','I',1,13,true,1,'送交单位:{.deliver} 案卷题名:{.projectName}','3','3-1');
INSERT INTO BUSINESS_DEFINE(DEFINE_ID, NAME, CATEGORY_ID, _VERSION, PRIORITY, ENABLE, WF_VER,SUMMARY,DEFAULT_ROOM, DEFAULT_RACK) VALUES('I.4.4','教育/小学','I',1,14,true,1,'送交单位:{.deliver} 案卷题名:{.projectName}','3','3-1');
INSERT INTO BUSINESS_DEFINE(DEFINE_ID, NAME, CATEGORY_ID, _VERSION, PRIORITY, ENABLE, WF_VER,SUMMARY,DEFAULT_ROOM, DEFAULT_RACK) VALUES('I.4.5','教育/幼儿园','I',1,15,true,1,'送交单位:{.deliver} 案卷题名:{.projectName}','3','3-1');
INSERT INTO BUSINESS_DEFINE(DEFINE_ID, NAME, CATEGORY_ID, _VERSION, PRIORITY, ENABLE, WF_VER,SUMMARY,DEFAULT_ROOM, DEFAULT_RACK) VALUES('I.5.1','卫生/医院','I',1,16,true,1,'送交单位:{.deliver} 案卷题名:{.projectName}','3','3-1');
INSERT INTO BUSINESS_DEFINE(DEFINE_ID, NAME, CATEGORY_ID, _VERSION, PRIORITY, ENABLE, WF_VER,SUMMARY,DEFAULT_ROOM, DEFAULT_RACK) VALUES('I.5.2','卫生/敬老院','I',1,17,true,1,'送交单位:{.deliver} 案卷题名:{.projectName}','3','3-1');
INSERT INTO BUSINESS_DEFINE(DEFINE_ID, NAME, CATEGORY_ID, _VERSION, PRIORITY, ENABLE, WF_VER,SUMMARY,DEFAULT_ROOM, DEFAULT_RACK) VALUES('I.5.3','卫生/殡仪馆','I',1,18,true,1,'送交单位:{.deliver} 案卷题名:{.projectName}','3','3-1');
INSERT INTO BUSINESS_DEFINE(DEFINE_ID, NAME, CATEGORY_ID, _VERSION, PRIORITY, ENABLE, WF_VER,SUMMARY,DEFAULT_ROOM, DEFAULT_RACK) VALUES('I.6.1','体育/体育馆','I',1,19,true,1,'送交单位:{.deliver} 案卷题名:{.projectName}','3','3-1');
INSERT INTO BUSINESS_DEFINE(DEFINE_ID, NAME, CATEGORY_ID, _VERSION, PRIORITY, ENABLE, WF_VER,SUMMARY,DEFAULT_ROOM, DEFAULT_RACK) VALUES('I.6.2','体育/体育场（中心）','I',1,20,true,1,'送交单位:{.deliver} 案卷题名:{.projectName}','3','3-1');
INSERT INTO BUSINESS_DEFINE(DEFINE_ID, NAME, CATEGORY_ID, _VERSION, PRIORITY, ENABLE, WF_VER,SUMMARY,DEFAULT_ROOM, DEFAULT_RACK) VALUES('I.7.1','商业、金融、保险/商业、百货宾馆','I',1,21,true,1,'送交单位:{.deliver} 案卷题名:{.projectName}','3','3-1');
INSERT INTO BUSINESS_DEFINE(DEFINE_ID, NAME, CATEGORY_ID, _VERSION, PRIORITY, ENABLE, WF_VER,SUMMARY,DEFAULT_ROOM, DEFAULT_RACK) VALUES('I.7.2','商业、金融、保险/金融','I',1,22,true,1,'送交单位:{.deliver} 案卷题名:{.projectName}','3','3-1');
INSERT INTO BUSINESS_DEFINE(DEFINE_ID, NAME, CATEGORY_ID, _VERSION, PRIORITY, ENABLE, WF_VER,SUMMARY,DEFAULT_ROOM, DEFAULT_RACK) VALUES('I.7.3','商业、金融、保险/保险','I',1,23,true,1,'送交单位:{.deliver} 案卷题名:{.projectName}','3','3-1');
INSERT INTO BUSINESS_DEFINE(DEFINE_ID, NAME, CATEGORY_ID, _VERSION, PRIORITY, ENABLE, WF_VER,SUMMARY,DEFAULT_ROOM, DEFAULT_RACK) VALUES('I.8.1','其它/备案档案','I',1,24,true,1,'送交单位:{.deliver} 案卷题名:{.projectName}','3','3-1');
INSERT INTO BUSINESS_DEFINE(DEFINE_ID, NAME, CATEGORY_ID, _VERSION, PRIORITY, ENABLE, WF_VER,SUMMARY,DEFAULT_ROOM, DEFAULT_RACK) VALUES('I.8.2','其它/监理档案','I',1,25,true,1,'送交单位:{.deliver} 案卷题名:{.projectName}','3','3-1');
INSERT INTO BUSINESS_DEFINE(DEFINE_ID, NAME, CATEGORY_ID, _VERSION, PRIORITY, ENABLE, WF_VER,SUMMARY,DEFAULT_ROOM, DEFAULT_RACK) VALUES('I.8.3','其它/粮库','I',1,26,true,1,'送交单位:{.deliver} 案卷题名:{.projectName}','3','3-1');
INSERT INTO BUSINESS_DEFINE(DEFINE_ID, NAME, CATEGORY_ID, _VERSION, PRIORITY, ENABLE, WF_VER,SUMMARY,DEFAULT_ROOM, DEFAULT_RACK) VALUES('I.8.4','其它/冷库','I',1,27,true,1,'送交单位:{.deliver} 案卷题名:{.projectName}','3','3-1');

-- I.1.1
INSERT INTO FIELD_GROUP(GROUP_ID, NAME, TYPE, EDITOR_ORDINAL, DISPLAY_ORDINAL, DEFINE_ID,VIEW_ROW) VALUES ('I.1.1-1','卷页数','SIMPLE',1,1,'I.1.1',0);
INSERT INTO FIELD_DEFINE(GROUP_ID, _ORDINAL, _OPTION) VALUES ('I.1.1-1',0,'{"style": "col-lg-4 col-md-12","nullable":true,"key":false,"minLength":1, "maxLength":5 ,"label":"卷页数","controlType":"textbox"}');
INSERT INTO FIELD_DEFINE(GROUP_ID, _ORDINAL, _OPTION) VALUES ('I.1.1-1',1,'{"style": "col-lg-4 col-md-12","nullable":true,"key":true,"minLength":1, "maxLength":10 ,"label":"小区名称","controlType":"textbox"}');
INSERT INTO FIELD_DEFINE(GROUP_ID, _ORDINAL, _OPTION) VALUES ('I.1.1-1',2,'{"style": "col-lg-4 col-md-12","nullable":true,"key":true,"minLength":1, "maxLength":10 ,"label":"原档案位置","controlType":"textbox"}');
INSERT INTO FIELD_GROUP(GROUP_ID,NAME,TYPE,EDITOR_ORDINAL,DISPLAY_ORDINAL,DEFINE_ID,VIEW_ROW,_OPTION) VALUES('I.1.1-2','说明','TEXT_AREA',4,4,'I.1.1',4,'{"key":false,"nullable":true,"rows":4}');
INSERT INTO FIELD_DEFINE(GROUP_ID, _ORDINAL) VALUES ('I.1.1-2',0);
-- I.1.2
INSERT INTO FIELD_GROUP(GROUP_ID, NAME, TYPE, EDITOR_ORDINAL, DISPLAY_ORDINAL, DEFINE_ID,VIEW_ROW) VALUES ('I.1.2-1','卷页数','SIMPLE',1,1,'I.1.2',0);
INSERT INTO FIELD_DEFINE(GROUP_ID, _ORDINAL, _OPTION) VALUES ('I.1.2-1',0,'{"style": "col-lg-4 col-md-12","nullable":true,"key":false,"minLength":1, "maxLength":5 ,"label":"卷页数","controlType":"textbox"}');
INSERT INTO FIELD_DEFINE(GROUP_ID, _ORDINAL, _OPTION) VALUES ('I.1.2-1',1,'{"style": "col-lg-4 col-md-12","nullable":true,"key":true,"minLength":1, "maxLength":10 ,"label":"小区名称","controlType":"textbox"}');
INSERT INTO FIELD_DEFINE(GROUP_ID, _ORDINAL, _OPTION) VALUES ('I.1.2-1',2,'{"style": "col-lg-4 col-md-12","nullable":true,"key":true,"minLength":1, "maxLength":10 ,"label":"原档案位置","controlType":"textbox"}');
INSERT INTO FIELD_GROUP(GROUP_ID,NAME,TYPE,EDITOR_ORDINAL,DISPLAY_ORDINAL,DEFINE_ID,VIEW_ROW,_OPTION) VALUES('I.1.2-2','说明','TEXT_AREA',4,4,'I.1.2',4,'{"key":false,"nullable":true,"rows":4}');
INSERT INTO FIELD_DEFINE(GROUP_ID, _ORDINAL) VALUES ('I.1.2-2',0);
-- I.2.1
INSERT INTO FIELD_GROUP(GROUP_ID, NAME, TYPE, EDITOR_ORDINAL, DISPLAY_ORDINAL, DEFINE_ID,VIEW_ROW) VALUES ('I.2.1-1','卷页数','SIMPLE',1,1,'I.2.1',0);
INSERT INTO FIELD_DEFINE(GROUP_ID, _ORDINAL, _OPTION) VALUES ('I.2.1-1',0,'{"style": "col-lg-4 col-md-12","nullable":true,"key":false,"minLength":1, "maxLength":5 ,"label":"卷页数","controlType":"textbox"}');
INSERT INTO FIELD_DEFINE(GROUP_ID, _ORDINAL, _OPTION) VALUES ('I.2.1-1',1,'{"style": "col-lg-4 col-md-12","nullable":true,"key":true,"minLength":1, "maxLength":10 ,"label":"小区名称","controlType":"textbox"}');
INSERT INTO FIELD_DEFINE(GROUP_ID, _ORDINAL, _OPTION) VALUES ('I.2.1-1',2,'{"style": "col-lg-4 col-md-12","nullable":true,"key":true,"minLength":1, "maxLength":10 ,"label":"原档案位置","controlType":"textbox"}');
INSERT INTO FIELD_GROUP(GROUP_ID,NAME,TYPE,EDITOR_ORDINAL,DISPLAY_ORDINAL,DEFINE_ID,VIEW_ROW,_OPTION) VALUES('I.2.1-2','说明','TEXT_AREA',4,4,'I.2.1',4,'{"key":false,"nullable":true,"rows":4}');
INSERT INTO FIELD_DEFINE(GROUP_ID, _ORDINAL) VALUES ('I.2.1-2',0);
-- I.2.2
INSERT INTO FIELD_GROUP(GROUP_ID, NAME, TYPE, EDITOR_ORDINAL, DISPLAY_ORDINAL, DEFINE_ID,VIEW_ROW) VALUES ('I.2.2-1','卷页数','SIMPLE',1,1,'I.2.2',0);
INSERT INTO FIELD_DEFINE(GROUP_ID, _ORDINAL, _OPTION) VALUES ('I.2.2-1',0,'{"style": "col-lg-4 col-md-12","nullable":true,"key":false,"minLength":1, "maxLength":5 ,"label":"卷页数","controlType":"textbox"}');
INSERT INTO FIELD_DEFINE(GROUP_ID, _ORDINAL, _OPTION) VALUES ('I.2.2-1',1,'{"style": "col-lg-4 col-md-12","nullable":true,"key":true,"minLength":1, "maxLength":10 ,"label":"小区名称","controlType":"textbox"}');
INSERT INTO FIELD_DEFINE(GROUP_ID, _ORDINAL, _OPTION) VALUES ('I.2.2-1',2,'{"style": "col-lg-4 col-md-12","nullable":true,"key":true,"minLength":1, "maxLength":10 ,"label":"原档案位置","controlType":"textbox"}');
INSERT INTO FIELD_GROUP(GROUP_ID,NAME,TYPE,EDITOR_ORDINAL,DISPLAY_ORDINAL,DEFINE_ID,VIEW_ROW,_OPTION) VALUES('I.2.2-2','说明','TEXT_AREA',4,4,'I.2.2',4,'{"key":false,"nullable":true,"rows":4}');
INSERT INTO FIELD_DEFINE(GROUP_ID, _ORDINAL) VALUES ('I.2.2-2',0);
-- I.2.3
INSERT INTO FIELD_GROUP(GROUP_ID, NAME, TYPE, EDITOR_ORDINAL, DISPLAY_ORDINAL, DEFINE_ID,VIEW_ROW) VALUES ('I.2.3-1','卷页数','SIMPLE',1,1,'I.2.3',0);
INSERT INTO FIELD_DEFINE(GROUP_ID, _ORDINAL, _OPTION) VALUES ('I.2.3-1',0,'{"style": "col-lg-4 col-md-12","nullable":true,"key":false,"minLength":1, "maxLength":5 ,"label":"卷页数","controlType":"textbox"}');
INSERT INTO FIELD_DEFINE(GROUP_ID, _ORDINAL, _OPTION) VALUES ('I.2.3-1',1,'{"style": "col-lg-4 col-md-12","nullable":true,"key":true,"minLength":1, "maxLength":10 ,"label":"小区名称","controlType":"textbox"}');
INSERT INTO FIELD_DEFINE(GROUP_ID, _ORDINAL, _OPTION) VALUES ('I.2.3-1',2,'{"style": "col-lg-4 col-md-12","nullable":true,"key":true,"minLength":1, "maxLength":10 ,"label":"原档案位置","controlType":"textbox"}');
INSERT INTO FIELD_GROUP(GROUP_ID,NAME,TYPE,EDITOR_ORDINAL,DISPLAY_ORDINAL,DEFINE_ID,VIEW_ROW,_OPTION) VALUES('I.2.3-2','说明','TEXT_AREA',4,4,'I.2.3',4,'{"key":false,"nullable":true,"rows":4}');
INSERT INTO FIELD_DEFINE(GROUP_ID, _ORDINAL) VALUES ('I.2.3-2',0);
-- I.3.1
INSERT INTO FIELD_GROUP(GROUP_ID, NAME, TYPE, EDITOR_ORDINAL, DISPLAY_ORDINAL, DEFINE_ID,VIEW_ROW) VALUES ('I.3.1-1','卷页数','SIMPLE',1,1,'I.3.1',0);
INSERT INTO FIELD_DEFINE(GROUP_ID, _ORDINAL, _OPTION) VALUES ('I.3.1-1',0,'{"style": "col-lg-4 col-md-12","nullable":true,"key":false,"minLength":1, "maxLength":5 ,"label":"卷页数","controlType":"textbox"}');
INSERT INTO FIELD_DEFINE(GROUP_ID, _ORDINAL, _OPTION) VALUES ('I.3.1-1',1,'{"style": "col-lg-4 col-md-12","nullable":true,"key":true,"minLength":1, "maxLength":10 ,"label":"小区名称","controlType":"textbox"}');
INSERT INTO FIELD_DEFINE(GROUP_ID, _ORDINAL, _OPTION) VALUES ('I.3.1-1',2,'{"style": "col-lg-4 col-md-12","nullable":true,"key":true,"minLength":1, "maxLength":10 ,"label":"原档案位置","controlType":"textbox"}');
INSERT INTO FIELD_GROUP(GROUP_ID,NAME,TYPE,EDITOR_ORDINAL,DISPLAY_ORDINAL,DEFINE_ID,VIEW_ROW,_OPTION) VALUES('I.3.1-2','说明','TEXT_AREA',4,4,'I.3.1',4,'{"key":false,"nullable":true,"rows":4}');
INSERT INTO FIELD_DEFINE(GROUP_ID, _ORDINAL) VALUES ('I.3.1-2',0);
-- I.3.2
INSERT INTO FIELD_GROUP(GROUP_ID, NAME, TYPE, EDITOR_ORDINAL, DISPLAY_ORDINAL, DEFINE_ID,VIEW_ROW) VALUES ('I.3.2-1','卷页数','SIMPLE',1,1,'I.3.2',0);
INSERT INTO FIELD_DEFINE(GROUP_ID, _ORDINAL, _OPTION) VALUES ('I.3.2-1',0,'{"style": "col-lg-4 col-md-12","nullable":true,"key":false,"minLength":1, "maxLength":5 ,"label":"卷页数","controlType":"textbox"}');
INSERT INTO FIELD_DEFINE(GROUP_ID, _ORDINAL, _OPTION) VALUES ('I.3.2-1',1,'{"style": "col-lg-4 col-md-12","nullable":true,"key":true,"minLength":1, "maxLength":10 ,"label":"小区名称","controlType":"textbox"}');
INSERT INTO FIELD_DEFINE(GROUP_ID, _ORDINAL, _OPTION) VALUES ('I.3.2-1',2,'{"style": "col-lg-4 col-md-12","nullable":true,"key":true,"minLength":1, "maxLength":10 ,"label":"原档案位置","controlType":"textbox"}');
INSERT INTO FIELD_GROUP(GROUP_ID,NAME,TYPE,EDITOR_ORDINAL,DISPLAY_ORDINAL,DEFINE_ID,VIEW_ROW,_OPTION) VALUES('I.3.2-2','说明','TEXT_AREA',4,4,'I.3.2',4,'{"key":false,"nullable":true,"rows":4}');
INSERT INTO FIELD_DEFINE(GROUP_ID, _ORDINAL) VALUES ('I.3.2-2',0);
-- I.3.3
INSERT INTO FIELD_GROUP(GROUP_ID, NAME, TYPE, EDITOR_ORDINAL, DISPLAY_ORDINAL, DEFINE_ID,VIEW_ROW) VALUES ('I.3.3-1','卷页数','SIMPLE',1,1,'I.3.3',0);
INSERT INTO FIELD_DEFINE(GROUP_ID, _ORDINAL, _OPTION) VALUES ('I.3.3-1',0,'{"style": "col-lg-4 col-md-12","nullable":true,"key":false,"minLength":1, "maxLength":5 ,"label":"卷页数","controlType":"textbox"}');
INSERT INTO FIELD_DEFINE(GROUP_ID, _ORDINAL, _OPTION) VALUES ('I.3.3-1',1,'{"style": "col-lg-4 col-md-12","nullable":true,"key":true,"minLength":1, "maxLength":10 ,"label":"小区名称","controlType":"textbox"}');
INSERT INTO FIELD_DEFINE(GROUP_ID, _ORDINAL, _OPTION) VALUES ('I.3.3-1',2,'{"style": "col-lg-4 col-md-12","nullable":true,"key":true,"minLength":1, "maxLength":10 ,"label":"原档案位置","controlType":"textbox"}');
INSERT INTO FIELD_GROUP(GROUP_ID,NAME,TYPE,EDITOR_ORDINAL,DISPLAY_ORDINAL,DEFINE_ID,VIEW_ROW,_OPTION) VALUES('I.3.3-2','说明','TEXT_AREA',4,4,'I.3.3',4,'{"key":false,"nullable":true,"rows":4}');
INSERT INTO FIELD_DEFINE(GROUP_ID, _ORDINAL) VALUES ('I.3.3-2',0);
-- I.3.4
INSERT INTO FIELD_GROUP(GROUP_ID, NAME, TYPE, EDITOR_ORDINAL, DISPLAY_ORDINAL, DEFINE_ID,VIEW_ROW) VALUES ('I.3.4-1','卷页数','SIMPLE',1,1,'I.3.4',0);
INSERT INTO FIELD_DEFINE(GROUP_ID, _ORDINAL, _OPTION) VALUES ('I.3.4-1',0,'{"style": "col-lg-4 col-md-12","nullable":true,"key":false,"minLength":1, "maxLength":5 ,"label":"卷页数","controlType":"textbox"}');
INSERT INTO FIELD_DEFINE(GROUP_ID, _ORDINAL, _OPTION) VALUES ('I.3.4-1',1,'{"style": "col-lg-4 col-md-12","nullable":true,"key":true,"minLength":1, "maxLength":10 ,"label":"小区名称","controlType":"textbox"}');
INSERT INTO FIELD_DEFINE(GROUP_ID, _ORDINAL, _OPTION) VALUES ('I.3.4-1',2,'{"style": "col-lg-4 col-md-12","nullable":true,"key":true,"minLength":1, "maxLength":10 ,"label":"原档案位置","controlType":"textbox"}');
INSERT INTO FIELD_GROUP(GROUP_ID,NAME,TYPE,EDITOR_ORDINAL,DISPLAY_ORDINAL,DEFINE_ID,VIEW_ROW,_OPTION) VALUES('I.3.4-2','说明','TEXT_AREA',4,4,'I.3.4',4,'{"key":false,"nullable":true,"rows":4}');
INSERT INTO FIELD_DEFINE(GROUP_ID, _ORDINAL) VALUES ('I.3.4-2',0);
-- I.3.5
INSERT INTO FIELD_GROUP(GROUP_ID, NAME, TYPE, EDITOR_ORDINAL, DISPLAY_ORDINAL, DEFINE_ID,VIEW_ROW) VALUES ('I.3.5-1','卷页数','SIMPLE',1,1,'I.3.5',0);
INSERT INTO FIELD_DEFINE(GROUP_ID, _ORDINAL, _OPTION) VALUES ('I.3.5-1',0,'{"style": "col-lg-4 col-md-12","nullable":true,"key":false,"minLength":1, "maxLength":5 ,"label":"卷页数","controlType":"textbox"}');
INSERT INTO FIELD_DEFINE(GROUP_ID, _ORDINAL, _OPTION) VALUES ('I.3.5-1',1,'{"style": "col-lg-4 col-md-12","nullable":true,"key":true,"minLength":1, "maxLength":10 ,"label":"小区名称","controlType":"textbox"}');
INSERT INTO FIELD_DEFINE(GROUP_ID, _ORDINAL, _OPTION) VALUES ('I.3.5-1',2,'{"style": "col-lg-4 col-md-12","nullable":true,"key":true,"minLength":1, "maxLength":10 ,"label":"原档案位置","controlType":"textbox"}');
INSERT INTO FIELD_GROUP(GROUP_ID,NAME,TYPE,EDITOR_ORDINAL,DISPLAY_ORDINAL,DEFINE_ID,VIEW_ROW,_OPTION) VALUES('I.3.5-2','说明','TEXT_AREA',4,4,'I.3.5',4,'{"key":false,"nullable":true,"rows":4}');
INSERT INTO FIELD_DEFINE(GROUP_ID, _ORDINAL) VALUES ('I.3.5-2',0);
-- I.4.1
INSERT INTO FIELD_GROUP(GROUP_ID, NAME, TYPE, EDITOR_ORDINAL, DISPLAY_ORDINAL, DEFINE_ID,VIEW_ROW) VALUES ('I.4.1-1','卷页数','SIMPLE',1,1,'I.4.1',0);
INSERT INTO FIELD_DEFINE(GROUP_ID, _ORDINAL, _OPTION) VALUES ('I.4.1-1',0,'{"style": "col-lg-4 col-md-12","nullable":true,"key":false,"minLength":1, "maxLength":5 ,"label":"卷页数","controlType":"textbox"}');
INSERT INTO FIELD_DEFINE(GROUP_ID, _ORDINAL, _OPTION) VALUES ('I.4.1-1',1,'{"style": "col-lg-4 col-md-12","nullable":true,"key":true,"minLength":1, "maxLength":10 ,"label":"小区名称","controlType":"textbox"}');
INSERT INTO FIELD_DEFINE(GROUP_ID, _ORDINAL, _OPTION) VALUES ('I.4.1-1',2,'{"style": "col-lg-4 col-md-12","nullable":true,"key":true,"minLength":1, "maxLength":10 ,"label":"原档案位置","controlType":"textbox"}');
INSERT INTO FIELD_GROUP(GROUP_ID,NAME,TYPE,EDITOR_ORDINAL,DISPLAY_ORDINAL,DEFINE_ID,VIEW_ROW,_OPTION) VALUES('I.4.1-2','说明','TEXT_AREA',4,4,'I.4.1',4,'{"key":false,"nullable":true,"rows":4}');
INSERT INTO FIELD_DEFINE(GROUP_ID, _ORDINAL) VALUES ('I.4.1-2',0);
-- I.4.2
INSERT INTO FIELD_GROUP(GROUP_ID, NAME, TYPE, EDITOR_ORDINAL, DISPLAY_ORDINAL, DEFINE_ID,VIEW_ROW) VALUES ('I.4.2-1','卷页数','SIMPLE',1,1,'I.4.2',0);
INSERT INTO FIELD_DEFINE(GROUP_ID, _ORDINAL, _OPTION) VALUES ('I.4.2-1',0,'{"style": "col-lg-4 col-md-12","nullable":true,"key":false,"minLength":1, "maxLength":5 ,"label":"卷页数","controlType":"textbox"}');
INSERT INTO FIELD_DEFINE(GROUP_ID, _ORDINAL, _OPTION) VALUES ('I.4.2-1',1,'{"style": "col-lg-4 col-md-12","nullable":true,"key":true,"minLength":1, "maxLength":10 ,"label":"小区名称","controlType":"textbox"}');
INSERT INTO FIELD_DEFINE(GROUP_ID, _ORDINAL, _OPTION) VALUES ('I.4.2-1',2,'{"style": "col-lg-4 col-md-12","nullable":true,"key":true,"minLength":1, "maxLength":10 ,"label":"原档案位置","controlType":"textbox"}');
INSERT INTO FIELD_GROUP(GROUP_ID,NAME,TYPE,EDITOR_ORDINAL,DISPLAY_ORDINAL,DEFINE_ID,VIEW_ROW,_OPTION) VALUES('I.4.2-2','说明','TEXT_AREA',4,4,'I.4.2',4,'{"key":false,"nullable":true,"rows":4}');
INSERT INTO FIELD_DEFINE(GROUP_ID, _ORDINAL) VALUES ('I.4.2-2',0);
-- I.4.3
INSERT INTO FIELD_GROUP(GROUP_ID, NAME, TYPE, EDITOR_ORDINAL, DISPLAY_ORDINAL, DEFINE_ID,VIEW_ROW) VALUES ('I.4.3-1','卷页数','SIMPLE',1,1,'I.4.3',0);
INSERT INTO FIELD_DEFINE(GROUP_ID, _ORDINAL, _OPTION) VALUES ('I.4.3-1',0,'{"style": "col-lg-4 col-md-12","nullable":true,"key":false,"minLength":1, "maxLength":5 ,"label":"卷页数","controlType":"textbox"}');
INSERT INTO FIELD_DEFINE(GROUP_ID, _ORDINAL, _OPTION) VALUES ('I.4.3-1',1,'{"style": "col-lg-4 col-md-12","nullable":true,"key":true,"minLength":1, "maxLength":10 ,"label":"小区名称","controlType":"textbox"}');
INSERT INTO FIELD_DEFINE(GROUP_ID, _ORDINAL, _OPTION) VALUES ('I.4.3-1',2,'{"style": "col-lg-4 col-md-12","nullable":true,"key":true,"minLength":1, "maxLength":10 ,"label":"原档案位置","controlType":"textbox"}');
INSERT INTO FIELD_GROUP(GROUP_ID,NAME,TYPE,EDITOR_ORDINAL,DISPLAY_ORDINAL,DEFINE_ID,VIEW_ROW,_OPTION) VALUES('I.4.3-2','说明','TEXT_AREA',4,4,'I.4.3',4,'{"key":false,"nullable":true,"rows":4}');
INSERT INTO FIELD_DEFINE(GROUP_ID, _ORDINAL) VALUES ('I.4.3-2',0);
-- I.4.4
INSERT INTO FIELD_GROUP(GROUP_ID, NAME, TYPE, EDITOR_ORDINAL, DISPLAY_ORDINAL, DEFINE_ID,VIEW_ROW) VALUES ('I.4.4-1','卷页数','SIMPLE',1,1,'I.4.4',0);
INSERT INTO FIELD_DEFINE(GROUP_ID, _ORDINAL, _OPTION) VALUES ('I.4.4-1',0,'{"style": "col-lg-4 col-md-12","nullable":true,"key":false,"minLength":1, "maxLength":5 ,"label":"卷页数","controlType":"textbox"}');
INSERT INTO FIELD_DEFINE(GROUP_ID, _ORDINAL, _OPTION) VALUES ('I.4.4-1',1,'{"style": "col-lg-4 col-md-12","nullable":true,"key":true,"minLength":1, "maxLength":10 ,"label":"小区名称","controlType":"textbox"}');
INSERT INTO FIELD_DEFINE(GROUP_ID, _ORDINAL, _OPTION) VALUES ('I.4.4-1',2,'{"style": "col-lg-4 col-md-12","nullable":true,"key":true,"minLength":1, "maxLength":10 ,"label":"原档案位置","controlType":"textbox"}');
INSERT INTO FIELD_GROUP(GROUP_ID,NAME,TYPE,EDITOR_ORDINAL,DISPLAY_ORDINAL,DEFINE_ID,VIEW_ROW,_OPTION) VALUES('I.4.4-2','说明','TEXT_AREA',4,4,'I.4.4',4,'{"key":false,"nullable":true,"rows":4}');
INSERT INTO FIELD_DEFINE(GROUP_ID, _ORDINAL) VALUES ('I.4.4-2',0);
-- I.4.5
INSERT INTO FIELD_GROUP(GROUP_ID, NAME, TYPE, EDITOR_ORDINAL, DISPLAY_ORDINAL, DEFINE_ID,VIEW_ROW) VALUES ('I.4.5-1','卷页数','SIMPLE',1,1,'I.4.5',0);
INSERT INTO FIELD_DEFINE(GROUP_ID, _ORDINAL, _OPTION) VALUES ('I.4.5-1',0,'{"style": "col-lg-4 col-md-12","nullable":true,"key":false,"minLength":1, "maxLength":5 ,"label":"卷页数","controlType":"textbox"}');
INSERT INTO FIELD_DEFINE(GROUP_ID, _ORDINAL, _OPTION) VALUES ('I.4.5-1',1,'{"style": "col-lg-4 col-md-12","nullable":true,"key":true,"minLength":1, "maxLength":10 ,"label":"小区名称","controlType":"textbox"}');
INSERT INTO FIELD_DEFINE(GROUP_ID, _ORDINAL, _OPTION) VALUES ('I.4.5-1',2,'{"style": "col-lg-4 col-md-12","nullable":true,"key":true,"minLength":1, "maxLength":10 ,"label":"原档案位置","controlType":"textbox"}');
INSERT INTO FIELD_GROUP(GROUP_ID,NAME,TYPE,EDITOR_ORDINAL,DISPLAY_ORDINAL,DEFINE_ID,VIEW_ROW,_OPTION) VALUES('I.4.5-2','说明','TEXT_AREA',4,4,'I.4.5',4,'{"key":false,"nullable":true,"rows":4}');
INSERT INTO FIELD_DEFINE(GROUP_ID, _ORDINAL) VALUES ('I.4.5-2',0);
-- I.5.1
INSERT INTO FIELD_GROUP(GROUP_ID, NAME, TYPE, EDITOR_ORDINAL, DISPLAY_ORDINAL, DEFINE_ID,VIEW_ROW) VALUES ('I.5.1-1','卷页数','SIMPLE',1,1,'I.5.1',0);
INSERT INTO FIELD_DEFINE(GROUP_ID, _ORDINAL, _OPTION) VALUES ('I.5.1-1',0,'{"style": "col-lg-4 col-md-12","nullable":true,"key":false,"minLength":1, "maxLength":5 ,"label":"卷页数","controlType":"textbox"}');
INSERT INTO FIELD_DEFINE(GROUP_ID, _ORDINAL, _OPTION) VALUES ('I.5.1-1',1,'{"style": "col-lg-4 col-md-12","nullable":true,"key":true,"minLength":1, "maxLength":10 ,"label":"小区名称","controlType":"textbox"}');
INSERT INTO FIELD_DEFINE(GROUP_ID, _ORDINAL, _OPTION) VALUES ('I.5.1-1',2,'{"style": "col-lg-4 col-md-12","nullable":true,"key":true,"minLength":1, "maxLength":10 ,"label":"原档案位置","controlType":"textbox"}');
INSERT INTO FIELD_GROUP(GROUP_ID,NAME,TYPE,EDITOR_ORDINAL,DISPLAY_ORDINAL,DEFINE_ID,VIEW_ROW,_OPTION) VALUES('I.5.1-2','说明','TEXT_AREA',4,4,'I.5.1',4,'{"key":false,"nullable":true,"rows":4}');
INSERT INTO FIELD_DEFINE(GROUP_ID, _ORDINAL) VALUES ('I.5.1-2',0);
-- I.5.2
INSERT INTO FIELD_GROUP(GROUP_ID, NAME, TYPE, EDITOR_ORDINAL, DISPLAY_ORDINAL, DEFINE_ID,VIEW_ROW) VALUES ('I.5.2-1','卷页数','SIMPLE',1,1,'I.5.2',0);
INSERT INTO FIELD_DEFINE(GROUP_ID, _ORDINAL, _OPTION) VALUES ('I.5.2-1',0,'{"style": "col-lg-4 col-md-12","nullable":true,"key":false,"minLength":1, "maxLength":5 ,"label":"卷页数","controlType":"textbox"}');
INSERT INTO FIELD_DEFINE(GROUP_ID, _ORDINAL, _OPTION) VALUES ('I.5.2-1',1,'{"style": "col-lg-4 col-md-12","nullable":true,"key":true,"minLength":1, "maxLength":10 ,"label":"小区名称","controlType":"textbox"}');
INSERT INTO FIELD_DEFINE(GROUP_ID, _ORDINAL, _OPTION) VALUES ('I.5.2-1',2,'{"style": "col-lg-4 col-md-12","nullable":true,"key":true,"minLength":1, "maxLength":10 ,"label":"原档案位置","controlType":"textbox"}');
INSERT INTO FIELD_GROUP(GROUP_ID,NAME,TYPE,EDITOR_ORDINAL,DISPLAY_ORDINAL,DEFINE_ID,VIEW_ROW,_OPTION) VALUES('I.5.2-2','说明','TEXT_AREA',4,4,'I.5.2',4,'{"key":false,"nullable":true,"rows":4}');
INSERT INTO FIELD_DEFINE(GROUP_ID, _ORDINAL) VALUES ('I.5.2-2',0);
-- I.5.3
INSERT INTO FIELD_GROUP(GROUP_ID, NAME, TYPE, EDITOR_ORDINAL, DISPLAY_ORDINAL, DEFINE_ID,VIEW_ROW) VALUES ('I.5.3-1','卷页数','SIMPLE',1,1,'I.5.3',0);
INSERT INTO FIELD_DEFINE(GROUP_ID, _ORDINAL, _OPTION) VALUES ('I.5.3-1',0,'{"style": "col-lg-4 col-md-12","nullable":true,"key":false,"minLength":1, "maxLength":5 ,"label":"卷页数","controlType":"textbox"}');
INSERT INTO FIELD_DEFINE(GROUP_ID, _ORDINAL, _OPTION) VALUES ('I.5.3-1',1,'{"style": "col-lg-4 col-md-12","nullable":true,"key":true,"minLength":1, "maxLength":10 ,"label":"小区名称","controlType":"textbox"}');
INSERT INTO FIELD_DEFINE(GROUP_ID, _ORDINAL, _OPTION) VALUES ('I.5.3-1',2,'{"style": "col-lg-4 col-md-12","nullable":true,"key":true,"minLength":1, "maxLength":10 ,"label":"原档案位置","controlType":"textbox"}');
INSERT INTO FIELD_GROUP(GROUP_ID,NAME,TYPE,EDITOR_ORDINAL,DISPLAY_ORDINAL,DEFINE_ID,VIEW_ROW,_OPTION) VALUES('I.5.3-2','说明','TEXT_AREA',4,4,'I.5.3',4,'{"key":false,"nullable":true,"rows":4}');
INSERT INTO FIELD_DEFINE(GROUP_ID, _ORDINAL) VALUES ('I.5.3-2',0);
-- I.6.1
INSERT INTO FIELD_GROUP(GROUP_ID, NAME, TYPE, EDITOR_ORDINAL, DISPLAY_ORDINAL, DEFINE_ID,VIEW_ROW) VALUES ('I.6.1-1','卷页数','SIMPLE',1,1,'I.6.1',0);
INSERT INTO FIELD_DEFINE(GROUP_ID, _ORDINAL, _OPTION) VALUES ('I.6.1-1',0,'{"style": "col-lg-4 col-md-12","nullable":true,"key":false,"minLength":1, "maxLength":5 ,"label":"卷页数","controlType":"textbox"}');
INSERT INTO FIELD_DEFINE(GROUP_ID, _ORDINAL, _OPTION) VALUES ('I.6.1-1',1,'{"style": "col-lg-4 col-md-12","nullable":true,"key":true,"minLength":1, "maxLength":10 ,"label":"小区名称","controlType":"textbox"}');
INSERT INTO FIELD_DEFINE(GROUP_ID, _ORDINAL, _OPTION) VALUES ('I.6.1-1',2,'{"style": "col-lg-4 col-md-12","nullable":true,"key":true,"minLength":1, "maxLength":10 ,"label":"原档案位置","controlType":"textbox"}');
INSERT INTO FIELD_GROUP(GROUP_ID,NAME,TYPE,EDITOR_ORDINAL,DISPLAY_ORDINAL,DEFINE_ID,VIEW_ROW,_OPTION) VALUES('I.6.1-2','说明','TEXT_AREA',4,4,'I.6.1',4,'{"key":false,"nullable":true,"rows":4}');
INSERT INTO FIELD_DEFINE(GROUP_ID, _ORDINAL) VALUES ('I.6.1-2',0);
-- 20
INSERT INTO FIELD_GROUP(GROUP_ID, NAME, TYPE, EDITOR_ORDINAL, DISPLAY_ORDINAL, DEFINE_ID,VIEW_ROW) VALUES ('I.6.2-1','卷页数','SIMPLE',1,1,'I.6.2',0);
INSERT INTO FIELD_DEFINE(GROUP_ID, _ORDINAL, _OPTION) VALUES ('I.6.2-1',0,'{"style": "col-lg-4 col-md-12","nullable":true,"key":false,"minLength":1, "maxLength":5 ,"label":"卷页数","controlType":"textbox"}');
INSERT INTO FIELD_DEFINE(GROUP_ID, _ORDINAL, _OPTION) VALUES ('I.6.2-1',1,'{"style": "col-lg-4 col-md-12","nullable":true,"key":true,"minLength":1, "maxLength":10 ,"label":"小区名称","controlType":"textbox"}');
INSERT INTO FIELD_DEFINE(GROUP_ID, _ORDINAL, _OPTION) VALUES ('I.6.2-1',2,'{"style": "col-lg-4 col-md-12","nullable":true,"key":true,"minLength":1, "maxLength":10 ,"label":"原档案位置","controlType":"textbox"}');
INSERT INTO FIELD_GROUP(GROUP_ID,NAME,TYPE,EDITOR_ORDINAL,DISPLAY_ORDINAL,DEFINE_ID,VIEW_ROW,_OPTION) VALUES('I.6.2-2','说明','TEXT_AREA',4,4,'I.6.2',4,'{"key":false,"nullable":true,"rows":4}');
INSERT INTO FIELD_DEFINE(GROUP_ID, _ORDINAL) VALUES ('I.6.2-2',0);
-- I.7.1
INSERT INTO FIELD_GROUP(GROUP_ID, NAME, TYPE, EDITOR_ORDINAL, DISPLAY_ORDINAL, DEFINE_ID,VIEW_ROW) VALUES ('I.7.1-1','卷页数','SIMPLE',1,1,'I.7.1',0);
INSERT INTO FIELD_DEFINE(GROUP_ID, _ORDINAL, _OPTION) VALUES ('I.7.1-1',0,'{"style": "col-lg-4 col-md-12","nullable":true,"key":false,"minLength":1, "maxLength":5 ,"label":"卷页数","controlType":"textbox"}');
INSERT INTO FIELD_DEFINE(GROUP_ID, _ORDINAL, _OPTION) VALUES ('I.7.1-1',1,'{"style": "col-lg-4 col-md-12","nullable":true,"key":true,"minLength":1, "maxLength":10 ,"label":"小区名称","controlType":"textbox"}');
INSERT INTO FIELD_DEFINE(GROUP_ID, _ORDINAL, _OPTION) VALUES ('I.7.1-1',2,'{"style": "col-lg-4 col-md-12","nullable":true,"key":true,"minLength":1, "maxLength":10 ,"label":"原档案位置","controlType":"textbox"}');
INSERT INTO FIELD_GROUP(GROUP_ID,NAME,TYPE,EDITOR_ORDINAL,DISPLAY_ORDINAL,DEFINE_ID,VIEW_ROW,_OPTION) VALUES('I.7.1-2','说明','TEXT_AREA',4,4,'I.7.1',4,'{"key":false,"nullable":true,"rows":4}');
INSERT INTO FIELD_DEFINE(GROUP_ID, _ORDINAL) VALUES ('I.7.1-2',0);
-- I.7.2
INSERT INTO FIELD_GROUP(GROUP_ID, NAME, TYPE, EDITOR_ORDINAL, DISPLAY_ORDINAL, DEFINE_ID,VIEW_ROW) VALUES ('I.7.2-1','卷页数','SIMPLE',1,1,'I.7.2',0);
INSERT INTO FIELD_DEFINE(GROUP_ID, _ORDINAL, _OPTION) VALUES ('I.7.2-1',0,'{"style": "col-lg-4 col-md-12","nullable":true,"key":false,"minLength":1, "maxLength":5 ,"label":"卷页数","controlType":"textbox"}');
INSERT INTO FIELD_DEFINE(GROUP_ID, _ORDINAL, _OPTION) VALUES ('I.7.2-1',1,'{"style": "col-lg-4 col-md-12","nullable":true,"key":true,"minLength":1, "maxLength":10 ,"label":"小区名称","controlType":"textbox"}');
INSERT INTO FIELD_DEFINE(GROUP_ID, _ORDINAL, _OPTION) VALUES ('I.7.2-1',2,'{"style": "col-lg-4 col-md-12","nullable":true,"key":true,"minLength":1, "maxLength":10 ,"label":"原档案位置","controlType":"textbox"}');
INSERT INTO FIELD_GROUP(GROUP_ID,NAME,TYPE,EDITOR_ORDINAL,DISPLAY_ORDINAL,DEFINE_ID,VIEW_ROW,_OPTION) VALUES('I.7.2-2','说明','TEXT_AREA',4,4,'I.7.2',4,'{"key":false,"nullable":true,"rows":4}');
INSERT INTO FIELD_DEFINE(GROUP_ID, _ORDINAL) VALUES ('I.7.2-2',0);
-- I.7.3
INSERT INTO FIELD_GROUP(GROUP_ID, NAME, TYPE, EDITOR_ORDINAL, DISPLAY_ORDINAL, DEFINE_ID,VIEW_ROW) VALUES ('I.7.3-1','卷页数','SIMPLE',1,1,'I.7.3',0);
INSERT INTO FIELD_DEFINE(GROUP_ID, _ORDINAL, _OPTION) VALUES ('I.7.3-1',0,'{"style": "col-lg-4 col-md-12","nullable":true,"key":false,"minLength":1, "maxLength":5 ,"label":"卷页数","controlType":"textbox"}');
INSERT INTO FIELD_DEFINE(GROUP_ID, _ORDINAL, _OPTION) VALUES ('I.7.3-1',1,'{"style": "col-lg-4 col-md-12","nullable":true,"key":true,"minLength":1, "maxLength":10 ,"label":"小区名称","controlType":"textbox"}');
INSERT INTO FIELD_DEFINE(GROUP_ID, _ORDINAL, _OPTION) VALUES ('I.7.3-1',2,'{"style": "col-lg-4 col-md-12","nullable":true,"key":true,"minLength":1, "maxLength":10 ,"label":"原档案位置","controlType":"textbox"}');
INSERT INTO FIELD_GROUP(GROUP_ID,NAME,TYPE,EDITOR_ORDINAL,DISPLAY_ORDINAL,DEFINE_ID,VIEW_ROW,_OPTION) VALUES('I.7.3-2','说明','TEXT_AREA',4,4,'I.7.3',4,'{"key":false,"nullable":true,"rows":4}');
INSERT INTO FIELD_DEFINE(GROUP_ID, _ORDINAL) VALUES ('I.7.3-2',0);
-- I.8.1
INSERT INTO FIELD_GROUP(GROUP_ID, NAME, TYPE, EDITOR_ORDINAL, DISPLAY_ORDINAL, DEFINE_ID,VIEW_ROW) VALUES ('I.8.1-1','卷页数','SIMPLE',1,1,'I.8.1',0);
INSERT INTO FIELD_DEFINE(GROUP_ID, _ORDINAL, _OPTION) VALUES ('I.8.1-1',0,'{"style": "col-lg-4 col-md-12","nullable":true,"key":false,"minLength":1, "maxLength":5 ,"label":"卷页数","controlType":"textbox"}');
INSERT INTO FIELD_DEFINE(GROUP_ID, _ORDINAL, _OPTION) VALUES ('I.8.1-1',1,'{"style": "col-lg-4 col-md-12","nullable":true,"key":true,"minLength":1, "maxLength":10 ,"label":"小区名称","controlType":"textbox"}');
INSERT INTO FIELD_DEFINE(GROUP_ID, _ORDINAL, _OPTION) VALUES ('I.8.1-1',2,'{"style": "col-lg-4 col-md-12","nullable":true,"key":true,"minLength":1, "maxLength":10 ,"label":"原档案位置","controlType":"textbox"}');
INSERT INTO FIELD_GROUP(GROUP_ID,NAME,TYPE,EDITOR_ORDINAL,DISPLAY_ORDINAL,DEFINE_ID,VIEW_ROW,_OPTION) VALUES('I.8.1-2','说明','TEXT_AREA',4,4,'I.8.1',4,'{"key":false,"nullable":true,"rows":4}');
INSERT INTO FIELD_DEFINE(GROUP_ID, _ORDINAL) VALUES ('I.8.1-2',0);
-- I.8.2
INSERT INTO FIELD_GROUP(GROUP_ID, NAME, TYPE, EDITOR_ORDINAL, DISPLAY_ORDINAL, DEFINE_ID,VIEW_ROW) VALUES ('I.8.2-1','卷页数','SIMPLE',1,1,'I.8.2',0);
INSERT INTO FIELD_DEFINE(GROUP_ID, _ORDINAL, _OPTION) VALUES ('I.8.2-1',0,'{"style": "col-lg-4 col-md-12","nullable":true,"key":false,"minLength":1, "maxLength":5 ,"label":"卷页数","controlType":"textbox"}');
INSERT INTO FIELD_DEFINE(GROUP_ID, _ORDINAL, _OPTION) VALUES ('I.8.2-1',1,'{"style": "col-lg-4 col-md-12","nullable":true,"key":true,"minLength":1, "maxLength":10 ,"label":"小区名称","controlType":"textbox"}');
INSERT INTO FIELD_DEFINE(GROUP_ID, _ORDINAL, _OPTION) VALUES ('I.8.2-1',2,'{"style": "col-lg-4 col-md-12","nullable":true,"key":true,"minLength":1, "maxLength":10 ,"label":"原档案位置","controlType":"textbox"}');
INSERT INTO FIELD_GROUP(GROUP_ID,NAME,TYPE,EDITOR_ORDINAL,DISPLAY_ORDINAL,DEFINE_ID,VIEW_ROW,_OPTION) VALUES('I.8.2-2','说明','TEXT_AREA',4,4,'I.8.2',4,'{"key":false,"nullable":true,"rows":4}');
INSERT INTO FIELD_DEFINE(GROUP_ID, _ORDINAL) VALUES ('I.8.2-2',0);
-- I.8.3
INSERT INTO FIELD_GROUP(GROUP_ID, NAME, TYPE, EDITOR_ORDINAL, DISPLAY_ORDINAL, DEFINE_ID,VIEW_ROW) VALUES ('I.8.3-1','卷页数','SIMPLE',1,1,'I.8.3',0);
INSERT INTO FIELD_DEFINE(GROUP_ID, _ORDINAL, _OPTION) VALUES ('I.8.3-1',0,'{"style": "col-lg-4 col-md-12","nullable":true,"key":false,"minLength":1, "maxLength":5 ,"label":"卷页数","controlType":"textbox"}');
INSERT INTO FIELD_DEFINE(GROUP_ID, _ORDINAL, _OPTION) VALUES ('I.8.3-1',1,'{"style": "col-lg-4 col-md-12","nullable":true,"key":true,"minLength":1, "maxLength":10 ,"label":"小区名称","controlType":"textbox"}');
INSERT INTO FIELD_DEFINE(GROUP_ID, _ORDINAL, _OPTION) VALUES ('I.8.3-1',2,'{"style": "col-lg-4 col-md-12","nullable":true,"key":true,"minLength":1, "maxLength":10 ,"label":"原档案位置","controlType":"textbox"}');
INSERT INTO FIELD_GROUP(GROUP_ID,NAME,TYPE,EDITOR_ORDINAL,DISPLAY_ORDINAL,DEFINE_ID,VIEW_ROW,_OPTION) VALUES('I.8.3-2','说明','TEXT_AREA',4,4,'I.8.3',4,'{"key":false,"nullable":true,"rows":4}');
INSERT INTO FIELD_DEFINE(GROUP_ID, _ORDINAL) VALUES ('I.8.3-2',0);
-- I.8.4
INSERT INTO FIELD_GROUP(GROUP_ID, NAME, TYPE, EDITOR_ORDINAL, DISPLAY_ORDINAL, DEFINE_ID,VIEW_ROW) VALUES ('I.8.4-1','卷页数','SIMPLE',1,1,'I.8.4',0);
INSERT INTO FIELD_DEFINE(GROUP_ID, _ORDINAL, _OPTION) VALUES ('I.8.4-1',0,'{"style": "col-lg-4 col-md-12","nullable":true,"key":false,"minLength":1, "maxLength":5 ,"label":"卷页数","controlType":"textbox"}');
INSERT INTO FIELD_DEFINE(GROUP_ID, _ORDINAL, _OPTION) VALUES ('I.8.4-1',1,'{"style": "col-lg-4 col-md-12","nullable":true,"key":true,"minLength":1, "maxLength":10 ,"label":"小区名称","controlType":"textbox"}');
INSERT INTO FIELD_DEFINE(GROUP_ID, _ORDINAL, _OPTION) VALUES ('I.8.4-1',2,'{"style": "col-lg-4 col-md-12","nullable":true,"key":true,"minLength":1, "maxLength":10 ,"label":"原档案位置","controlType":"textbox"}');
INSERT INTO FIELD_GROUP(GROUP_ID,NAME,TYPE,EDITOR_ORDINAL,DISPLAY_ORDINAL,DEFINE_ID,VIEW_ROW,_OPTION) VALUES('I.8.4-2','说明','TEXT_AREA',4,4,'I.8.4',4,'{"key":false,"nullable":true,"rows":4}');
INSERT INTO FIELD_DEFINE(GROUP_ID, _ORDINAL) VALUES ('I.8.4-2',0);

-- BUSINESS_DEFINE J 名胜古迹、园林绿化类
INSERT INTO BUSINESS_DEFINE(DEFINE_ID, NAME, CATEGORY_ID, _VERSION, PRIORITY, ENABLE, WF_VER,SUMMARY,DEFAULT_ROOM, DEFAULT_RACK) VALUES('J.1.1','公园','J',1,1,true,1,'送交单位:{.deliver} 案卷题名:{.projectName}','3','3-1');
INSERT INTO BUSINESS_DEFINE(DEFINE_ID, NAME, CATEGORY_ID, _VERSION, PRIORITY, ENABLE, WF_VER,SUMMARY,DEFAULT_ROOM, DEFAULT_RACK) VALUES('J.2.1','绿地、苗圃','J',1,2,true,1,'送交单位:{.deliver} 案卷题名:{.projectName}','3','3-1');
INSERT INTO BUSINESS_DEFINE(DEFINE_ID, NAME, CATEGORY_ID, _VERSION, PRIORITY, ENABLE, WF_VER,SUMMARY,DEFAULT_ROOM, DEFAULT_RACK) VALUES('J.3.1','名木古树','J',1,3,true,1,'送交单位:{.deliver} 案卷题名:{.projectName}','3','3-1');
INSERT INTO BUSINESS_DEFINE(DEFINE_ID, NAME, CATEGORY_ID, _VERSION, PRIORITY, ENABLE, WF_VER,SUMMARY,DEFAULT_ROOM, DEFAULT_RACK) VALUES('J.4.1','纪念性建筑','J',1,4,true,1,'送交单位:{.deliver} 案卷题名:{.projectName}','3','3-1');
INSERT INTO BUSINESS_DEFINE(DEFINE_ID, NAME, CATEGORY_ID, _VERSION, PRIORITY, ENABLE, WF_VER,SUMMARY,DEFAULT_ROOM, DEFAULT_RACK) VALUES('J.5.1','名人故居','J',1,5,true,1,'送交单位:{.deliver} 案卷题名:{.projectName}','3','3-1');
INSERT INTO BUSINESS_DEFINE(DEFINE_ID, NAME, CATEGORY_ID, _VERSION, PRIORITY, ENABLE, WF_VER,SUMMARY,DEFAULT_ROOM, DEFAULT_RACK) VALUES('J.6.1','名胜古迹、古建筑','J',1,6,true,1,'送交单位:{.deliver} 案卷题名:{.projectName}','3','3-1');
INSERT INTO BUSINESS_DEFINE(DEFINE_ID, NAME, CATEGORY_ID, _VERSION, PRIORITY, ENABLE, WF_VER,SUMMARY,DEFAULT_ROOM, DEFAULT_RACK) VALUES('J.7.1','城市雕塑','J',1,7,true,1,'送交单位:{.deliver} 案卷题名:{.projectName}','3','3-1');
-- J.1.1
INSERT INTO FIELD_GROUP(GROUP_ID, NAME, TYPE, EDITOR_ORDINAL, DISPLAY_ORDINAL, DEFINE_ID,VIEW_ROW) VALUES ('J.1.1-1','卷页数','SIMPLE',1,1,'J.1.1',0);
INSERT INTO FIELD_DEFINE(GROUP_ID, _ORDINAL, _OPTION) VALUES ('J.1.1-1',0,'{"style": "col-lg-4 col-md-12","nullable":true,"key":false,"minLength":1, "maxLength":5 ,"label":"卷页数","controlType":"textbox"}');
INSERT INTO FIELD_DEFINE(GROUP_ID, _ORDINAL, _OPTION) VALUES ('J.1.1-1',2,'{"style": "col-lg-4 col-md-12","nullable":true,"key":true,"minLength":1, "maxLength":10 ,"label":"原档案位置","controlType":"textbox"}');
INSERT INTO FIELD_GROUP(GROUP_ID,NAME,TYPE,EDITOR_ORDINAL,DISPLAY_ORDINAL,DEFINE_ID,VIEW_ROW,_OPTION) VALUES('J.1.1-2','说明','TEXT_AREA',4,4,'J.1.1',4,'{"key":false,"nullable":true,"rows":4}');
INSERT INTO FIELD_DEFINE(GROUP_ID, _ORDINAL) VALUES ('J.1.1-2',0);
-- J.2.1
INSERT INTO FIELD_GROUP(GROUP_ID, NAME, TYPE, EDITOR_ORDINAL, DISPLAY_ORDINAL, DEFINE_ID,VIEW_ROW) VALUES ('J.2.1-1','卷页数','SIMPLE',1,1,'J.2.1',0);
INSERT INTO FIELD_DEFINE(GROUP_ID, _ORDINAL, _OPTION) VALUES ('J.2.1-1',0,'{"style": "col-lg-4 col-md-12","nullable":true,"key":false,"minLength":1, "maxLength":5 ,"label":"卷页数","controlType":"textbox"}');
INSERT INTO FIELD_DEFINE(GROUP_ID, _ORDINAL, _OPTION) VALUES ('J.2.1-1',2,'{"style": "col-lg-4 col-md-12","nullable":true,"key":true,"minLength":1, "maxLength":10 ,"label":"原档案位置","controlType":"textbox"}');
INSERT INTO FIELD_GROUP(GROUP_ID,NAME,TYPE,EDITOR_ORDINAL,DISPLAY_ORDINAL,DEFINE_ID,VIEW_ROW,_OPTION) VALUES('J.2.1-2','说明','TEXT_AREA',4,4,'J.2.1',4,'{"key":false,"nullable":true,"rows":4}');
INSERT INTO FIELD_DEFINE(GROUP_ID, _ORDINAL) VALUES ('J.2.1-2',0);
-- J.3.1
INSERT INTO FIELD_GROUP(GROUP_ID, NAME, TYPE, EDITOR_ORDINAL, DISPLAY_ORDINAL, DEFINE_ID,VIEW_ROW) VALUES ('J.3.1-1','卷页数','SIMPLE',1,1,'J.3.1',0);
INSERT INTO FIELD_DEFINE(GROUP_ID, _ORDINAL, _OPTION) VALUES ('J.3.1-1',0,'{"style": "col-lg-4 col-md-12","nullable":true,"key":false,"minLength":1, "maxLength":5 ,"label":"卷页数","controlType":"textbox"}');
INSERT INTO FIELD_DEFINE(GROUP_ID, _ORDINAL, _OPTION) VALUES ('J.3.1-1',2,'{"style": "col-lg-4 col-md-12","nullable":true,"key":true,"minLength":1, "maxLength":10 ,"label":"原档案位置","controlType":"textbox"}');
INSERT INTO FIELD_GROUP(GROUP_ID,NAME,TYPE,EDITOR_ORDINAL,DISPLAY_ORDINAL,DEFINE_ID,VIEW_ROW,_OPTION) VALUES('J.3.1-2','说明','TEXT_AREA',4,4,'J.3.1',4,'{"key":false,"nullable":true,"rows":4}');
INSERT INTO FIELD_DEFINE(GROUP_ID, _ORDINAL) VALUES ('J.3.1-2',0);
-- J.4.1
INSERT INTO FIELD_GROUP(GROUP_ID, NAME, TYPE, EDITOR_ORDINAL, DISPLAY_ORDINAL, DEFINE_ID,VIEW_ROW) VALUES ('J.4.1-1','卷页数','SIMPLE',1,1,'J.4.1',0);
INSERT INTO FIELD_DEFINE(GROUP_ID, _ORDINAL, _OPTION) VALUES ('J.4.1-1',0,'{"style": "col-lg-4 col-md-12","nullable":true,"key":false,"minLength":1, "maxLength":5 ,"label":"卷页数","controlType":"textbox"}');
INSERT INTO FIELD_DEFINE(GROUP_ID, _ORDINAL, _OPTION) VALUES ('J.4.1-1',2,'{"style": "col-lg-4 col-md-12","nullable":true,"key":true,"minLength":1, "maxLength":10 ,"label":"原档案位置","controlType":"textbox"}');
INSERT INTO FIELD_GROUP(GROUP_ID,NAME,TYPE,EDITOR_ORDINAL,DISPLAY_ORDINAL,DEFINE_ID,VIEW_ROW,_OPTION) VALUES('J.4.1-2','说明','TEXT_AREA',4,4,'J.4.1',4,'{"key":false,"nullable":true,"rows":4}');
INSERT INTO FIELD_DEFINE(GROUP_ID, _ORDINAL) VALUES ('J.4.1-2',0);
-- J.5.1
INSERT INTO FIELD_GROUP(GROUP_ID, NAME, TYPE, EDITOR_ORDINAL, DISPLAY_ORDINAL, DEFINE_ID,VIEW_ROW) VALUES ('J.5.1-1','卷页数','SIMPLE',1,1,'J.5.1',0);
INSERT INTO FIELD_DEFINE(GROUP_ID, _ORDINAL, _OPTION) VALUES ('J.5.1-1',0,'{"style": "col-lg-4 col-md-12","nullable":true,"key":false,"minLength":1, "maxLength":5 ,"label":"卷页数","controlType":"textbox"}');
INSERT INTO FIELD_DEFINE(GROUP_ID, _ORDINAL, _OPTION) VALUES ('J.5.1-1',2,'{"style": "col-lg-4 col-md-12","nullable":true,"key":true,"minLength":1, "maxLength":10 ,"label":"原档案位置","controlType":"textbox"}');
INSERT INTO FIELD_GROUP(GROUP_ID,NAME,TYPE,EDITOR_ORDINAL,DISPLAY_ORDINAL,DEFINE_ID,VIEW_ROW,_OPTION) VALUES('J.5.1-2','说明','TEXT_AREA',4,4,'J.5.1',4,'{"key":false,"nullable":true,"rows":4}');
INSERT INTO FIELD_DEFINE(GROUP_ID, _ORDINAL) VALUES ('J.5.1-2',0);
-- J.6.1
INSERT INTO FIELD_GROUP(GROUP_ID, NAME, TYPE, EDITOR_ORDINAL, DISPLAY_ORDINAL, DEFINE_ID,VIEW_ROW) VALUES ('J.6.1-1','卷页数','SIMPLE',1,1,'J.6.1',0);
INSERT INTO FIELD_DEFINE(GROUP_ID, _ORDINAL, _OPTION) VALUES ('J.6.1-1',0,'{"style": "col-lg-4 col-md-12","nullable":true,"key":false,"minLength":1, "maxLength":5 ,"label":"卷页数","controlType":"textbox"}');
INSERT INTO FIELD_DEFINE(GROUP_ID, _ORDINAL, _OPTION) VALUES ('J.6.1-1',2,'{"style": "col-lg-4 col-md-12","nullable":true,"key":true,"minLength":1, "maxLength":10 ,"label":"原档案位置","controlType":"textbox"}');
INSERT INTO FIELD_GROUP(GROUP_ID,NAME,TYPE,EDITOR_ORDINAL,DISPLAY_ORDINAL,DEFINE_ID,VIEW_ROW,_OPTION) VALUES('J.6.1-2','说明','TEXT_AREA',4,4,'J.6.1',4,'{"key":false,"nullable":true,"rows":4}');
INSERT INTO FIELD_DEFINE(GROUP_ID, _ORDINAL) VALUES ('J.6.1-2',0);
-- J.7.1
INSERT INTO FIELD_GROUP(GROUP_ID, NAME, TYPE, EDITOR_ORDINAL, DISPLAY_ORDINAL, DEFINE_ID,VIEW_ROW) VALUES ('J.7.1-1','卷页数','SIMPLE',1,1,'J.7.1',0);
INSERT INTO FIELD_DEFINE(GROUP_ID, _ORDINAL, _OPTION) VALUES ('J.7.1-1',0,'{"style": "col-lg-4 col-md-12","nullable":true,"key":false,"minLength":1, "maxLength":5 ,"label":"卷页数","controlType":"textbox"}');
INSERT INTO FIELD_DEFINE(GROUP_ID, _ORDINAL, _OPTION) VALUES ('J.7.1-1',2,'{"style": "col-lg-4 col-md-12","nullable":true,"key":true,"minLength":1, "maxLength":10 ,"label":"原档案位置","controlType":"textbox"}');
INSERT INTO FIELD_GROUP(GROUP_ID,NAME,TYPE,EDITOR_ORDINAL,DISPLAY_ORDINAL,DEFINE_ID,VIEW_ROW,_OPTION) VALUES('J.7.1-2','说明','TEXT_AREA',4,4,'J.7.1',4,'{"key":false,"nullable":true,"rows":4}');
INSERT INTO FIELD_DEFINE(GROUP_ID, _ORDINAL) VALUES ('J.7.1-2',0);

-- BUSINESS_DEFINE K 环境保护类
INSERT INTO BUSINESS_DEFINE(DEFINE_ID, NAME, CATEGORY_ID, _VERSION, PRIORITY, ENABLE, WF_VER,SUMMARY,DEFAULT_ROOM, DEFAULT_RACK) VALUES('K.1.1','环境管理','K',1,1,true,1,'送交单位:{.deliver} 案卷题名:{.projectName}','3','3-1');
INSERT INTO BUSINESS_DEFINE(DEFINE_ID, NAME, CATEGORY_ID, _VERSION, PRIORITY, ENABLE, WF_VER,SUMMARY,DEFAULT_ROOM, DEFAULT_RACK) VALUES('K.2.1','环境监测','K',1,2,true,1,'送交单位:{.deliver} 案卷题名:{.projectName}','3','3-1');
INSERT INTO BUSINESS_DEFINE(DEFINE_ID, NAME, CATEGORY_ID, _VERSION, PRIORITY, ENABLE, WF_VER,SUMMARY,DEFAULT_ROOM, DEFAULT_RACK) VALUES('K.3.1','环境治理','K',1,3,true,1,'送交单位:{.deliver} 案卷题名:{.projectName}','3','3-1');
INSERT INTO BUSINESS_DEFINE(DEFINE_ID, NAME, CATEGORY_ID, _VERSION, PRIORITY, ENABLE, WF_VER,SUMMARY,DEFAULT_ROOM, DEFAULT_RACK) VALUES('K.4.1','自然保护','K',1,4,true,1,'送交单位:{.deliver} 案卷题名:{.projectName}','3','3-1');
-- K.1.1
INSERT INTO FIELD_GROUP(GROUP_ID, NAME, TYPE, EDITOR_ORDINAL, DISPLAY_ORDINAL, DEFINE_ID,VIEW_ROW) VALUES ('K.1.1-1','卷页数','SIMPLE',1,1,'K.1.1',0);
INSERT INTO FIELD_DEFINE(GROUP_ID, _ORDINAL, _OPTION) VALUES ('K.1.1-1',0,'{"style": "col-lg-4 col-md-12","nullable":true,"key":false,"minLength":1, "maxLength":5 ,"label":"卷页数","controlType":"textbox"}');
INSERT INTO FIELD_DEFINE(GROUP_ID, _ORDINAL, _OPTION) VALUES ('K.1.1-1',2,'{"style": "col-lg-4 col-md-12","nullable":true,"key":true,"minLength":1, "maxLength":10 ,"label":"原档案位置","controlType":"textbox"}');
INSERT INTO FIELD_GROUP(GROUP_ID,NAME,TYPE,EDITOR_ORDINAL,DISPLAY_ORDINAL,DEFINE_ID,VIEW_ROW,_OPTION) VALUES('K.1.1-2','说明','TEXT_AREA',4,4,'K.1.1',4,'{"key":false,"nullable":true,"rows":4}');
INSERT INTO FIELD_DEFINE(GROUP_ID, _ORDINAL) VALUES ('K.1.1-2',0);
-- K.2.1
INSERT INTO FIELD_GROUP(GROUP_ID, NAME, TYPE, EDITOR_ORDINAL, DISPLAY_ORDINAL, DEFINE_ID,VIEW_ROW) VALUES ('K.2.1-1','卷页数','SIMPLE',1,1,'K.2.1',0);
INSERT INTO FIELD_DEFINE(GROUP_ID, _ORDINAL, _OPTION) VALUES ('K.2.1-1',0,'{"style": "col-lg-4 col-md-12","nullable":true,"key":false,"minLength":1, "maxLength":5 ,"label":"卷页数","controlType":"textbox"}');
INSERT INTO FIELD_DEFINE(GROUP_ID, _ORDINAL, _OPTION) VALUES ('K.2.1-1',2,'{"style": "col-lg-4 col-md-12","nullable":true,"key":true,"minLength":1, "maxLength":10 ,"label":"原档案位置","controlType":"textbox"}');
INSERT INTO FIELD_GROUP(GROUP_ID,NAME,TYPE,EDITOR_ORDINAL,DISPLAY_ORDINAL,DEFINE_ID,VIEW_ROW,_OPTION) VALUES('K.2.1-2','说明','TEXT_AREA',4,4,'K.2.1',4,'{"key":false,"nullable":true,"rows":4}');
INSERT INTO FIELD_DEFINE(GROUP_ID, _ORDINAL) VALUES ('K.2.1-2',0);
-- K.3.1
INSERT INTO FIELD_GROUP(GROUP_ID, NAME, TYPE, EDITOR_ORDINAL, DISPLAY_ORDINAL, DEFINE_ID,VIEW_ROW) VALUES ('K.3.1-1','卷页数','SIMPLE',1,1,'K.3.1',0);
INSERT INTO FIELD_DEFINE(GROUP_ID, _ORDINAL, _OPTION) VALUES ('K.3.1-1',0,'{"style": "col-lg-4 col-md-12","nullable":true,"key":false,"minLength":1, "maxLength":5 ,"label":"卷页数","controlType":"textbox"}');
INSERT INTO FIELD_DEFINE(GROUP_ID, _ORDINAL, _OPTION) VALUES ('K.3.1-1',2,'{"style": "col-lg-4 col-md-12","nullable":true,"key":true,"minLength":1, "maxLength":10 ,"label":"原档案位置","controlType":"textbox"}');
INSERT INTO FIELD_GROUP(GROUP_ID,NAME,TYPE,EDITOR_ORDINAL,DISPLAY_ORDINAL,DEFINE_ID,VIEW_ROW,_OPTION) VALUES('K.3.1-2','说明','TEXT_AREA',4,4,'K.3.1',4,'{"key":false,"nullable":true,"rows":4}');
INSERT INTO FIELD_DEFINE(GROUP_ID, _ORDINAL) VALUES ('K.3.1-2',0);
-- K.4.1
INSERT INTO FIELD_GROUP(GROUP_ID, NAME, TYPE, EDITOR_ORDINAL, DISPLAY_ORDINAL, DEFINE_ID,VIEW_ROW) VALUES ('K.4.1-1','卷页数','SIMPLE',1,1,'K.4.1',0);
INSERT INTO FIELD_DEFINE(GROUP_ID, _ORDINAL, _OPTION) VALUES ('K.4.1-1',0,'{"style": "col-lg-4 col-md-12","nullable":true,"key":false,"minLength":1, "maxLength":5 ,"label":"卷页数","controlType":"textbox"}');
INSERT INTO FIELD_DEFINE(GROUP_ID, _ORDINAL, _OPTION) VALUES ('K.4.1-1',2,'{"style": "col-lg-4 col-md-12","nullable":true,"key":true,"minLength":1, "maxLength":10 ,"label":"原档案位置","controlType":"textbox"}');
INSERT INTO FIELD_GROUP(GROUP_ID,NAME,TYPE,EDITOR_ORDINAL,DISPLAY_ORDINAL,DEFINE_ID,VIEW_ROW,_OPTION) VALUES('K.4.1-2','说明','TEXT_AREA',4,4,'K.4.1',4,'{"key":false,"nullable":true,"rows":4}');
INSERT INTO FIELD_DEFINE(GROUP_ID, _ORDINAL) VALUES ('K.4.1-2',0);

-- BUSINESS_DEFINE L 城市建设科学研究类
INSERT INTO BUSINESS_DEFINE(DEFINE_ID, NAME, CATEGORY_ID, _VERSION, PRIORITY, ENABLE, WF_VER,SUMMARY,DEFAULT_ROOM, DEFAULT_RACK) VALUES('L.1.1','城市规划设计','L',1,1,true,1,'送交单位:{.deliver} 案卷题名:{.projectName}','3','3-1');
INSERT INTO BUSINESS_DEFINE(DEFINE_ID, NAME, CATEGORY_ID, _VERSION, PRIORITY, ENABLE, WF_VER,SUMMARY,DEFAULT_ROOM, DEFAULT_RACK) VALUES('L.2.1','城市建设','L',1,2,true,1,'送交单位:{.deliver} 案卷题名:{.projectName}','3','3-1');
INSERT INTO BUSINESS_DEFINE(DEFINE_ID, NAME, CATEGORY_ID, _VERSION, PRIORITY, ENABLE, WF_VER,SUMMARY,DEFAULT_ROOM, DEFAULT_RACK) VALUES('L.3.1','城市建筑科学技术','L',1,3,true,1,'送交单位:{.deliver} 案卷题名:{.projectName}','3','3-1');
INSERT INTO BUSINESS_DEFINE(DEFINE_ID, NAME, CATEGORY_ID, _VERSION, PRIORITY, ENABLE, WF_VER,SUMMARY,DEFAULT_ROOM, DEFAULT_RACK) VALUES('L.4.1','城市规范化管理','L',1,4,true,1,'送交单位:{.deliver} 案卷题名:{.projectName}','3','3-1');

-- L.1.1
INSERT INTO FIELD_GROUP(GROUP_ID, NAME, TYPE, EDITOR_ORDINAL, DISPLAY_ORDINAL, DEFINE_ID,VIEW_ROW) VALUES ('L.1.1-1','卷页数','SIMPLE',1,1,'L.1.1',0);
INSERT INTO FIELD_DEFINE(GROUP_ID, _ORDINAL, _OPTION) VALUES ('L.1.1-1',0,'{"style": "col-lg-4 col-md-12","nullable":true,"key":false,"minLength":1, "maxLength":5 ,"label":"卷页数","controlType":"textbox"}');
INSERT INTO FIELD_DEFINE(GROUP_ID, _ORDINAL, _OPTION) VALUES ('L.1.1-1',2,'{"style": "col-lg-4 col-md-12","nullable":true,"key":true,"minLength":1, "maxLength":10 ,"label":"原档案位置","controlType":"textbox"}');
INSERT INTO FIELD_GROUP(GROUP_ID,NAME,TYPE,EDITOR_ORDINAL,DISPLAY_ORDINAL,DEFINE_ID,VIEW_ROW,_OPTION) VALUES('L.1.1-2','说明','TEXT_AREA',4,4,'L.1.1',4,'{"key":false,"nullable":true,"rows":4}');
INSERT INTO FIELD_DEFINE(GROUP_ID, _ORDINAL) VALUES ('L.1.1-2',0);
-- L.2.1
INSERT INTO FIELD_GROUP(GROUP_ID, NAME, TYPE, EDITOR_ORDINAL, DISPLAY_ORDINAL, DEFINE_ID,VIEW_ROW) VALUES ('L.2.1-1','卷页数','SIMPLE',1,1,'L.2.1',0);
INSERT INTO FIELD_DEFINE(GROUP_ID, _ORDINAL, _OPTION) VALUES ('L.2.1-1',0,'{"style": "col-lg-4 col-md-12","nullable":true,"key":false,"minLength":1, "maxLength":5 ,"label":"卷页数","controlType":"textbox"}');
INSERT INTO FIELD_DEFINE(GROUP_ID, _ORDINAL, _OPTION) VALUES ('L.2.1-1',2,'{"style": "col-lg-4 col-md-12","nullable":true,"key":true,"minLength":1, "maxLength":10 ,"label":"原档案位置","controlType":"textbox"}');
INSERT INTO FIELD_GROUP(GROUP_ID,NAME,TYPE,EDITOR_ORDINAL,DISPLAY_ORDINAL,DEFINE_ID,VIEW_ROW,_OPTION) VALUES('L.2.1-2','说明','TEXT_AREA',4,4,'L.2.1',4,'{"key":false,"nullable":true,"rows":4}');
INSERT INTO FIELD_DEFINE(GROUP_ID, _ORDINAL) VALUES ('L.2.1-2',0);
-- L.3.1
INSERT INTO FIELD_GROUP(GROUP_ID, NAME, TYPE, EDITOR_ORDINAL, DISPLAY_ORDINAL, DEFINE_ID,VIEW_ROW) VALUES ('L.3.1-1','卷页数','SIMPLE',1,1,'L.3.1',0);
INSERT INTO FIELD_DEFINE(GROUP_ID, _ORDINAL, _OPTION) VALUES ('L.3.1-1',0,'{"style": "col-lg-4 col-md-12","nullable":true,"key":false,"minLength":1, "maxLength":5 ,"label":"卷页数","controlType":"textbox"}');
INSERT INTO FIELD_DEFINE(GROUP_ID, _ORDINAL, _OPTION) VALUES ('L.3.1-1',2,'{"style": "col-lg-4 col-md-12","nullable":true,"key":true,"minLength":1, "maxLength":10 ,"label":"原档案位置","controlType":"textbox"}');
INSERT INTO FIELD_GROUP(GROUP_ID,NAME,TYPE,EDITOR_ORDINAL,DISPLAY_ORDINAL,DEFINE_ID,VIEW_ROW,_OPTION) VALUES('L.3.1-2','说明','TEXT_AREA',4,4,'L.3.1',4,'{"key":false,"nullable":true,"rows":4}');
INSERT INTO FIELD_DEFINE(GROUP_ID, _ORDINAL) VALUES ('L.3.1-2',0);
-- L.4.1
INSERT INTO FIELD_GROUP(GROUP_ID, NAME, TYPE, EDITOR_ORDINAL, DISPLAY_ORDINAL, DEFINE_ID,VIEW_ROW) VALUES ('L.4.1-1','卷页数','SIMPLE',1,1,'L.4.1',0);
INSERT INTO FIELD_DEFINE(GROUP_ID, _ORDINAL, _OPTION) VALUES ('L.4.1-1',0,'{"style": "col-lg-4 col-md-12","nullable":true,"key":false,"minLength":1, "maxLength":5 ,"label":"卷页数","controlType":"textbox"}');
INSERT INTO FIELD_DEFINE(GROUP_ID, _ORDINAL, _OPTION) VALUES ('L.4.1-1',2,'{"style": "col-lg-4 col-md-12","nullable":true,"key":true,"minLength":1, "maxLength":10 ,"label":"原档案位置","controlType":"textbox"}');
INSERT INTO FIELD_GROUP(GROUP_ID,NAME,TYPE,EDITOR_ORDINAL,DISPLAY_ORDINAL,DEFINE_ID,VIEW_ROW,_OPTION) VALUES('L.4.1-2','说明','TEXT_AREA',4,4,'L.4.1',4,'{"key":false,"nullable":true,"rows":4}');
INSERT INTO FIELD_DEFINE(GROUP_ID, _ORDINAL) VALUES ('L.4.1-2',0);

-- BUSINESS_DEFINE M 县（村）镇建设类
INSERT INTO BUSINESS_DEFINE(DEFINE_ID, NAME, CATEGORY_ID, _VERSION, PRIORITY, ENABLE, WF_VER,SUMMARY,DEFAULT_ROOM, DEFAULT_RACK) VALUES('M.1.1','县区/规划','M',1,1,true,1,'送交单位:{.deliver} 案卷题名:{.projectName}','3','3-1');
INSERT INTO BUSINESS_DEFINE(DEFINE_ID, NAME, CATEGORY_ID, _VERSION, PRIORITY, ENABLE, WF_VER,SUMMARY,DEFAULT_ROOM, DEFAULT_RACK) VALUES('M.1.2','县区/住宅','M',1,2,true,1,'送交单位:{.deliver} 案卷题名:{.projectName}','3','3-1');
INSERT INTO BUSINESS_DEFINE(DEFINE_ID, NAME, CATEGORY_ID, _VERSION, PRIORITY, ENABLE, WF_VER,SUMMARY,DEFAULT_ROOM, DEFAULT_RACK) VALUES('M.2.1','乡镇/规划','M',1,3,true,1,'送交单位:{.deliver} 案卷题名:{.projectName}','3','3-1');
INSERT INTO BUSINESS_DEFINE(DEFINE_ID, NAME, CATEGORY_ID, _VERSION, PRIORITY, ENABLE, WF_VER,SUMMARY,DEFAULT_ROOM, DEFAULT_RACK) VALUES('M.2.2','乡镇/住宅（综合）','M',1,4,true,1,'送交单位:{.deliver} 案卷题名:{.projectName}','3','3-1');
INSERT INTO BUSINESS_DEFINE(DEFINE_ID, NAME, CATEGORY_ID, _VERSION, PRIORITY, ENABLE, WF_VER,SUMMARY,DEFAULT_ROOM, DEFAULT_RACK) VALUES('M.3.1','村庄/规划','M',1,5,true,1,'送交单位:{.deliver} 案卷题名:{.projectName}','3','3-1');
INSERT INTO BUSINESS_DEFINE(DEFINE_ID, NAME, CATEGORY_ID, _VERSION, PRIORITY, ENABLE, WF_VER,SUMMARY,DEFAULT_ROOM, DEFAULT_RACK) VALUES('M.3.2','村庄/住宅（综合）','M',1,6,true,1,'送交单位:{.deliver} 案卷题名:{.projectName}','3','3-1');
-- M.1.1
INSERT INTO FIELD_GROUP(GROUP_ID, NAME, TYPE, EDITOR_ORDINAL, DISPLAY_ORDINAL, DEFINE_ID,VIEW_ROW) VALUES ('M.1.1-1','卷页数','SIMPLE',1,1,'M.1.1',0);
INSERT INTO FIELD_DEFINE(GROUP_ID, _ORDINAL, _OPTION) VALUES ('M.1.1-1',0,'{"style": "col-lg-4 col-md-12","nullable":true,"key":false,"minLength":1, "maxLength":5 ,"label":"卷页数","controlType":"textbox"}');
INSERT INTO FIELD_DEFINE(GROUP_ID, _ORDINAL, _OPTION) VALUES ('M.1.1-1',2,'{"style": "col-lg-4 col-md-12","nullable":true,"key":true,"minLength":1, "maxLength":10 ,"label":"原档案位置","controlType":"textbox"}');
INSERT INTO FIELD_GROUP(GROUP_ID,NAME,TYPE,EDITOR_ORDINAL,DISPLAY_ORDINAL,DEFINE_ID,VIEW_ROW,_OPTION) VALUES('M.1.1-2','说明','TEXT_AREA',4,4,'M.1.1',4,'{"key":false,"nullable":true,"rows":4}');
INSERT INTO FIELD_DEFINE(GROUP_ID, _ORDINAL) VALUES ('M.1.1-2',0);
-- M.1.2
INSERT INTO FIELD_GROUP(GROUP_ID, NAME, TYPE, EDITOR_ORDINAL, DISPLAY_ORDINAL, DEFINE_ID,VIEW_ROW) VALUES ('M.1.2-1','卷页数','SIMPLE',1,1,'M.1.2',0);
INSERT INTO FIELD_DEFINE(GROUP_ID, _ORDINAL, _OPTION) VALUES ('M.1.2-1',0,'{"style": "col-lg-4 col-md-12","nullable":true,"key":false,"minLength":1, "maxLength":5 ,"label":"卷页数","controlType":"textbox"}');
INSERT INTO FIELD_DEFINE(GROUP_ID, _ORDINAL, _OPTION) VALUES ('M.1.2-1',2,'{"style": "col-lg-4 col-md-12","nullable":true,"key":true,"minLength":1, "maxLength":10 ,"label":"原档案位置","controlType":"textbox"}');
INSERT INTO FIELD_GROUP(GROUP_ID,NAME,TYPE,EDITOR_ORDINAL,DISPLAY_ORDINAL,DEFINE_ID,VIEW_ROW,_OPTION) VALUES('M.1.2-2','说明','TEXT_AREA',4,4,'M.1.2',4,'{"key":false,"nullable":true,"rows":4}');
INSERT INTO FIELD_DEFINE(GROUP_ID, _ORDINAL) VALUES ('M.1.2-2',0);
-- M.2.1
INSERT INTO FIELD_GROUP(GROUP_ID, NAME, TYPE, EDITOR_ORDINAL, DISPLAY_ORDINAL, DEFINE_ID,VIEW_ROW) VALUES ('M.2.1-1','卷页数','SIMPLE',1,1,'M.2.1',0);
INSERT INTO FIELD_DEFINE(GROUP_ID, _ORDINAL, _OPTION) VALUES ('M.2.1-1',0,'{"style": "col-lg-4 col-md-12","nullable":true,"key":false,"minLength":1, "maxLength":5 ,"label":"卷页数","controlType":"textbox"}');
INSERT INTO FIELD_DEFINE(GROUP_ID, _ORDINAL, _OPTION) VALUES ('M.2.1-1',2,'{"style": "col-lg-4 col-md-12","nullable":true,"key":true,"minLength":1, "maxLength":10 ,"label":"原档案位置","controlType":"textbox"}');
INSERT INTO FIELD_GROUP(GROUP_ID,NAME,TYPE,EDITOR_ORDINAL,DISPLAY_ORDINAL,DEFINE_ID,VIEW_ROW,_OPTION) VALUES('M.2.1-2','说明','TEXT_AREA',4,4,'M.2.1',4,'{"key":false,"nullable":true,"rows":4}');
INSERT INTO FIELD_DEFINE(GROUP_ID, _ORDINAL) VALUES ('M.2.1-2',0);
-- M.2.2
INSERT INTO FIELD_GROUP(GROUP_ID, NAME, TYPE, EDITOR_ORDINAL, DISPLAY_ORDINAL, DEFINE_ID,VIEW_ROW) VALUES ('M.2.2-1','卷页数','SIMPLE',1,1,'M.2.2',0);
INSERT INTO FIELD_DEFINE(GROUP_ID, _ORDINAL, _OPTION) VALUES ('M.2.2-1',0,'{"style": "col-lg-4 col-md-12","nullable":true,"key":false,"minLength":1, "maxLength":5 ,"label":"卷页数","controlType":"textbox"}');
INSERT INTO FIELD_DEFINE(GROUP_ID, _ORDINAL, _OPTION) VALUES ('M.2.2-1',2,'{"style": "col-lg-4 col-md-12","nullable":true,"key":true,"minLength":1, "maxLength":10 ,"label":"原档案位置","controlType":"textbox"}');
INSERT INTO FIELD_GROUP(GROUP_ID,NAME,TYPE,EDITOR_ORDINAL,DISPLAY_ORDINAL,DEFINE_ID,VIEW_ROW,_OPTION) VALUES('M.2.2-2','说明','TEXT_AREA',4,4,'M.2.2',4,'{"key":false,"nullable":true,"rows":4}');
INSERT INTO FIELD_DEFINE(GROUP_ID, _ORDINAL) VALUES ('M.2.2-2',0);
-- M.3.1
INSERT INTO FIELD_GROUP(GROUP_ID, NAME, TYPE, EDITOR_ORDINAL, DISPLAY_ORDINAL, DEFINE_ID,VIEW_ROW) VALUES ('M.3.1-1','卷页数','SIMPLE',1,1,'M.3.1',0);
INSERT INTO FIELD_DEFINE(GROUP_ID, _ORDINAL, _OPTION) VALUES ('M.3.1-1',0,'{"style": "col-lg-4 col-md-12","nullable":true,"key":false,"minLength":1, "maxLength":5 ,"label":"卷页数","controlType":"textbox"}');
INSERT INTO FIELD_DEFINE(GROUP_ID, _ORDINAL, _OPTION) VALUES ('M.3.1-1',2,'{"style": "col-lg-4 col-md-12","nullable":true,"key":true,"minLength":1, "maxLength":10 ,"label":"原档案位置","controlType":"textbox"}');
INSERT INTO FIELD_GROUP(GROUP_ID,NAME,TYPE,EDITOR_ORDINAL,DISPLAY_ORDINAL,DEFINE_ID,VIEW_ROW,_OPTION) VALUES('M.3.1-2','说明','TEXT_AREA',4,4,'M.3.1',4,'{"key":false,"nullable":true,"rows":4}');
INSERT INTO FIELD_DEFINE(GROUP_ID, _ORDINAL) VALUES ('M.3.1-2',0);
-- M.3.2
INSERT INTO FIELD_GROUP(GROUP_ID, NAME, TYPE, EDITOR_ORDINAL, DISPLAY_ORDINAL, DEFINE_ID,VIEW_ROW) VALUES ('M.3.2-1','卷页数','SIMPLE',1,1,'M.3.2',0);
INSERT INTO FIELD_DEFINE(GROUP_ID, _ORDINAL, _OPTION) VALUES ('M.3.2-1',0,'{"style": "col-lg-4 col-md-12","nullable":true,"key":false,"minLength":1, "maxLength":5 ,"label":"卷页数","controlType":"textbox"}');
INSERT INTO FIELD_DEFINE(GROUP_ID, _ORDINAL, _OPTION) VALUES ('M.3.2-1',2,'{"style": "col-lg-4 col-md-12","nullable":true,"key":true,"minLength":1, "maxLength":10 ,"label":"原档案位置","controlType":"textbox"}');
INSERT INTO FIELD_GROUP(GROUP_ID,NAME,TYPE,EDITOR_ORDINAL,DISPLAY_ORDINAL,DEFINE_ID,VIEW_ROW,_OPTION) VALUES('M.3.2-2','说明','TEXT_AREA',4,4,'M.3.2',4,'{"key":false,"nullable":true,"rows":4}');
INSERT INTO FIELD_DEFINE(GROUP_ID, _ORDINAL) VALUES ('M.3.2-2',0);

-- BUSINESS_DEFINE N 人防、军事程类
INSERT INTO BUSINESS_DEFINE(DEFINE_ID, NAME, CATEGORY_ID, _VERSION, PRIORITY, ENABLE, WF_VER,SUMMARY,DEFAULT_ROOM, DEFAULT_RACK) VALUES('N.1.1','人防工程','N',1,1,true,1,'送交单位:{.deliver} 案卷题名:{.projectName}','3','3-1');
INSERT INTO BUSINESS_DEFINE(DEFINE_ID, NAME, CATEGORY_ID, _VERSION, PRIORITY, ENABLE, WF_VER,SUMMARY,DEFAULT_ROOM, DEFAULT_RACK) VALUES('N.2.1','消防工程','N',1,2,true,1,'送交单位:{.deliver} 案卷题名:{.projectName}','3','3-1');
INSERT INTO BUSINESS_DEFINE(DEFINE_ID, NAME, CATEGORY_ID, _VERSION, PRIORITY, ENABLE, WF_VER,SUMMARY,DEFAULT_ROOM, DEFAULT_RACK) VALUES('N.3.1','军事工程','N',1,3,true,1,'送交单位:{.deliver} 案卷题名:{.projectName}','3','3-1');
-- N.1.1
INSERT INTO FIELD_GROUP(GROUP_ID, NAME, TYPE, EDITOR_ORDINAL, DISPLAY_ORDINAL, DEFINE_ID,VIEW_ROW) VALUES ('N.1.1-1','卷页数','SIMPLE',1,1,'N.1.1',0);
INSERT INTO FIELD_DEFINE(GROUP_ID, _ORDINAL, _OPTION) VALUES ('N.1.1-1',0,'{"style": "col-lg-4 col-md-12","nullable":true,"key":false,"minLength":1, "maxLength":5 ,"label":"卷页数","controlType":"textbox"}');
INSERT INTO FIELD_DEFINE(GROUP_ID, _ORDINAL, _OPTION) VALUES ('N.1.1-1',2,'{"style": "col-lg-4 col-md-12","nullable":true,"key":true,"minLength":1, "maxLength":10 ,"label":"原档案位置","controlType":"textbox"}');
INSERT INTO FIELD_GROUP(GROUP_ID,NAME,TYPE,EDITOR_ORDINAL,DISPLAY_ORDINAL,DEFINE_ID,VIEW_ROW,_OPTION) VALUES('N.1.1-2','说明','TEXT_AREA',4,4,'N.1.1',4,'{"key":false,"nullable":true,"rows":4}');
INSERT INTO FIELD_DEFINE(GROUP_ID, _ORDINAL) VALUES ('N.1.1-2',0);
-- N.2.1
INSERT INTO FIELD_GROUP(GROUP_ID, NAME, TYPE, EDITOR_ORDINAL, DISPLAY_ORDINAL, DEFINE_ID,VIEW_ROW) VALUES ('N.2.1-1','卷页数','SIMPLE',1,1,'N.2.1',0);
INSERT INTO FIELD_DEFINE(GROUP_ID, _ORDINAL, _OPTION) VALUES ('N.2.1-1',0,'{"style": "col-lg-4 col-md-12","nullable":true,"key":false,"minLength":1, "maxLength":5 ,"label":"卷页数","controlType":"textbox"}');
INSERT INTO FIELD_DEFINE(GROUP_ID, _ORDINAL, _OPTION) VALUES ('N.2.1-1',2,'{"style": "col-lg-4 col-md-12","nullable":true,"key":true,"minLength":1, "maxLength":10 ,"label":"原档案位置","controlType":"textbox"}');
INSERT INTO FIELD_GROUP(GROUP_ID,NAME,TYPE,EDITOR_ORDINAL,DISPLAY_ORDINAL,DEFINE_ID,VIEW_ROW,_OPTION) VALUES('N.2.1-2','说明','TEXT_AREA',4,4,'N.2.1',4,'{"key":false,"nullable":true,"rows":4}');
INSERT INTO FIELD_DEFINE(GROUP_ID, _ORDINAL) VALUES ('N.2.1-2',0);
-- N.3.1
INSERT INTO FIELD_GROUP(GROUP_ID, NAME, TYPE, EDITOR_ORDINAL, DISPLAY_ORDINAL, DEFINE_ID,VIEW_ROW) VALUES ('N.3.1-1','卷页数','SIMPLE',1,1,'N.3.1',0);
INSERT INTO FIELD_DEFINE(GROUP_ID, _ORDINAL, _OPTION) VALUES ('N.3.1-1',0,'{"style": "col-lg-4 col-md-12","nullable":true,"key":false,"minLength":1, "maxLength":5 ,"label":"卷页数","controlType":"textbox"}');
INSERT INTO FIELD_DEFINE(GROUP_ID, _ORDINAL, _OPTION) VALUES ('N.3.1-1',2,'{"style": "col-lg-4 col-md-12","nullable":true,"key":true,"minLength":1, "maxLength":10 ,"label":"原档案位置","controlType":"textbox"}');
INSERT INTO FIELD_GROUP(GROUP_ID,NAME,TYPE,EDITOR_ORDINAL,DISPLAY_ORDINAL,DEFINE_ID,VIEW_ROW,_OPTION) VALUES('N.3.1-2','说明','TEXT_AREA',4,4,'N.3.1',4,'{"key":false,"nullable":true,"rows":4}');
INSERT INTO FIELD_DEFINE(GROUP_ID, _ORDINAL) VALUES ('N.3.1-2',0);

-- BUSINESS_DEFINE O 水利、防灾类
INSERT INTO BUSINESS_DEFINE(DEFINE_ID, NAME, CATEGORY_ID, _VERSION, PRIORITY, ENABLE, WF_VER,SUMMARY,DEFAULT_ROOM, DEFAULT_RACK) VALUES('O.1.1','水利工程','O',1,1,true,1,'送交单位:{.deliver} 案卷题名:{.projectName}','3','3-1');
INSERT INTO BUSINESS_DEFINE(DEFINE_ID, NAME, CATEGORY_ID, _VERSION, PRIORITY, ENABLE, WF_VER,SUMMARY,DEFAULT_ROOM, DEFAULT_RACK) VALUES('O.2.1','防洪、防汛工程','O',1,2,true,1,'送交单位:{.deliver} 案卷题名:{.projectName}','3','3-1');
INSERT INTO BUSINESS_DEFINE(DEFINE_ID, NAME, CATEGORY_ID, _VERSION, PRIORITY, ENABLE, WF_VER,SUMMARY,DEFAULT_ROOM, DEFAULT_RACK) VALUES('O.3.1','防火、抗震工程','O',1,3,true,1,'送交单位:{.deliver} 案卷题名:{.projectName}','3','3-1');
-- O.1.1
INSERT INTO FIELD_GROUP(GROUP_ID, NAME, TYPE, EDITOR_ORDINAL, DISPLAY_ORDINAL, DEFINE_ID,VIEW_ROW) VALUES ('O.1.1-1','卷页数','SIMPLE',1,1,'O.1.1',0);
INSERT INTO FIELD_DEFINE(GROUP_ID, _ORDINAL, _OPTION) VALUES ('O.1.1-1',0,'{"style": "col-lg-4 col-md-12","nullable":true,"key":false,"minLength":1, "maxLength":5 ,"label":"卷页数","controlType":"textbox"}');
INSERT INTO FIELD_DEFINE(GROUP_ID, _ORDINAL, _OPTION) VALUES ('O.1.1-1',2,'{"style": "col-lg-4 col-md-12","nullable":true,"key":true,"minLength":1, "maxLength":10 ,"label":"原档案位置","controlType":"textbox"}');
INSERT INTO FIELD_GROUP(GROUP_ID,NAME,TYPE,EDITOR_ORDINAL,DISPLAY_ORDINAL,DEFINE_ID,VIEW_ROW,_OPTION) VALUES('O.1.1-2','说明','TEXT_AREA',4,4,'O.1.1',4,'{"key":false,"nullable":true,"rows":4}');
INSERT INTO FIELD_DEFINE(GROUP_ID, _ORDINAL) VALUES ('O.1.1-2',0);
-- O.2.1
INSERT INTO FIELD_GROUP(GROUP_ID, NAME, TYPE, EDITOR_ORDINAL, DISPLAY_ORDINAL, DEFINE_ID,VIEW_ROW) VALUES ('O.2.1-1','卷页数','SIMPLE',1,1,'O.2.1',0);
INSERT INTO FIELD_DEFINE(GROUP_ID, _ORDINAL, _OPTION) VALUES ('O.2.1-1',0,'{"style": "col-lg-4 col-md-12","nullable":true,"key":false,"minLength":1, "maxLength":5 ,"label":"卷页数","controlType":"textbox"}');
INSERT INTO FIELD_DEFINE(GROUP_ID, _ORDINAL, _OPTION) VALUES ('O.2.1-1',2,'{"style": "col-lg-4 col-md-12","nullable":true,"key":true,"minLength":1, "maxLength":10 ,"label":"原档案位置","controlType":"textbox"}');
INSERT INTO FIELD_GROUP(GROUP_ID,NAME,TYPE,EDITOR_ORDINAL,DISPLAY_ORDINAL,DEFINE_ID,VIEW_ROW,_OPTION) VALUES('O.2.1-2','说明','TEXT_AREA',4,4,'O.2.1',4,'{"key":false,"nullable":true,"rows":4}');
INSERT INTO FIELD_DEFINE(GROUP_ID, _ORDINAL) VALUES ('O.2.1-2',0);
-- O.3.1
INSERT INTO FIELD_GROUP(GROUP_ID, NAME, TYPE, EDITOR_ORDINAL, DISPLAY_ORDINAL, DEFINE_ID,VIEW_ROW) VALUES ('O.3.1-1','卷页数','SIMPLE',1,1,'O.3.1',0);
INSERT INTO FIELD_DEFINE(GROUP_ID, _ORDINAL, _OPTION) VALUES ('O.3.1-1',0,'{"style": "col-lg-4 col-md-12","nullable":true,"key":false,"minLength":1, "maxLength":5 ,"label":"卷页数","controlType":"textbox"}');
INSERT INTO FIELD_DEFINE(GROUP_ID, _ORDINAL, _OPTION) VALUES ('O.3.1-1',2,'{"style": "col-lg-4 col-md-12","nullable":true,"key":true,"minLength":1, "maxLength":10 ,"label":"原档案位置","controlType":"textbox"}');
INSERT INTO FIELD_GROUP(GROUP_ID,NAME,TYPE,EDITOR_ORDINAL,DISPLAY_ORDINAL,DEFINE_ID,VIEW_ROW,_OPTION) VALUES('O.3.1-2','说明','TEXT_AREA',4,4,'O.3.1',4,'{"key":false,"nullable":true,"rows":4}');
INSERT INTO FIELD_DEFINE(GROUP_ID, _ORDINAL) VALUES ('O.3.1-2',0);


-- BUSINESS_DEFINE P 工程设计类
INSERT INTO BUSINESS_DEFINE(DEFINE_ID, NAME, CATEGORY_ID, _VERSION, PRIORITY, ENABLE, WF_VER,SUMMARY,DEFAULT_ROOM, DEFAULT_RACK) VALUES('P.1.1','工业建筑设计','P',1,1,true,1,'送交单位:{.deliver} 案卷题名:{.projectName}','3','3-1');
INSERT INTO BUSINESS_DEFINE(DEFINE_ID, NAME, CATEGORY_ID, _VERSION, PRIORITY, ENABLE, WF_VER,SUMMARY,DEFAULT_ROOM, DEFAULT_RACK) VALUES('P.2.1','名用建设设计','P',1,2,true,1,'送交单位:{.deliver} 案卷题名:{.projectName}','3','3-1');
INSERT INTO BUSINESS_DEFINE(DEFINE_ID, NAME, CATEGORY_ID, _VERSION, PRIORITY, ENABLE, WF_VER,SUMMARY,DEFAULT_ROOM, DEFAULT_RACK) VALUES('P.3.1','市政工程设计','P',1,3,true,1,'送交单位:{.deliver} 案卷题名:{.projectName}','3','3-1');
INSERT INTO BUSINESS_DEFINE(DEFINE_ID, NAME, CATEGORY_ID, _VERSION, PRIORITY, ENABLE, WF_VER,SUMMARY,DEFAULT_ROOM, DEFAULT_RACK) VALUES('P.4.1','军事工程设计','P',1,4,true,1,'送交单位:{.deliver} 案卷题名:{.projectName}','3','3-1');
INSERT INTO BUSINESS_DEFINE(DEFINE_ID, NAME, CATEGORY_ID, _VERSION, PRIORITY, ENABLE, WF_VER,SUMMARY,DEFAULT_ROOM, DEFAULT_RACK) VALUES('P.5.1','交通运输工程设计','P',1,5,true,1,'送交单位:{.deliver} 案卷题名:{.projectName}','3','3-1');
INSERT INTO BUSINESS_DEFINE(DEFINE_ID, NAME, CATEGORY_ID, _VERSION, PRIORITY, ENABLE, WF_VER,SUMMARY,DEFAULT_ROOM, DEFAULT_RACK) VALUES('P.6.1','环保环卫工程设计','P',1,6,true,1,'送交单位:{.deliver} 案卷题名:{.projectName}','3','3-1');
INSERT INTO BUSINESS_DEFINE(DEFINE_ID, NAME, CATEGORY_ID, _VERSION, PRIORITY, ENABLE, WF_VER,SUMMARY,DEFAULT_ROOM, DEFAULT_RACK) VALUES('P.7.1','园林工程设计','P',1,7,true,1,'送交单位:{.deliver} 案卷题名:{.projectName}','3','3-1');
INSERT INTO BUSINESS_DEFINE(DEFINE_ID, NAME, CATEGORY_ID, _VERSION, PRIORITY, ENABLE, WF_VER,SUMMARY,DEFAULT_ROOM, DEFAULT_RACK) VALUES('P.8.1','其它','P',1,8,true,1,'送交单位:{.deliver} 案卷题名:{.projectName}','3','3-1');
-- P.1.1
INSERT INTO FIELD_GROUP(GROUP_ID, NAME, TYPE, EDITOR_ORDINAL, DISPLAY_ORDINAL, DEFINE_ID,VIEW_ROW) VALUES ('P.1.1-1','卷页数','SIMPLE',1,1,'P.1.1',0);
INSERT INTO FIELD_DEFINE(GROUP_ID, _ORDINAL, _OPTION) VALUES ('P.1.1-1',0,'{"style": "col-lg-4 col-md-12","nullable":true,"key":false,"minLength":1, "maxLength":5 ,"label":"卷页数","controlType":"textbox"}');
INSERT INTO FIELD_DEFINE(GROUP_ID, _ORDINAL, _OPTION) VALUES ('P.1.1-1',2,'{"style": "col-lg-4 col-md-12","nullable":true,"key":true,"minLength":1, "maxLength":10 ,"label":"原档案位置","controlType":"textbox"}');
INSERT INTO FIELD_GROUP(GROUP_ID,NAME,TYPE,EDITOR_ORDINAL,DISPLAY_ORDINAL,DEFINE_ID,VIEW_ROW,_OPTION) VALUES('P.1.1-2','说明','TEXT_AREA',4,4,'P.1.1',4,'{"key":false,"nullable":true,"rows":4}');
INSERT INTO FIELD_DEFINE(GROUP_ID, _ORDINAL) VALUES ('P.1.1-2',0);
-- P.2.1
INSERT INTO FIELD_GROUP(GROUP_ID, NAME, TYPE, EDITOR_ORDINAL, DISPLAY_ORDINAL, DEFINE_ID,VIEW_ROW) VALUES ('P.2.1-1','卷页数','SIMPLE',1,1,'P.2.1',0);
INSERT INTO FIELD_DEFINE(GROUP_ID, _ORDINAL, _OPTION) VALUES ('P.2.1-1',0,'{"style": "col-lg-4 col-md-12","nullable":true,"key":false,"minLength":1, "maxLength":5 ,"label":"卷页数","controlType":"textbox"}');
INSERT INTO FIELD_DEFINE(GROUP_ID, _ORDINAL, _OPTION) VALUES ('P.2.1-1',2,'{"style": "col-lg-4 col-md-12","nullable":true,"key":true,"minLength":1, "maxLength":10 ,"label":"原档案位置","controlType":"textbox"}');
INSERT INTO FIELD_GROUP(GROUP_ID,NAME,TYPE,EDITOR_ORDINAL,DISPLAY_ORDINAL,DEFINE_ID,VIEW_ROW,_OPTION) VALUES('P.2.1-2','说明','TEXT_AREA',4,4,'P.2.1',4,'{"key":false,"nullable":true,"rows":4}');
INSERT INTO FIELD_DEFINE(GROUP_ID, _ORDINAL) VALUES ('P.2.1-2',0);
-- P.3.1
INSERT INTO FIELD_GROUP(GROUP_ID, NAME, TYPE, EDITOR_ORDINAL, DISPLAY_ORDINAL, DEFINE_ID,VIEW_ROW) VALUES ('P.3.1-1','卷页数','SIMPLE',1,1,'P.3.1',0);
INSERT INTO FIELD_DEFINE(GROUP_ID, _ORDINAL, _OPTION) VALUES ('P.3.1-1',0,'{"style": "col-lg-4 col-md-12","nullable":true,"key":false,"minLength":1, "maxLength":5 ,"label":"卷页数","controlType":"textbox"}');
INSERT INTO FIELD_DEFINE(GROUP_ID, _ORDINAL, _OPTION) VALUES ('P.3.1-1',2,'{"style": "col-lg-4 col-md-12","nullable":true,"key":true,"minLength":1, "maxLength":10 ,"label":"原档案位置","controlType":"textbox"}');
INSERT INTO FIELD_GROUP(GROUP_ID,NAME,TYPE,EDITOR_ORDINAL,DISPLAY_ORDINAL,DEFINE_ID,VIEW_ROW,_OPTION) VALUES('P.3.1-2','说明','TEXT_AREA',4,4,'P.3.1',4,'{"key":false,"nullable":true,"rows":4}');
INSERT INTO FIELD_DEFINE(GROUP_ID, _ORDINAL) VALUES ('P.3.1-2',0);
-- P.4.1
INSERT INTO FIELD_GROUP(GROUP_ID, NAME, TYPE, EDITOR_ORDINAL, DISPLAY_ORDINAL, DEFINE_ID,VIEW_ROW) VALUES ('P.4.1-1','卷页数','SIMPLE',1,1,'P.4.1',0);
INSERT INTO FIELD_DEFINE(GROUP_ID, _ORDINAL, _OPTION) VALUES ('P.4.1-1',0,'{"style": "col-lg-4 col-md-12","nullable":true,"key":false,"minLength":1, "maxLength":5 ,"label":"卷页数","controlType":"textbox"}');
INSERT INTO FIELD_DEFINE(GROUP_ID, _ORDINAL, _OPTION) VALUES ('P.4.1-1',2,'{"style": "col-lg-4 col-md-12","nullable":true,"key":true,"minLength":1, "maxLength":10 ,"label":"原档案位置","controlType":"textbox"}');
INSERT INTO FIELD_GROUP(GROUP_ID,NAME,TYPE,EDITOR_ORDINAL,DISPLAY_ORDINAL,DEFINE_ID,VIEW_ROW,_OPTION) VALUES('P.4.1-2','说明','TEXT_AREA',4,4,'P.4.1',4,'{"key":false,"nullable":true,"rows":4}');
INSERT INTO FIELD_DEFINE(GROUP_ID, _ORDINAL) VALUES ('P.4.1-2',0);
-- P.5.1
INSERT INTO FIELD_GROUP(GROUP_ID, NAME, TYPE, EDITOR_ORDINAL, DISPLAY_ORDINAL, DEFINE_ID,VIEW_ROW) VALUES ('P.5.1-1','卷页数','SIMPLE',1,1,'P.5.1',0);
INSERT INTO FIELD_DEFINE(GROUP_ID, _ORDINAL, _OPTION) VALUES ('P.5.1-1',0,'{"style": "col-lg-4 col-md-12","nullable":true,"key":false,"minLength":1, "maxLength":5 ,"label":"卷页数","controlType":"textbox"}');
INSERT INTO FIELD_DEFINE(GROUP_ID, _ORDINAL, _OPTION) VALUES ('P.5.1-1',2,'{"style": "col-lg-4 col-md-12","nullable":true,"key":true,"minLength":1, "maxLength":10 ,"label":"原档案位置","controlType":"textbox"}');
INSERT INTO FIELD_GROUP(GROUP_ID,NAME,TYPE,EDITOR_ORDINAL,DISPLAY_ORDINAL,DEFINE_ID,VIEW_ROW,_OPTION) VALUES('P.5.1-2','说明','TEXT_AREA',4,4,'P.5.1',4,'{"key":false,"nullable":true,"rows":4}');
INSERT INTO FIELD_DEFINE(GROUP_ID, _ORDINAL) VALUES ('P.5.1-2',0);
-- P.6.1
INSERT INTO FIELD_GROUP(GROUP_ID, NAME, TYPE, EDITOR_ORDINAL, DISPLAY_ORDINAL, DEFINE_ID,VIEW_ROW) VALUES ('P.6.1-1','卷页数','SIMPLE',1,1,'P.6.1',0);
INSERT INTO FIELD_DEFINE(GROUP_ID, _ORDINAL, _OPTION) VALUES ('P.6.1-1',0,'{"style": "col-lg-4 col-md-12","nullable":true,"key":false,"minLength":1, "maxLength":5 ,"label":"卷页数","controlType":"textbox"}');
INSERT INTO FIELD_DEFINE(GROUP_ID, _ORDINAL, _OPTION) VALUES ('P.6.1-1',2,'{"style": "col-lg-4 col-md-12","nullable":true,"key":true,"minLength":1, "maxLength":10 ,"label":"原档案位置","controlType":"textbox"}');
INSERT INTO FIELD_GROUP(GROUP_ID,NAME,TYPE,EDITOR_ORDINAL,DISPLAY_ORDINAL,DEFINE_ID,VIEW_ROW,_OPTION) VALUES('P.6.1-2','说明','TEXT_AREA',4,4,'P.6.1',4,'{"key":false,"nullable":true,"rows":4}');
INSERT INTO FIELD_DEFINE(GROUP_ID, _ORDINAL) VALUES ('P.6.1-2',0);
-- P.7.1
INSERT INTO FIELD_GROUP(GROUP_ID, NAME, TYPE, EDITOR_ORDINAL, DISPLAY_ORDINAL, DEFINE_ID,VIEW_ROW) VALUES ('P.7.1-1','卷页数','SIMPLE',1,1,'P.7.1',0);
INSERT INTO FIELD_DEFINE(GROUP_ID, _ORDINAL, _OPTION) VALUES ('P.7.1-1',0,'{"style": "col-lg-4 col-md-12","nullable":true,"key":false,"minLength":1, "maxLength":5 ,"label":"卷页数","controlType":"textbox"}');
INSERT INTO FIELD_DEFINE(GROUP_ID, _ORDINAL, _OPTION) VALUES ('P.7.1-1',2,'{"style": "col-lg-4 col-md-12","nullable":true,"key":true,"minLength":1, "maxLength":10 ,"label":"原档案位置","controlType":"textbox"}');
INSERT INTO FIELD_GROUP(GROUP_ID,NAME,TYPE,EDITOR_ORDINAL,DISPLAY_ORDINAL,DEFINE_ID,VIEW_ROW,_OPTION) VALUES('P.7.1-2','说明','TEXT_AREA',4,4,'P.7.1',4,'{"key":false,"nullable":true,"rows":4}');
INSERT INTO FIELD_DEFINE(GROUP_ID, _ORDINAL) VALUES ('P.7.1-2',0);
-- P.8.1
INSERT INTO FIELD_GROUP(GROUP_ID, NAME, TYPE, EDITOR_ORDINAL, DISPLAY_ORDINAL, DEFINE_ID,VIEW_ROW) VALUES ('P.8.1-1','卷页数','SIMPLE',1,1,'P.8.1',0);
INSERT INTO FIELD_DEFINE(GROUP_ID, _ORDINAL, _OPTION) VALUES ('P.8.1-1',0,'{"style": "col-lg-4 col-md-12","nullable":true,"key":false,"minLength":1, "maxLength":5 ,"label":"卷页数","controlType":"textbox"}');
INSERT INTO FIELD_DEFINE(GROUP_ID, _ORDINAL, _OPTION) VALUES ('P.8.1-1',2,'{"style": "col-lg-4 col-md-12","nullable":true,"key":true,"minLength":1, "maxLength":10 ,"label":"原档案位置","controlType":"textbox"}');
INSERT INTO FIELD_GROUP(GROUP_ID,NAME,TYPE,EDITOR_ORDINAL,DISPLAY_ORDINAL,DEFINE_ID,VIEW_ROW,_OPTION) VALUES('P.8.1-2','说明','TEXT_AREA',4,4,'P.8.1',4,'{"key":false,"nullable":true,"rows":4}');
INSERT INTO FIELD_DEFINE(GROUP_ID, _ORDINAL) VALUES ('P.8.1-2',0);

-- BUSINESS_DEFINE Q 地下管线类
INSERT INTO BUSINESS_DEFINE(DEFINE_ID, NAME, CATEGORY_ID, _VERSION, PRIORITY, ENABLE, WF_VER,SUMMARY,DEFAULT_ROOM, DEFAULT_RACK) VALUES('Q.1.1','地下管线综合图','Q',1,1,true,1,'送交单位:{.deliver} 案卷题名:{.projectName}','3','3-1');
INSERT INTO BUSINESS_DEFINE(DEFINE_ID, NAME, CATEGORY_ID, _VERSION, PRIORITY, ENABLE, WF_VER,SUMMARY,DEFAULT_ROOM, DEFAULT_RACK) VALUES('Q.2.1','给水管线','Q',1,2,true,1,'送交单位:{.deliver} 案卷题名:{.projectName}','3','3-1');
INSERT INTO BUSINESS_DEFINE(DEFINE_ID, NAME, CATEGORY_ID, _VERSION, PRIORITY, ENABLE, WF_VER,SUMMARY,DEFAULT_ROOM, DEFAULT_RACK) VALUES('Q.3.1','排水管线/污水','Q',1,3,true,1,'送交单位:{.deliver} 案卷题名:{.projectName}','3','3-1');
INSERT INTO BUSINESS_DEFINE(DEFINE_ID, NAME, CATEGORY_ID, _VERSION, PRIORITY, ENABLE, WF_VER,SUMMARY,DEFAULT_ROOM, DEFAULT_RACK) VALUES('Q.3.2','排水管线/雨水','Q',1,4,true,1,'送交单位:{.deliver} 案卷题名:{.projectName}','3','3-1');
INSERT INTO BUSINESS_DEFINE(DEFINE_ID, NAME, CATEGORY_ID, _VERSION, PRIORITY, ENABLE, WF_VER,SUMMARY,DEFAULT_ROOM, DEFAULT_RACK) VALUES('Q.3.3','排水管线/化粪池','Q',1,5,true,1,'送交单位:{.deliver} 案卷题名:{.projectName}','3','3-1');
INSERT INTO BUSINESS_DEFINE(DEFINE_ID, NAME, CATEGORY_ID, _VERSION, PRIORITY, ENABLE, WF_VER,SUMMARY,DEFAULT_ROOM, DEFAULT_RACK) VALUES('Q.4.1','燃气管线','Q',1,6,true,1,'送交单位:{.deliver} 案卷题名:{.projectName}','3','3-1');
INSERT INTO BUSINESS_DEFINE(DEFINE_ID, NAME, CATEGORY_ID, _VERSION, PRIORITY, ENABLE, WF_VER,SUMMARY,DEFAULT_ROOM, DEFAULT_RACK) VALUES('Q.5.1','供热管线','Q',1,7,true,1,'送交单位:{.deliver} 案卷题名:{.projectName}','3','3-1');
INSERT INTO BUSINESS_DEFINE(DEFINE_ID, NAME, CATEGORY_ID, _VERSION, PRIORITY, ENABLE, WF_VER,SUMMARY,DEFAULT_ROOM, DEFAULT_RACK) VALUES('Q.6.1','供电管线/强电','Q',1,8,true,1,'送交单位:{.deliver} 案卷题名:{.projectName}','3','3-1');
INSERT INTO BUSINESS_DEFINE(DEFINE_ID, NAME, CATEGORY_ID, _VERSION, PRIORITY, ENABLE, WF_VER,SUMMARY,DEFAULT_ROOM, DEFAULT_RACK) VALUES('Q.6.2','供电管线/弱电','Q',1,9,true,1,'送交单位:{.deliver} 案卷题名:{.projectName}','3','3-1');
INSERT INTO BUSINESS_DEFINE(DEFINE_ID, NAME, CATEGORY_ID, _VERSION, PRIORITY, ENABLE, WF_VER,SUMMARY,DEFAULT_ROOM, DEFAULT_RACK) VALUES('Q.7.1','电信管线/电视','Q',1,10,true,1,'送交单位:{.deliver} 案卷题名:{.projectName}','3','3-1');
INSERT INTO BUSINESS_DEFINE(DEFINE_ID, NAME, CATEGORY_ID, _VERSION, PRIORITY, ENABLE, WF_VER,SUMMARY,DEFAULT_ROOM, DEFAULT_RACK) VALUES('Q.7.2','电信管线/电话','Q',1,11,true,1,'送交单位:{.deliver} 案卷题名:{.projectName}','3','3-1');
INSERT INTO BUSINESS_DEFINE(DEFINE_ID, NAME, CATEGORY_ID, _VERSION, PRIORITY, ENABLE, WF_VER,SUMMARY,DEFAULT_ROOM, DEFAULT_RACK) VALUES('Q.7.3','电信管线/网线','Q',1,12,true,1,'送交单位:{.deliver} 案卷题名:{.projectName}','3','3-1');
INSERT INTO BUSINESS_DEFINE(DEFINE_ID, NAME, CATEGORY_ID, _VERSION, PRIORITY, ENABLE, WF_VER,SUMMARY,DEFAULT_ROOM, DEFAULT_RACK) VALUES('Q.7.4','电信管线/路灯','Q',1,13,true,1,'送交单位:{.deliver} 案卷题名:{.projectName}','3','3-1');
INSERT INTO BUSINESS_DEFINE(DEFINE_ID, NAME, CATEGORY_ID, _VERSION, PRIORITY, ENABLE, WF_VER,SUMMARY,DEFAULT_ROOM, DEFAULT_RACK) VALUES('Q.8.1','军事管线','Q',1,14,true,1,'送交单位:{.deliver} 案卷题名:{.projectName}','3','3-1');
INSERT INTO BUSINESS_DEFINE(DEFINE_ID, NAME, CATEGORY_ID, _VERSION, PRIORITY, ENABLE, WF_VER,SUMMARY,DEFAULT_ROOM, DEFAULT_RACK) VALUES('Q.9.1','工业输送管线','Q',1,15,true,1,'送交单位:{.deliver} 案卷题名:{.projectName}','3','3-1');
INSERT INTO BUSINESS_DEFINE(DEFINE_ID, NAME, CATEGORY_ID, _VERSION, PRIORITY, ENABLE, WF_VER,SUMMARY,DEFAULT_ROOM, DEFAULT_RACK) VALUES('Q.10.1','高铁','Q',1,16,true,1,'送交单位:{.deliver} 案卷题名:{.projectName}','3','3-1');
-- Q.1.1
INSERT INTO FIELD_GROUP(GROUP_ID, NAME, TYPE, EDITOR_ORDINAL, DISPLAY_ORDINAL, DEFINE_ID,VIEW_ROW) VALUES ('Q.1.1-1','卷页数','SIMPLE',1,1,'Q.1.1',0);
INSERT INTO FIELD_DEFINE(GROUP_ID, _ORDINAL, _OPTION) VALUES ('Q.1.1-1',0,'{"style": "col-lg-4 col-md-12","nullable":true,"key":false,"minLength":1, "maxLength":5 ,"label":"卷页数","controlType":"textbox"}');
INSERT INTO FIELD_DEFINE(GROUP_ID, _ORDINAL, _OPTION) VALUES ('Q.1.1-1',2,'{"style": "col-lg-4 col-md-12","nullable":true,"key":true,"minLength":1, "maxLength":10 ,"label":"原档案位置","controlType":"textbox"}');
INSERT INTO FIELD_GROUP(GROUP_ID,NAME,TYPE,EDITOR_ORDINAL,DISPLAY_ORDINAL,DEFINE_ID,VIEW_ROW,_OPTION) VALUES('Q.1.1-2','说明','TEXT_AREA',4,4,'Q.1.1',4,'{"key":false,"nullable":true,"rows":4}');
INSERT INTO FIELD_DEFINE(GROUP_ID, _ORDINAL) VALUES ('Q.1.1-2',0);
-- Q.2.1
INSERT INTO FIELD_GROUP(GROUP_ID, NAME, TYPE, EDITOR_ORDINAL, DISPLAY_ORDINAL, DEFINE_ID,VIEW_ROW) VALUES ('Q.2.1-1','卷页数','SIMPLE',1,1,'Q.2.1',0);
INSERT INTO FIELD_DEFINE(GROUP_ID, _ORDINAL, _OPTION) VALUES ('Q.2.1-1',0,'{"style": "col-lg-4 col-md-12","nullable":true,"key":false,"minLength":1, "maxLength":5 ,"label":"卷页数","controlType":"textbox"}');
INSERT INTO FIELD_DEFINE(GROUP_ID, _ORDINAL, _OPTION) VALUES ('Q.2.1-1',2,'{"style": "col-lg-4 col-md-12","nullable":true,"key":true,"minLength":1, "maxLength":10 ,"label":"原档案位置","controlType":"textbox"}');
INSERT INTO FIELD_GROUP(GROUP_ID,NAME,TYPE,EDITOR_ORDINAL,DISPLAY_ORDINAL,DEFINE_ID,VIEW_ROW,_OPTION) VALUES('Q.2.1-2','说明','TEXT_AREA',4,4,'Q.2.1',4,'{"key":false,"nullable":true,"rows":4}');
INSERT INTO FIELD_DEFINE(GROUP_ID, _ORDINAL) VALUES ('Q.2.1-2',0);
-- Q.3.1
INSERT INTO FIELD_GROUP(GROUP_ID, NAME, TYPE, EDITOR_ORDINAL, DISPLAY_ORDINAL, DEFINE_ID,VIEW_ROW) VALUES ('Q.3.1-1','卷页数','SIMPLE',1,1,'Q.3.1',0);
INSERT INTO FIELD_DEFINE(GROUP_ID, _ORDINAL, _OPTION) VALUES ('Q.3.1-1',0,'{"style": "col-lg-4 col-md-12","nullable":true,"key":false,"minLength":1, "maxLength":5 ,"label":"卷页数","controlType":"textbox"}');
INSERT INTO FIELD_DEFINE(GROUP_ID, _ORDINAL, _OPTION) VALUES ('Q.3.1-1',2,'{"style": "col-lg-4 col-md-12","nullable":true,"key":true,"minLength":1, "maxLength":10 ,"label":"原档案位置","controlType":"textbox"}');
INSERT INTO FIELD_GROUP(GROUP_ID,NAME,TYPE,EDITOR_ORDINAL,DISPLAY_ORDINAL,DEFINE_ID,VIEW_ROW,_OPTION) VALUES('Q.3.1-2','说明','TEXT_AREA',4,4,'Q.3.1',4,'{"key":false,"nullable":true,"rows":4}');
INSERT INTO FIELD_DEFINE(GROUP_ID, _ORDINAL) VALUES ('Q.3.1-2',0);
-- Q.3.2
INSERT INTO FIELD_GROUP(GROUP_ID, NAME, TYPE, EDITOR_ORDINAL, DISPLAY_ORDINAL, DEFINE_ID,VIEW_ROW) VALUES ('Q.3.2-1','卷页数','SIMPLE',1,1,'Q.3.2',0);
INSERT INTO FIELD_DEFINE(GROUP_ID, _ORDINAL, _OPTION) VALUES ('Q.3.2-1',0,'{"style": "col-lg-4 col-md-12","nullable":true,"key":false,"minLength":1, "maxLength":5 ,"label":"卷页数","controlType":"textbox"}');
INSERT INTO FIELD_DEFINE(GROUP_ID, _ORDINAL, _OPTION) VALUES ('Q.3.2-1',2,'{"style": "col-lg-4 col-md-12","nullable":true,"key":true,"minLength":1, "maxLength":10 ,"label":"原档案位置","controlType":"textbox"}');
INSERT INTO FIELD_GROUP(GROUP_ID,NAME,TYPE,EDITOR_ORDINAL,DISPLAY_ORDINAL,DEFINE_ID,VIEW_ROW,_OPTION) VALUES('Q.3.2-2','说明','TEXT_AREA',4,4,'Q.3.2',4,'{"key":false,"nullable":true,"rows":4}');
INSERT INTO FIELD_DEFINE(GROUP_ID, _ORDINAL) VALUES ('Q.3.2-2',0);
-- Q.3.3
INSERT INTO FIELD_GROUP(GROUP_ID, NAME, TYPE, EDITOR_ORDINAL, DISPLAY_ORDINAL, DEFINE_ID,VIEW_ROW) VALUES ('Q.3.3-1','卷页数','SIMPLE',1,1,'Q.3.3',0);
INSERT INTO FIELD_DEFINE(GROUP_ID, _ORDINAL, _OPTION) VALUES ('Q.3.3-1',0,'{"style": "col-lg-4 col-md-12","nullable":true,"key":false,"minLength":1, "maxLength":5 ,"label":"卷页数","controlType":"textbox"}');
INSERT INTO FIELD_DEFINE(GROUP_ID, _ORDINAL, _OPTION) VALUES ('Q.3.3-1',2,'{"style": "col-lg-4 col-md-12","nullable":true,"key":true,"minLength":1, "maxLength":10 ,"label":"原档案位置","controlType":"textbox"}');
INSERT INTO FIELD_GROUP(GROUP_ID,NAME,TYPE,EDITOR_ORDINAL,DISPLAY_ORDINAL,DEFINE_ID,VIEW_ROW,_OPTION) VALUES('Q.3.3-2','说明','TEXT_AREA',4,4,'Q.3.3',4,'{"key":false,"nullable":true,"rows":4}');
INSERT INTO FIELD_DEFINE(GROUP_ID, _ORDINAL) VALUES ('Q.3.3-2',0);
-- Q.4.1
INSERT INTO FIELD_GROUP(GROUP_ID, NAME, TYPE, EDITOR_ORDINAL, DISPLAY_ORDINAL, DEFINE_ID,VIEW_ROW) VALUES ('Q.4.1-1','卷页数','SIMPLE',1,1,'Q.4.1',0);
INSERT INTO FIELD_DEFINE(GROUP_ID, _ORDINAL, _OPTION) VALUES ('Q.4.1-1',0,'{"style": "col-lg-4 col-md-12","nullable":true,"key":false,"minLength":1, "maxLength":5 ,"label":"卷页数","controlType":"textbox"}');
INSERT INTO FIELD_DEFINE(GROUP_ID, _ORDINAL, _OPTION) VALUES ('Q.4.1-1',2,'{"style": "col-lg-4 col-md-12","nullable":true,"key":true,"minLength":1, "maxLength":10 ,"label":"原档案位置","controlType":"textbox"}');
INSERT INTO FIELD_GROUP(GROUP_ID,NAME,TYPE,EDITOR_ORDINAL,DISPLAY_ORDINAL,DEFINE_ID,VIEW_ROW,_OPTION) VALUES('Q.4.1-2','说明','TEXT_AREA',4,4,'Q.4.1',4,'{"key":false,"nullable":true,"rows":4}');
INSERT INTO FIELD_DEFINE(GROUP_ID, _ORDINAL) VALUES ('Q.4.1-2',0);
-- Q.5.1
INSERT INTO FIELD_GROUP(GROUP_ID, NAME, TYPE, EDITOR_ORDINAL, DISPLAY_ORDINAL, DEFINE_ID,VIEW_ROW) VALUES ('Q.5.1-1','卷页数','SIMPLE',1,1,'Q.5.1',0);
INSERT INTO FIELD_DEFINE(GROUP_ID, _ORDINAL, _OPTION) VALUES ('Q.5.1-1',0,'{"style": "col-lg-4 col-md-12","nullable":true,"key":false,"minLength":1, "maxLength":5 ,"label":"卷页数","controlType":"textbox"}');
INSERT INTO FIELD_DEFINE(GROUP_ID, _ORDINAL, _OPTION) VALUES ('Q.5.1-1',2,'{"style": "col-lg-4 col-md-12","nullable":true,"key":true,"minLength":1, "maxLength":10 ,"label":"原档案位置","controlType":"textbox"}');
INSERT INTO FIELD_GROUP(GROUP_ID,NAME,TYPE,EDITOR_ORDINAL,DISPLAY_ORDINAL,DEFINE_ID,VIEW_ROW,_OPTION) VALUES('Q.5.1-2','说明','TEXT_AREA',4,4,'Q.5.1',4,'{"key":false,"nullable":true,"rows":4}');
INSERT INTO FIELD_DEFINE(GROUP_ID, _ORDINAL) VALUES ('Q.5.1-2',0);
-- Q.6.1
INSERT INTO FIELD_GROUP(GROUP_ID, NAME, TYPE, EDITOR_ORDINAL, DISPLAY_ORDINAL, DEFINE_ID,VIEW_ROW) VALUES ('Q.6.1-1','卷页数','SIMPLE',1,1,'Q.6.1',0);
INSERT INTO FIELD_DEFINE(GROUP_ID, _ORDINAL, _OPTION) VALUES ('Q.6.1-1',0,'{"style": "col-lg-4 col-md-12","nullable":true,"key":false,"minLength":1, "maxLength":5 ,"label":"卷页数","controlType":"textbox"}');
INSERT INTO FIELD_DEFINE(GROUP_ID, _ORDINAL, _OPTION) VALUES ('Q.6.1-1',2,'{"style": "col-lg-4 col-md-12","nullable":true,"key":true,"minLength":1, "maxLength":10 ,"label":"原档案位置","controlType":"textbox"}');
INSERT INTO FIELD_GROUP(GROUP_ID,NAME,TYPE,EDITOR_ORDINAL,DISPLAY_ORDINAL,DEFINE_ID,VIEW_ROW,_OPTION) VALUES('Q.6.1-2','说明','TEXT_AREA',4,4,'Q.6.1',4,'{"key":false,"nullable":true,"rows":4}');
INSERT INTO FIELD_DEFINE(GROUP_ID, _ORDINAL) VALUES ('Q.6.1-2',0);
-- Q.6.2
INSERT INTO FIELD_GROUP(GROUP_ID, NAME, TYPE, EDITOR_ORDINAL, DISPLAY_ORDINAL, DEFINE_ID,VIEW_ROW) VALUES ('Q.6.2-1','卷页数','SIMPLE',1,1,'Q.6.2',0);
INSERT INTO FIELD_DEFINE(GROUP_ID, _ORDINAL, _OPTION) VALUES ('Q.6.2-1',0,'{"style": "col-lg-4 col-md-12","nullable":true,"key":false,"minLength":1, "maxLength":5 ,"label":"卷页数","controlType":"textbox"}');
INSERT INTO FIELD_DEFINE(GROUP_ID, _ORDINAL, _OPTION) VALUES ('Q.6.2-1',2,'{"style": "col-lg-4 col-md-12","nullable":true,"key":true,"minLength":1, "maxLength":10 ,"label":"原档案位置","controlType":"textbox"}');
INSERT INTO FIELD_GROUP(GROUP_ID,NAME,TYPE,EDITOR_ORDINAL,DISPLAY_ORDINAL,DEFINE_ID,VIEW_ROW,_OPTION) VALUES('Q.6.2-2','说明','TEXT_AREA',4,4,'Q.6.2',4,'{"key":false,"nullable":true,"rows":4}');
INSERT INTO FIELD_DEFINE(GROUP_ID, _ORDINAL) VALUES ('Q.6.2-2',0);
-- Q.7.1
INSERT INTO FIELD_GROUP(GROUP_ID, NAME, TYPE, EDITOR_ORDINAL, DISPLAY_ORDINAL, DEFINE_ID,VIEW_ROW) VALUES ('Q.7.1-1','卷页数','SIMPLE',1,1,'Q.7.1',0);
INSERT INTO FIELD_DEFINE(GROUP_ID, _ORDINAL, _OPTION) VALUES ('Q.7.1-1',0,'{"style": "col-lg-4 col-md-12","nullable":true,"key":false,"minLength":1, "maxLength":5 ,"label":"卷页数","controlType":"textbox"}');
INSERT INTO FIELD_DEFINE(GROUP_ID, _ORDINAL, _OPTION) VALUES ('Q.7.1-1',2,'{"style": "col-lg-4 col-md-12","nullable":true,"key":true,"minLength":1, "maxLength":10 ,"label":"原档案位置","controlType":"textbox"}');
INSERT INTO FIELD_GROUP(GROUP_ID,NAME,TYPE,EDITOR_ORDINAL,DISPLAY_ORDINAL,DEFINE_ID,VIEW_ROW,_OPTION) VALUES('Q.7.1-2','说明','TEXT_AREA',4,4,'Q.7.1',4,'{"key":false,"nullable":true,"rows":4}');
INSERT INTO FIELD_DEFINE(GROUP_ID, _ORDINAL) VALUES ('Q.7.1-2',0);
-- Q.7.2
INSERT INTO FIELD_GROUP(GROUP_ID, NAME, TYPE, EDITOR_ORDINAL, DISPLAY_ORDINAL, DEFINE_ID,VIEW_ROW) VALUES ('Q.7.2-1','卷页数','SIMPLE',1,1,'Q.7.2',0);
INSERT INTO FIELD_DEFINE(GROUP_ID, _ORDINAL, _OPTION) VALUES ('Q.7.2-1',0,'{"style": "col-lg-4 col-md-12","nullable":true,"key":false,"minLength":1, "maxLength":5 ,"label":"卷页数","controlType":"textbox"}');
INSERT INTO FIELD_DEFINE(GROUP_ID, _ORDINAL, _OPTION) VALUES ('Q.7.2-1',2,'{"style": "col-lg-4 col-md-12","nullable":true,"key":true,"minLength":1, "maxLength":10 ,"label":"原档案位置","controlType":"textbox"}');
INSERT INTO FIELD_GROUP(GROUP_ID,NAME,TYPE,EDITOR_ORDINAL,DISPLAY_ORDINAL,DEFINE_ID,VIEW_ROW,_OPTION) VALUES('Q.7.2-2','说明','TEXT_AREA',4,4,'Q.7.2',4,'{"key":false,"nullable":true,"rows":4}');
INSERT INTO FIELD_DEFINE(GROUP_ID, _ORDINAL) VALUES ('Q.7.2-2',0);
-- Q.7.3
INSERT INTO FIELD_GROUP(GROUP_ID, NAME, TYPE, EDITOR_ORDINAL, DISPLAY_ORDINAL, DEFINE_ID,VIEW_ROW) VALUES ('Q.7.3-1','卷页数','SIMPLE',1,1,'Q.7.3',0);
INSERT INTO FIELD_DEFINE(GROUP_ID, _ORDINAL, _OPTION) VALUES ('Q.7.3-1',0,'{"style": "col-lg-4 col-md-12","nullable":true,"key":false,"minLength":1, "maxLength":5 ,"label":"卷页数","controlType":"textbox"}');
INSERT INTO FIELD_DEFINE(GROUP_ID, _ORDINAL, _OPTION) VALUES ('Q.7.3-1',2,'{"style": "col-lg-4 col-md-12","nullable":true,"key":true,"minLength":1, "maxLength":10 ,"label":"原档案位置","controlType":"textbox"}');
INSERT INTO FIELD_GROUP(GROUP_ID,NAME,TYPE,EDITOR_ORDINAL,DISPLAY_ORDINAL,DEFINE_ID,VIEW_ROW,_OPTION) VALUES('Q.7.3-2','说明','TEXT_AREA',4,4,'Q.7.3',4,'{"key":false,"nullable":true,"rows":4}');
INSERT INTO FIELD_DEFINE(GROUP_ID, _ORDINAL) VALUES ('Q.7.3-2',0);
-- Q.7.4
INSERT INTO FIELD_GROUP(GROUP_ID, NAME, TYPE, EDITOR_ORDINAL, DISPLAY_ORDINAL, DEFINE_ID,VIEW_ROW) VALUES ('Q.7.4-1','卷页数','SIMPLE',1,1,'Q.7.4',0);
INSERT INTO FIELD_DEFINE(GROUP_ID, _ORDINAL, _OPTION) VALUES ('Q.7.4-1',0,'{"style": "col-lg-4 col-md-12","nullable":true,"key":false,"minLength":1, "maxLength":5 ,"label":"卷页数","controlType":"textbox"}');
INSERT INTO FIELD_DEFINE(GROUP_ID, _ORDINAL, _OPTION) VALUES ('Q.7.4-1',2,'{"style": "col-lg-4 col-md-12","nullable":true,"key":true,"minLength":1, "maxLength":10 ,"label":"原档案位置","controlType":"textbox"}');
INSERT INTO FIELD_GROUP(GROUP_ID,NAME,TYPE,EDITOR_ORDINAL,DISPLAY_ORDINAL,DEFINE_ID,VIEW_ROW,_OPTION) VALUES('Q.7.4-2','说明','TEXT_AREA',4,4,'Q.7.4',4,'{"key":false,"nullable":true,"rows":4}');
INSERT INTO FIELD_DEFINE(GROUP_ID, _ORDINAL) VALUES ('Q.7.4-2',0);
-- Q.8.1
INSERT INTO FIELD_GROUP(GROUP_ID, NAME, TYPE, EDITOR_ORDINAL, DISPLAY_ORDINAL, DEFINE_ID,VIEW_ROW) VALUES ('Q.8.1-1','卷页数','SIMPLE',1,1,'Q.8.1',0);
INSERT INTO FIELD_DEFINE(GROUP_ID, _ORDINAL, _OPTION) VALUES ('Q.8.1-1',0,'{"style": "col-lg-4 col-md-12","nullable":true,"key":false,"minLength":1, "maxLength":5 ,"label":"卷页数","controlType":"textbox"}');
INSERT INTO FIELD_DEFINE(GROUP_ID, _ORDINAL, _OPTION) VALUES ('Q.8.1-1',2,'{"style": "col-lg-4 col-md-12","nullable":true,"key":true,"minLength":1, "maxLength":10 ,"label":"原档案位置","controlType":"textbox"}');
INSERT INTO FIELD_GROUP(GROUP_ID,NAME,TYPE,EDITOR_ORDINAL,DISPLAY_ORDINAL,DEFINE_ID,VIEW_ROW,_OPTION) VALUES('Q.8.1-2','说明','TEXT_AREA',4,4,'Q.8.1',4,'{"key":false,"nullable":true,"rows":4}');
INSERT INTO FIELD_DEFINE(GROUP_ID, _ORDINAL) VALUES ('Q.8.1-2',0);
-- Q.9.1
INSERT INTO FIELD_GROUP(GROUP_ID, NAME, TYPE, EDITOR_ORDINAL, DISPLAY_ORDINAL, DEFINE_ID,VIEW_ROW) VALUES ('Q.9.1-1','卷页数','SIMPLE',1,1,'Q.9.1',0);
INSERT INTO FIELD_DEFINE(GROUP_ID, _ORDINAL, _OPTION) VALUES ('Q.9.1-1',0,'{"style": "col-lg-4 col-md-12","nullable":true,"key":false,"minLength":1, "maxLength":5 ,"label":"卷页数","controlType":"textbox"}');
INSERT INTO FIELD_DEFINE(GROUP_ID, _ORDINAL, _OPTION) VALUES ('Q.9.1-1',2,'{"style": "col-lg-4 col-md-12","nullable":true,"key":true,"minLength":1, "maxLength":10 ,"label":"原档案位置","controlType":"textbox"}');
INSERT INTO FIELD_GROUP(GROUP_ID,NAME,TYPE,EDITOR_ORDINAL,DISPLAY_ORDINAL,DEFINE_ID,VIEW_ROW,_OPTION) VALUES('Q.9.1-2','说明','TEXT_AREA',4,4,'Q.9.1',4,'{"key":false,"nullable":true,"rows":4}');
INSERT INTO FIELD_DEFINE(GROUP_ID, _ORDINAL) VALUES ('Q.9.1-2',0);
-- Q.10.1
INSERT INTO FIELD_GROUP(GROUP_ID, NAME, TYPE, EDITOR_ORDINAL, DISPLAY_ORDINAL, DEFINE_ID,VIEW_ROW) VALUES ('Q.10.1-1','卷页数','SIMPLE',1,1,'Q.10.1',0);
INSERT INTO FIELD_DEFINE(GROUP_ID, _ORDINAL, _OPTION) VALUES ('Q.10.1-1',0,'{"style": "col-lg-4 col-md-12","nullable":true,"key":false,"minLength":1, "maxLength":5 ,"label":"卷页数","controlType":"textbox"}');
INSERT INTO FIELD_DEFINE(GROUP_ID, _ORDINAL, _OPTION) VALUES ('Q.10.1-1',2,'{"style": "col-lg-4 col-md-12","nullable":true,"key":true,"minLength":1, "maxLength":10 ,"label":"原档案位置","controlType":"textbox"}');
INSERT INTO FIELD_GROUP(GROUP_ID,NAME,TYPE,EDITOR_ORDINAL,DISPLAY_ORDINAL,DEFINE_ID,VIEW_ROW,_OPTION) VALUES('Q.10.1-2','说明','TEXT_AREA',4,4,'Q.10.1',4,'{"key":false,"nullable":true,"rows":4}');
INSERT INTO FIELD_DEFINE(GROUP_ID, _ORDINAL) VALUES ('Q.10.1-2',0);

-- BUSINESS_DEFINE R 声像类
INSERT INTO BUSINESS_DEFINE(DEFINE_ID, NAME, CATEGORY_ID, _VERSION, PRIORITY, ENABLE, WF_VER,SUMMARY,DEFAULT_ROOM, DEFAULT_RACK) VALUES('R.1.1','声像档案','R',1,1,true,1,'送交单位:{.deliver} 案卷题名:{.projectName}','3','3-1');
INSERT INTO BUSINESS_DEFINE(DEFINE_ID, NAME, CATEGORY_ID, _VERSION, PRIORITY, ENABLE, WF_VER,SUMMARY,DEFAULT_ROOM, DEFAULT_RACK) VALUES('R.2.1','缩微片（卷）','R',1,2,true,1,'送交单位:{.deliver} 案卷题名:{.projectName}','3','3-1');
INSERT INTO BUSINESS_DEFINE(DEFINE_ID, NAME, CATEGORY_ID, _VERSION, PRIORITY, ENABLE, WF_VER,SUMMARY,DEFAULT_ROOM, DEFAULT_RACK) VALUES('R.3.1','录象带','R',1,3,true,1,'送交单位:{.deliver} 案卷题名:{.projectName}','3','3-1');
INSERT INTO BUSINESS_DEFINE(DEFINE_ID, NAME, CATEGORY_ID, _VERSION, PRIORITY, ENABLE, WF_VER,SUMMARY,DEFAULT_ROOM, DEFAULT_RACK) VALUES('R.4.1','录音带','R',1,4,true,1,'送交单位:{.deliver} 案卷题名:{.projectName}','3','3-1');
INSERT INTO BUSINESS_DEFINE(DEFINE_ID, NAME, CATEGORY_ID, _VERSION, PRIORITY, ENABLE, WF_VER,SUMMARY,DEFAULT_ROOM, DEFAULT_RACK) VALUES('R.5.1','光盘与磁盘','R',1,5,true,1,'送交单位:{.deliver} 案卷题名:{.projectName}','3','3-1');
-- R.1.1
INSERT INTO FIELD_GROUP(GROUP_ID, NAME, TYPE, EDITOR_ORDINAL, DISPLAY_ORDINAL, DEFINE_ID,VIEW_ROW) VALUES ('R.1.1-1','卷页数','SIMPLE',1,1,'R.1.1',0);
INSERT INTO FIELD_DEFINE(GROUP_ID, _ORDINAL, _OPTION) VALUES ('R.1.1-1',0,'{"style": "col-lg-4 col-md-12","nullable":true,"key":false,"minLength":1, "maxLength":5 ,"label":"卷页数","controlType":"textbox"}');
INSERT INTO FIELD_DEFINE(GROUP_ID, _ORDINAL, _OPTION) VALUES ('R.1.1-1',2,'{"style": "col-lg-4 col-md-12","nullable":true,"key":true,"minLength":1, "maxLength":10 ,"label":"原档案位置","controlType":"textbox"}');
INSERT INTO FIELD_GROUP(GROUP_ID,NAME,TYPE,EDITOR_ORDINAL,DISPLAY_ORDINAL,DEFINE_ID,VIEW_ROW,_OPTION) VALUES('R.1.1-2','说明','TEXT_AREA',4,4,'R.1.1',4,'{"key":false,"nullable":true,"rows":4}');
INSERT INTO FIELD_DEFINE(GROUP_ID, _ORDINAL) VALUES ('R.1.1-2',0);
-- R.2.1
INSERT INTO FIELD_GROUP(GROUP_ID, NAME, TYPE, EDITOR_ORDINAL, DISPLAY_ORDINAL, DEFINE_ID,VIEW_ROW) VALUES ('R.2.1-1','卷页数','SIMPLE',1,1,'R.2.1',0);
INSERT INTO FIELD_DEFINE(GROUP_ID, _ORDINAL, _OPTION) VALUES ('R.2.1-1',0,'{"style": "col-lg-4 col-md-12","nullable":true,"key":false,"minLength":1, "maxLength":5 ,"label":"卷页数","controlType":"textbox"}');
INSERT INTO FIELD_DEFINE(GROUP_ID, _ORDINAL, _OPTION) VALUES ('R.2.1-1',2,'{"style": "col-lg-4 col-md-12","nullable":true,"key":true,"minLength":1, "maxLength":10 ,"label":"原档案位置","controlType":"textbox"}');
INSERT INTO FIELD_GROUP(GROUP_ID,NAME,TYPE,EDITOR_ORDINAL,DISPLAY_ORDINAL,DEFINE_ID,VIEW_ROW,_OPTION) VALUES('R.2.1-2','说明','TEXT_AREA',4,4,'R.2.1',4,'{"key":false,"nullable":true,"rows":4}');
INSERT INTO FIELD_DEFINE(GROUP_ID, _ORDINAL) VALUES ('R.2.1-2',0);
-- R.3.1
INSERT INTO FIELD_GROUP(GROUP_ID, NAME, TYPE, EDITOR_ORDINAL, DISPLAY_ORDINAL, DEFINE_ID,VIEW_ROW) VALUES ('R.3.1-1','卷页数','SIMPLE',1,1,'R.3.1',0);
INSERT INTO FIELD_DEFINE(GROUP_ID, _ORDINAL, _OPTION) VALUES ('R.3.1-1',0,'{"style": "col-lg-4 col-md-12","nullable":true,"key":false,"minLength":1, "maxLength":5 ,"label":"卷页数","controlType":"textbox"}');
INSERT INTO FIELD_DEFINE(GROUP_ID, _ORDINAL, _OPTION) VALUES ('R.3.1-1',2,'{"style": "col-lg-4 col-md-12","nullable":true,"key":true,"minLength":1, "maxLength":10 ,"label":"原档案位置","controlType":"textbox"}');
INSERT INTO FIELD_GROUP(GROUP_ID,NAME,TYPE,EDITOR_ORDINAL,DISPLAY_ORDINAL,DEFINE_ID,VIEW_ROW,_OPTION) VALUES('R.3.1-2','说明','TEXT_AREA',4,4,'R.3.1',4,'{"key":false,"nullable":true,"rows":4}');
INSERT INTO FIELD_DEFINE(GROUP_ID, _ORDINAL) VALUES ('R.3.1-2',0);
-- R.4.1
INSERT INTO FIELD_GROUP(GROUP_ID, NAME, TYPE, EDITOR_ORDINAL, DISPLAY_ORDINAL, DEFINE_ID,VIEW_ROW) VALUES ('R.4.1-1','卷页数','SIMPLE',1,1,'R.4.1',0);
INSERT INTO FIELD_DEFINE(GROUP_ID, _ORDINAL, _OPTION) VALUES ('R.4.1-1',0,'{"style": "col-lg-4 col-md-12","nullable":true,"key":false,"minLength":1, "maxLength":5 ,"label":"卷页数","controlType":"textbox"}');
INSERT INTO FIELD_DEFINE(GROUP_ID, _ORDINAL, _OPTION) VALUES ('R.4.1-1',2,'{"style": "col-lg-4 col-md-12","nullable":true,"key":true,"minLength":1, "maxLength":10 ,"label":"原档案位置","controlType":"textbox"}');
INSERT INTO FIELD_GROUP(GROUP_ID,NAME,TYPE,EDITOR_ORDINAL,DISPLAY_ORDINAL,DEFINE_ID,VIEW_ROW,_OPTION) VALUES('R.4.1-2','说明','TEXT_AREA',4,4,'R.4.1',4,'{"key":false,"nullable":true,"rows":4}');
INSERT INTO FIELD_DEFINE(GROUP_ID, _ORDINAL) VALUES ('R.4.1-2',0);
-- R.5.1
INSERT INTO FIELD_GROUP(GROUP_ID, NAME, TYPE, EDITOR_ORDINAL, DISPLAY_ORDINAL, DEFINE_ID,VIEW_ROW) VALUES ('R.5.1-1','卷页数','SIMPLE',1,1,'R.5.1',0);
INSERT INTO FIELD_DEFINE(GROUP_ID, _ORDINAL, _OPTION) VALUES ('R.5.1-1',0,'{"style": "col-lg-4 col-md-12","nullable":true,"key":false,"minLength":1, "maxLength":5 ,"label":"卷页数","controlType":"textbox"}');
INSERT INTO FIELD_DEFINE(GROUP_ID, _ORDINAL, _OPTION) VALUES ('R.5.1-1',2,'{"style": "col-lg-4 col-md-12","nullable":true,"key":true,"minLength":1, "maxLength":10 ,"label":"原档案位置","controlType":"textbox"}');
INSERT INTO FIELD_GROUP(GROUP_ID,NAME,TYPE,EDITOR_ORDINAL,DISPLAY_ORDINAL,DEFINE_ID,VIEW_ROW,_OPTION) VALUES('R.5.1-2','说明','TEXT_AREA',4,4,'R.5.1',4,'{"key":false,"nullable":true,"rows":4}');
INSERT INTO FIELD_DEFINE(GROUP_ID, _ORDINAL) VALUES ('R.5.1-2',0);


--   ROOM



INSERT ROOM (ROOM_ID,NAME,DESCRIPTION,PERCENTAGE,SEQ) value ('1','一号档案库','档案库已装满',100,1);
INSERT ROOM (ROOM_ID,NAME,DESCRIPTION,PERCENTAGE,SEQ) value ('2','二号档案库','档案库已装满',100,2);
INSERT ROOM (ROOM_ID,NAME,DESCRIPTION,PERCENTAGE,SEQ) value ('3','三号档案库','档案库未装满',50,3);

INSERT RACK (RACK_ID, NAME, ROOM_ID, PERCENTAGE, SEQ) VALUE ('1-1','一号架','1',100,1);
INSERT RACK (RACK_ID, NAME, ROOM_ID, PERCENTAGE, SEQ) VALUE ('2-1','一号架','2',100,1);
INSERT RACK (RACK_ID, NAME, ROOM_ID, PERCENTAGE, SEQ) VALUE ('3-1','一号架','3',50,1);
-- 一号库，柜信息
INSERT CABINET (CABINET_ID, NAME, RACK_ID, SEQ, PERCENTAGE, ROW_DESC, COL_DESC) VALUE ('1-1-1B','1B','1-1',1,100,TRUE ,TRUE);
INSERT CABINET (CABINET_ID, NAME, RACK_ID, SEQ, PERCENTAGE, ROW_DESC, COL_DESC) VALUE ('1-1-2A','2A','1-1',2,100,TRUE ,FALSE);
INSERT CABINET (CABINET_ID, NAME, RACK_ID, SEQ, PERCENTAGE, ROW_DESC, COL_DESC) VALUE ('1-1-2B','2B','1-1',3,100,TRUE ,TRUE);
INSERT CABINET (CABINET_ID, NAME, RACK_ID, SEQ, PERCENTAGE, ROW_DESC, COL_DESC) VALUE ('1-1-3A','3A','1-1',4,100,TRUE ,FALSE);
INSERT CABINET (CABINET_ID, NAME, RACK_ID, SEQ, PERCENTAGE, ROW_DESC, COL_DESC) VALUE ('1-1-3B','3B','1-1',5,100,TRUE ,TRUE);
INSERT CABINET (CABINET_ID, NAME, RACK_ID, SEQ, PERCENTAGE, ROW_DESC, COL_DESC) VALUE ('1-1-4A','4A','1-1',6,100,TRUE ,FALSE );
INSERT CABINET (CABINET_ID, NAME, RACK_ID, SEQ, PERCENTAGE, ROW_DESC, COL_DESC) VALUE ('1-1-4B','4B','1-1',7,100,TRUE ,TRUE);
INSERT CABINET (CABINET_ID, NAME, RACK_ID, SEQ, PERCENTAGE, ROW_DESC, COL_DESC) VALUE ('1-1-5A','5A','1-1',8,100,TRUE ,FALSE);
INSERT CABINET (CABINET_ID, NAME, RACK_ID, SEQ, PERCENTAGE, ROW_DESC, COL_DESC) VALUE ('1-1-5B','5B','1-1',9,100,TRUE ,TRUE);

-- 二号库，柜信息
INSERT CABINET (CABINET_ID, NAME, RACK_ID, SEQ, PERCENTAGE, ROW_DESC, COL_DESC) VALUE ('2-1-1A','1A','2-1',1,100,TRUE ,FALSE);
INSERT CABINET (CABINET_ID, NAME, RACK_ID, SEQ, PERCENTAGE, ROW_DESC, COL_DESC) VALUE ('2-1-2A','2A','2-1',2,100,TRUE ,FALSE);
INSERT CABINET (CABINET_ID, NAME, RACK_ID, SEQ, PERCENTAGE, ROW_DESC, COL_DESC) VALUE ('2-1-2B','2B','2-1',3,100,TRUE ,TRUE);
INSERT CABINET (CABINET_ID, NAME, RACK_ID, SEQ, PERCENTAGE, ROW_DESC, COL_DESC) VALUE ('2-1-3A','3A','2-1',4,100,TRUE ,FALSE);
INSERT CABINET (CABINET_ID, NAME, RACK_ID, SEQ, PERCENTAGE, ROW_DESC, COL_DESC) VALUE ('2-1-3B','3B','2-1',5,100,TRUE ,TRUE);
INSERT CABINET (CABINET_ID, NAME, RACK_ID, SEQ, PERCENTAGE, ROW_DESC, COL_DESC) VALUE ('2-1-4A','4A','2-1',6,100,TRUE ,FALSE);
INSERT CABINET (CABINET_ID, NAME, RACK_ID, SEQ, PERCENTAGE, ROW_DESC, COL_DESC) VALUE ('2-1-4B','4B','2-1',7,100,TRUE ,TRUE);
INSERT CABINET (CABINET_ID, NAME, RACK_ID, SEQ, PERCENTAGE, ROW_DESC, COL_DESC) VALUE ('2-1-5A','5A','2-1',8,100,TRUE ,FALSE);
INSERT CABINET (CABINET_ID, NAME, RACK_ID, SEQ, PERCENTAGE, ROW_DESC, COL_DESC) VALUE ('2-1-5B','5B','2-1',9,100,TRUE ,TRUE);
-- 三号号 柜信息
INSERT CABINET (CABINET_ID, NAME, RACK_ID, SEQ, PERCENTAGE, ROW_DESC, COL_DESC) VALUE ('3-1-1A','1A','3-1',1,50,TRUE ,FALSE);
INSERT CABINET (CABINET_ID, NAME, RACK_ID, SEQ, PERCENTAGE, ROW_DESC, COL_DESC) VALUE ('3-1-1B','1B','3-1',2,0,TRUE ,TRUE);
INSERT CABINET (CABINET_ID, NAME, RACK_ID, SEQ, PERCENTAGE, ROW_DESC, COL_DESC) VALUE ('3-1-2A','2A','3-1',3,0,TRUE ,FALSE);
INSERT CABINET (CABINET_ID, NAME, RACK_ID, SEQ, PERCENTAGE, ROW_DESC, COL_DESC) VALUE ('3-1-2B','2B','3-1',4,30,TRUE ,TRUE);
INSERT CABINET (CABINET_ID, NAME, RACK_ID, SEQ, PERCENTAGE, ROW_DESC, COL_DESC) VALUE ('3-1-3A','3A','3-1',5,5,TRUE ,FALSE);
INSERT CABINET (CABINET_ID, NAME, RACK_ID, SEQ, PERCENTAGE, ROW_DESC, COL_DESC) VALUE ('3-1-3B','3B','3-1',6,0,TRUE ,TRUE);
INSERT CABINET (CABINET_ID, NAME, RACK_ID, SEQ, PERCENTAGE, ROW_DESC, COL_DESC) VALUE ('3-1-4A','4A','3-1',7,0,TRUE ,FALSE);
INSERT CABINET (CABINET_ID, NAME, RACK_ID, SEQ, PERCENTAGE, ROW_DESC, COL_DESC) VALUE ('3-1-4B','4B','3-1',8,5,TRUE ,TRUE);
INSERT CABINET (CABINET_ID, NAME, RACK_ID, SEQ, PERCENTAGE, ROW_DESC, COL_DESC) VALUE ('3-1-5A','5A','3-1',9,15,TRUE ,FALSE);
INSERT CABINET (CABINET_ID, NAME, RACK_ID, SEQ, PERCENTAGE, ROW_DESC, COL_DESC) VALUE ('3-1-5B','5B','3-1',10,80,TRUE ,TRUE);
INSERT CABINET (CABINET_ID, NAME, RACK_ID, SEQ, PERCENTAGE, ROW_DESC, COL_DESC) VALUE ('3-1-6A','6A','3-1',11,20,TRUE ,FALSE);
INSERT CABINET (CABINET_ID, NAME, RACK_ID, SEQ, PERCENTAGE, ROW_DESC, COL_DESC) VALUE ('3-1-6B','6B','3-1',12,0,TRUE ,TRUE);
INSERT CABINET (CABINET_ID, NAME, RACK_ID, SEQ, PERCENTAGE, ROW_DESC, COL_DESC) VALUE ('3-1-7A','7A','3-1',13,10,TRUE ,FALSE);
INSERT CABINET (CABINET_ID, NAME, RACK_ID, SEQ, PERCENTAGE, ROW_DESC, COL_DESC) VALUE ('3-1-7B','7B','3-1',14,20,TRUE ,TRUE);
INSERT CABINET (CABINET_ID, NAME, RACK_ID, SEQ, PERCENTAGE, ROW_DESC, COL_DESC) VALUE ('3-1-8A','8A','3-1',15,0,TRUE ,FALSE);
INSERT CABINET (CABINET_ID, NAME, RACK_ID, SEQ, PERCENTAGE, ROW_DESC, COL_DESC) VALUE ('3-1-8B','8B','3-1',16,0,TRUE ,TRUE);
INSERT CABINET (CABINET_ID, NAME, RACK_ID, SEQ, PERCENTAGE, ROW_DESC, COL_DESC) VALUE ('3-1-9A','9A','3-1',17,0,TRUE ,FALSE);
INSERT CABINET (CABINET_ID, NAME, RACK_ID, SEQ, PERCENTAGE, ROW_DESC, COL_DESC) VALUE ('3-1-9B','9B','3-1',18,50,TRUE ,TRUE);
INSERT CABINET (CABINET_ID, NAME, RACK_ID, SEQ, PERCENTAGE, ROW_DESC, COL_DESC) VALUE ('3-1-10A','10A','3-1',19,50,TRUE ,FALSE);
INSERT CABINET (CABINET_ID, NAME, RACK_ID, SEQ, PERCENTAGE, ROW_DESC, COL_DESC) VALUE ('3-1-10B','10B','3-1',20,50,TRUE ,TRUE);
INSERT CABINET (CABINET_ID, NAME, RACK_ID, SEQ, PERCENTAGE, ROW_DESC, COL_DESC) VALUE ('3-1-11A','11A','3-1',21,20,TRUE ,FALSE);
INSERT CABINET (CABINET_ID, NAME, RACK_ID, SEQ, PERCENTAGE, ROW_DESC, COL_DESC) VALUE ('3-1-11B','11B','3-1',22,50,TRUE ,TRUE);
INSERT CABINET (CABINET_ID, NAME, RACK_ID, SEQ, PERCENTAGE, ROW_DESC, COL_DESC) VALUE ('3-1-12A','12A','3-1',23,50,TRUE ,FALSE);
INSERT CABINET (CABINET_ID, NAME, RACK_ID, SEQ, PERCENTAGE, ROW_DESC, COL_DESC) VALUE ('3-1-12B','12B','3-1',24,70,TRUE ,TRUE);
INSERT CABINET (CABINET_ID, NAME, RACK_ID, SEQ, PERCENTAGE, ROW_DESC, COL_DESC) VALUE ('3-1-13A','13A','3-1',25,85,TRUE ,FALSE);

-- 1号库01B cell 信息 _ROW 行,_COL 列 01B

INSERT INTO CELL(CELL_ID,NAME,CABINET_ID,_SIZE,SEQ,_ROW,_COL,PERCENTAGE) VALUES('1-1-1B-1-1','1-1','1-1-1B',40,1,1,1,100);
INSERT INTO CELL(CELL_ID,NAME,CABINET_ID,_SIZE,SEQ,_ROW,_COL,PERCENTAGE) VALUES('1-1-1B-1-2','1-2','1-1-1B',40,2,2,1,100);
INSERT INTO CELL(CELL_ID,NAME,CABINET_ID,_SIZE,SEQ,_ROW,_COL,PERCENTAGE) VALUES('1-1-1B-1-3','1-3','1-1-1B',40,3,3,1,100);
INSERT INTO CELL(CELL_ID,NAME,CABINET_ID,_SIZE,SEQ,_ROW,_COL,PERCENTAGE) VALUES('1-1-1B-1-4','1-4','1-1-1B',40,4,4,1,100);
INSERT INTO CELL(CELL_ID,NAME,CABINET_ID,_SIZE,SEQ,_ROW,_COL,PERCENTAGE) VALUES('1-1-1B-1-5','1-5','1-1-1B',40,5,5,1,100);
INSERT INTO CELL(CELL_ID,NAME,CABINET_ID,_SIZE,SEQ,_ROW,_COL,PERCENTAGE) VALUES('1-1-1B-1-6','1-6','1-1-1B',40,6,6,1,100);
INSERT INTO CELL(CELL_ID,NAME,CABINET_ID,_SIZE,SEQ,_ROW,_COL,PERCENTAGE) VALUES('1-1-1B-2-1','2-1','1-1-1B',40,7,1,2,100);
INSERT INTO CELL(CELL_ID,NAME,CABINET_ID,_SIZE,SEQ,_ROW,_COL,PERCENTAGE) VALUES('1-1-1B-2-2','2-2','1-1-1B',40,8,2,2,100);
INSERT INTO CELL(CELL_ID,NAME,CABINET_ID,_SIZE,SEQ,_ROW,_COL,PERCENTAGE) VALUES('1-1-1B-2-3','2-3','1-1-1B',40,9,3,2,100);
INSERT INTO CELL(CELL_ID,NAME,CABINET_ID,_SIZE,SEQ,_ROW,_COL,PERCENTAGE) VALUES('1-1-1B-2-4','2-4','1-1-1B',40,10,4,2,100);
INSERT INTO CELL(CELL_ID,NAME,CABINET_ID,_SIZE,SEQ,_ROW,_COL,PERCENTAGE) VALUES('1-1-1B-2-5','2-5','1-1-1B',40,11,5,2,100);
INSERT INTO CELL(CELL_ID,NAME,CABINET_ID,_SIZE,SEQ,_ROW,_COL,PERCENTAGE) VALUES('1-1-1B-2-6','2-6','1-1-1B',40,12,6,2,100);
INSERT INTO CELL(CELL_ID,NAME,CABINET_ID,_SIZE,SEQ,_ROW,_COL,PERCENTAGE) VALUES('1-1-1B-3-1','3-1','1-1-1B',40,13,1,3,100);
INSERT INTO CELL(CELL_ID,NAME,CABINET_ID,_SIZE,SEQ,_ROW,_COL,PERCENTAGE) VALUES('1-1-1B-3-2','3-2','1-1-1B',40,14,2,3,100);
INSERT INTO CELL(CELL_ID,NAME,CABINET_ID,_SIZE,SEQ,_ROW,_COL,PERCENTAGE) VALUES('1-1-1B-3-3','3-3','1-1-1B',40,15,3,3,100);
INSERT INTO CELL(CELL_ID,NAME,CABINET_ID,_SIZE,SEQ,_ROW,_COL,PERCENTAGE) VALUES('1-1-1B-3-4','3-4','1-1-1B',40,16,4,3,100);
INSERT INTO CELL(CELL_ID,NAME,CABINET_ID,_SIZE,SEQ,_ROW,_COL,PERCENTAGE) VALUES('1-1-1B-3-5','3-5','1-1-1B',40,17,5,3,100);
INSERT INTO CELL(CELL_ID,NAME,CABINET_ID,_SIZE,SEQ,_ROW,_COL,PERCENTAGE) VALUES('1-1-1B-3-6','3-6','1-1-1B',40,18,6,3,100);
INSERT INTO CELL(CELL_ID,NAME,CABINET_ID,_SIZE,SEQ,_ROW,_COL,PERCENTAGE) VALUES('1-1-1B-4-1','4-1','1-1-1B',40,19,1,4,100);
INSERT INTO CELL(CELL_ID,NAME,CABINET_ID,_SIZE,SEQ,_ROW,_COL,PERCENTAGE) VALUES('1-1-1B-4-2','4-2','1-1-1B',40,20,2,4,100);
INSERT INTO CELL(CELL_ID,NAME,CABINET_ID,_SIZE,SEQ,_ROW,_COL,PERCENTAGE) VALUES('1-1-1B-4-3','4-3','1-1-1B',40,21,3,4,100);
INSERT INTO CELL(CELL_ID,NAME,CABINET_ID,_SIZE,SEQ,_ROW,_COL,PERCENTAGE) VALUES('1-1-1B-4-4','4-4','1-1-1B',40,22,4,4,100);
INSERT INTO CELL(CELL_ID,NAME,CABINET_ID,_SIZE,SEQ,_ROW,_COL,PERCENTAGE) VALUES('1-1-1B-4-5','4-5','1-1-1B',40,23,5,4,100);
INSERT INTO CELL(CELL_ID,NAME,CABINET_ID,_SIZE,SEQ,_ROW,_COL,PERCENTAGE) VALUES('1-1-1B-4-6','4-6','1-1-1B',40,24,6,4,100);


-- 12

INSERT INTO CELL(CELL_ID,NAME,CABINET_ID,_SIZE,SEQ,_ROW,_COL,PERCENTAGE) VALUES('1-1-2A-1-1','1-1','1-1-2A',40,1,1,1,100);
INSERT INTO CELL(CELL_ID,NAME,CABINET_ID,_SIZE,SEQ,_ROW,_COL,PERCENTAGE) VALUES('1-1-2A-1-2','1-2','1-1-2A',40,2,2,1,100);
INSERT INTO CELL(CELL_ID,NAME,CABINET_ID,_SIZE,SEQ,_ROW,_COL,PERCENTAGE) VALUES('1-1-2A-1-3','1-3','1-1-2A',40,3,3,1,100);
INSERT INTO CELL(CELL_ID,NAME,CABINET_ID,_SIZE,SEQ,_ROW,_COL,PERCENTAGE) VALUES('1-1-2A-1-4','1-4','1-1-2A',40,4,4,1,100);
INSERT INTO CELL(CELL_ID,NAME,CABINET_ID,_SIZE,SEQ,_ROW,_COL,PERCENTAGE) VALUES('1-1-2A-1-5','1-5','1-1-2A',40,5,5,1,100);
INSERT INTO CELL(CELL_ID,NAME,CABINET_ID,_SIZE,SEQ,_ROW,_COL,PERCENTAGE) VALUES('1-1-2A-1-6','1-6','1-1-2A',40,6,6,1,100);
INSERT INTO CELL(CELL_ID,NAME,CABINET_ID,_SIZE,SEQ,_ROW,_COL,PERCENTAGE) VALUES('1-1-2A-2-1','2-1','1-1-2A',40,7,1,2,100);
INSERT INTO CELL(CELL_ID,NAME,CABINET_ID,_SIZE,SEQ,_ROW,_COL,PERCENTAGE) VALUES('1-1-2A-2-2','2-2','1-1-2A',40,8,2,2,100);
INSERT INTO CELL(CELL_ID,NAME,CABINET_ID,_SIZE,SEQ,_ROW,_COL,PERCENTAGE) VALUES('1-1-2A-2-3','2-3','1-1-2A',40,9,3,2,100);
INSERT INTO CELL(CELL_ID,NAME,CABINET_ID,_SIZE,SEQ,_ROW,_COL,PERCENTAGE) VALUES('1-1-2A-2-4','2-4','1-1-2A',40,10,4,2,100);
INSERT INTO CELL(CELL_ID,NAME,CABINET_ID,_SIZE,SEQ,_ROW,_COL,PERCENTAGE) VALUES('1-1-2A-2-5','2-5','1-1-2A',40,11,5,2,100);
INSERT INTO CELL(CELL_ID,NAME,CABINET_ID,_SIZE,SEQ,_ROW,_COL,PERCENTAGE) VALUES('1-1-2A-2-6','2-6','1-1-2A',40,12,6,2,100);
INSERT INTO CELL(CELL_ID,NAME,CABINET_ID,_SIZE,SEQ,_ROW,_COL,PERCENTAGE) VALUES('1-1-2A-3-1','3-1','1-1-2A',40,13,1,3,100);
INSERT INTO CELL(CELL_ID,NAME,CABINET_ID,_SIZE,SEQ,_ROW,_COL,PERCENTAGE) VALUES('1-1-2A-3-2','3-2','1-1-2A',40,14,2,3,100);
INSERT INTO CELL(CELL_ID,NAME,CABINET_ID,_SIZE,SEQ,_ROW,_COL,PERCENTAGE) VALUES('1-1-2A-3-3','3-3','1-1-2A',40,15,3,3,100);
INSERT INTO CELL(CELL_ID,NAME,CABINET_ID,_SIZE,SEQ,_ROW,_COL,PERCENTAGE) VALUES('1-1-2A-3-4','3-4','1-1-2A',40,16,4,3,100);
INSERT INTO CELL(CELL_ID,NAME,CABINET_ID,_SIZE,SEQ,_ROW,_COL,PERCENTAGE) VALUES('1-1-2A-3-5','3-5','1-1-2A',40,17,5,3,100);
INSERT INTO CELL(CELL_ID,NAME,CABINET_ID,_SIZE,SEQ,_ROW,_COL,PERCENTAGE) VALUES('1-1-2A-3-6','3-6','1-1-2A',40,18,6,3,100);
INSERT INTO CELL(CELL_ID,NAME,CABINET_ID,_SIZE,SEQ,_ROW,_COL,PERCENTAGE) VALUES('1-1-2A-4-1','4-1','1-1-2A',40,19,1,4,100);
INSERT INTO CELL(CELL_ID,NAME,CABINET_ID,_SIZE,SEQ,_ROW,_COL,PERCENTAGE) VALUES('1-1-2A-4-2','4-2','1-1-2A',40,20,2,4,100);
INSERT INTO CELL(CELL_ID,NAME,CABINET_ID,_SIZE,SEQ,_ROW,_COL,PERCENTAGE) VALUES('1-1-2A-4-3','4-3','1-1-2A',40,21,3,4,100);
INSERT INTO CELL(CELL_ID,NAME,CABINET_ID,_SIZE,SEQ,_ROW,_COL,PERCENTAGE) VALUES('1-1-2A-4-4','4-4','1-1-2A',40,22,4,4,100);
INSERT INTO CELL(CELL_ID,NAME,CABINET_ID,_SIZE,SEQ,_ROW,_COL,PERCENTAGE) VALUES('1-1-2A-4-5','4-5','1-1-2A',40,23,5,4,100);
INSERT INTO CELL(CELL_ID,NAME,CABINET_ID,_SIZE,SEQ,_ROW,_COL,PERCENTAGE) VALUES('1-1-2A-4-6','4-6','1-1-2A',40,24,6,4,100);

-- 1-1-B2
INSERT INTO CELL(CELL_ID,NAME,CABINET_ID,_SIZE,SEQ,_ROW,_COL,PERCENTAGE) VALUES('1-1-2B-1-1','1-1','1-1-2B',40,1,1,1,100);
INSERT INTO CELL(CELL_ID,NAME,CABINET_ID,_SIZE,SEQ,_ROW,_COL,PERCENTAGE) VALUES('1-1-2B-1-2','1-2','1-1-2B',40,2,2,1,100);
INSERT INTO CELL(CELL_ID,NAME,CABINET_ID,_SIZE,SEQ,_ROW,_COL,PERCENTAGE) VALUES('1-1-2B-1-3','1-3','1-1-2B',40,3,3,1,100);
INSERT INTO CELL(CELL_ID,NAME,CABINET_ID,_SIZE,SEQ,_ROW,_COL,PERCENTAGE) VALUES('1-1-2B-1-4','1-4','1-1-2B',40,4,4,1,100);
INSERT INTO CELL(CELL_ID,NAME,CABINET_ID,_SIZE,SEQ,_ROW,_COL,PERCENTAGE) VALUES('1-1-2B-1-5','1-5','1-1-2B',40,5,5,1,100);
INSERT INTO CELL(CELL_ID,NAME,CABINET_ID,_SIZE,SEQ,_ROW,_COL,PERCENTAGE) VALUES('1-1-2B-1-6','1-6','1-1-2B',40,6,6,1,100);
INSERT INTO CELL(CELL_ID,NAME,CABINET_ID,_SIZE,SEQ,_ROW,_COL,PERCENTAGE) VALUES('1-1-2B-2-1','2-1','1-1-2B',40,7,1,2,100);
INSERT INTO CELL(CELL_ID,NAME,CABINET_ID,_SIZE,SEQ,_ROW,_COL,PERCENTAGE) VALUES('1-1-2B-2-2','2-2','1-1-2B',40,8,2,2,100);
INSERT INTO CELL(CELL_ID,NAME,CABINET_ID,_SIZE,SEQ,_ROW,_COL,PERCENTAGE) VALUES('1-1-2B-2-3','2-3','1-1-2B',40,9,3,2,100);
INSERT INTO CELL(CELL_ID,NAME,CABINET_ID,_SIZE,SEQ,_ROW,_COL,PERCENTAGE) VALUES('1-1-2B-2-4','2-4','1-1-2B',40,10,4,2,100);
INSERT INTO CELL(CELL_ID,NAME,CABINET_ID,_SIZE,SEQ,_ROW,_COL,PERCENTAGE) VALUES('1-1-2B-2-5','2-5','1-1-2B',40,11,5,2,100);
INSERT INTO CELL(CELL_ID,NAME,CABINET_ID,_SIZE,SEQ,_ROW,_COL,PERCENTAGE) VALUES('1-1-2B-2-6','2-6','1-1-2B',40,12,6,2,100);
INSERT INTO CELL(CELL_ID,NAME,CABINET_ID,_SIZE,SEQ,_ROW,_COL,PERCENTAGE) VALUES('1-1-2B-3-1','3-1','1-1-2B',40,13,1,3,100);
INSERT INTO CELL(CELL_ID,NAME,CABINET_ID,_SIZE,SEQ,_ROW,_COL,PERCENTAGE) VALUES('1-1-2B-3-2','3-2','1-1-2B',40,14,2,3,100);
INSERT INTO CELL(CELL_ID,NAME,CABINET_ID,_SIZE,SEQ,_ROW,_COL,PERCENTAGE) VALUES('1-1-2B-3-3','3-3','1-1-2B',40,15,3,3,100);
INSERT INTO CELL(CELL_ID,NAME,CABINET_ID,_SIZE,SEQ,_ROW,_COL,PERCENTAGE) VALUES('1-1-2B-3-4','3-4','1-1-2B',40,16,4,3,100);
INSERT INTO CELL(CELL_ID,NAME,CABINET_ID,_SIZE,SEQ,_ROW,_COL,PERCENTAGE) VALUES('1-1-2B-3-5','3-5','1-1-2B',40,17,5,3,100);
INSERT INTO CELL(CELL_ID,NAME,CABINET_ID,_SIZE,SEQ,_ROW,_COL,PERCENTAGE) VALUES('1-1-2B-3-6','3-6','1-1-2B',40,18,6,3,100);
INSERT INTO CELL(CELL_ID,NAME,CABINET_ID,_SIZE,SEQ,_ROW,_COL,PERCENTAGE) VALUES('1-1-2B-4-1','4-1','1-1-2B',40,19,1,4,100);
INSERT INTO CELL(CELL_ID,NAME,CABINET_ID,_SIZE,SEQ,_ROW,_COL,PERCENTAGE) VALUES('1-1-2B-4-2','4-2','1-1-2B',40,20,2,4,100);
INSERT INTO CELL(CELL_ID,NAME,CABINET_ID,_SIZE,SEQ,_ROW,_COL,PERCENTAGE) VALUES('1-1-2B-4-3','4-3','1-1-2B',40,21,3,4,100);
INSERT INTO CELL(CELL_ID,NAME,CABINET_ID,_SIZE,SEQ,_ROW,_COL,PERCENTAGE) VALUES('1-1-2B-4-4','4-4','1-1-2B',40,22,4,4,100);
INSERT INTO CELL(CELL_ID,NAME,CABINET_ID,_SIZE,SEQ,_ROW,_COL,PERCENTAGE) VALUES('1-1-2B-4-5','4-5','1-1-2B',40,23,5,4,100);
INSERT INTO CELL(CELL_ID,NAME,CABINET_ID,_SIZE,SEQ,_ROW,_COL,PERCENTAGE) VALUES('1-1-2B-4-6','4-6','1-1-2B',40,24,6,4,100);

-- 1-1-A3
INSERT INTO CELL(CELL_ID,NAME,CABINET_ID,_SIZE,SEQ,_ROW,_COL,PERCENTAGE) VALUES('1-1-3A-1-1','1-1','1-1-3A',40,1,1,1,100);
INSERT INTO CELL(CELL_ID,NAME,CABINET_ID,_SIZE,SEQ,_ROW,_COL,PERCENTAGE) VALUES('1-1-3A-1-2','1-2','1-1-3A',40,2,2,1,100);
INSERT INTO CELL(CELL_ID,NAME,CABINET_ID,_SIZE,SEQ,_ROW,_COL,PERCENTAGE) VALUES('1-1-3A-1-3','1-3','1-1-3A',40,3,3,1,100);
INSERT INTO CELL(CELL_ID,NAME,CABINET_ID,_SIZE,SEQ,_ROW,_COL,PERCENTAGE) VALUES('1-1-3A-1-4','1-4','1-1-3A',40,4,4,1,100);
INSERT INTO CELL(CELL_ID,NAME,CABINET_ID,_SIZE,SEQ,_ROW,_COL,PERCENTAGE) VALUES('1-1-3A-1-5','1-5','1-1-3A',40,5,5,1,100);
INSERT INTO CELL(CELL_ID,NAME,CABINET_ID,_SIZE,SEQ,_ROW,_COL,PERCENTAGE) VALUES('1-1-3A-1-6','1-6','1-1-3A',40,6,6,1,100);
INSERT INTO CELL(CELL_ID,NAME,CABINET_ID,_SIZE,SEQ,_ROW,_COL,PERCENTAGE) VALUES('1-1-3A-2-1','2-1','1-1-3A',40,7,1,2,100);
INSERT INTO CELL(CELL_ID,NAME,CABINET_ID,_SIZE,SEQ,_ROW,_COL,PERCENTAGE) VALUES('1-1-3A-2-2','2-2','1-1-3A',40,8,2,2,100);
INSERT INTO CELL(CELL_ID,NAME,CABINET_ID,_SIZE,SEQ,_ROW,_COL,PERCENTAGE) VALUES('1-1-3A-2-3','2-3','1-1-3A',40,9,3,2,100);
INSERT INTO CELL(CELL_ID,NAME,CABINET_ID,_SIZE,SEQ,_ROW,_COL,PERCENTAGE) VALUES('1-1-3A-2-4','2-4','1-1-3A',40,10,4,2,100);
INSERT INTO CELL(CELL_ID,NAME,CABINET_ID,_SIZE,SEQ,_ROW,_COL,PERCENTAGE) VALUES('1-1-3A-2-5','2-5','1-1-3A',40,11,5,2,100);
INSERT INTO CELL(CELL_ID,NAME,CABINET_ID,_SIZE,SEQ,_ROW,_COL,PERCENTAGE) VALUES('1-1-3A-2-6','2-6','1-1-3A',40,12,6,2,100);
INSERT INTO CELL(CELL_ID,NAME,CABINET_ID,_SIZE,SEQ,_ROW,_COL,PERCENTAGE) VALUES('1-1-3A-3-1','3-1','1-1-3A',40,13,1,3,100);
INSERT INTO CELL(CELL_ID,NAME,CABINET_ID,_SIZE,SEQ,_ROW,_COL,PERCENTAGE) VALUES('1-1-3A-3-2','3-2','1-1-3A',40,14,2,3,100);
INSERT INTO CELL(CELL_ID,NAME,CABINET_ID,_SIZE,SEQ,_ROW,_COL,PERCENTAGE) VALUES('1-1-3A-3-3','3-3','1-1-3A',40,15,3,3,100);
INSERT INTO CELL(CELL_ID,NAME,CABINET_ID,_SIZE,SEQ,_ROW,_COL,PERCENTAGE) VALUES('1-1-3A-3-4','3-4','1-1-3A',40,16,4,3,100);
INSERT INTO CELL(CELL_ID,NAME,CABINET_ID,_SIZE,SEQ,_ROW,_COL,PERCENTAGE) VALUES('1-1-3A-3-5','3-5','1-1-3A',40,17,5,3,100);
INSERT INTO CELL(CELL_ID,NAME,CABINET_ID,_SIZE,SEQ,_ROW,_COL,PERCENTAGE) VALUES('1-1-3A-3-6','3-6','1-1-3A',40,18,6,3,100);
INSERT INTO CELL(CELL_ID,NAME,CABINET_ID,_SIZE,SEQ,_ROW,_COL,PERCENTAGE) VALUES('1-1-3A-4-1','4-1','1-1-3A',40,19,1,4,100);
INSERT INTO CELL(CELL_ID,NAME,CABINET_ID,_SIZE,SEQ,_ROW,_COL,PERCENTAGE) VALUES('1-1-3A-4-2','4-2','1-1-3A',40,20,2,4,100);
INSERT INTO CELL(CELL_ID,NAME,CABINET_ID,_SIZE,SEQ,_ROW,_COL,PERCENTAGE) VALUES('1-1-3A-4-3','4-3','1-1-3A',40,21,3,4,100);
INSERT INTO CELL(CELL_ID,NAME,CABINET_ID,_SIZE,SEQ,_ROW,_COL,PERCENTAGE) VALUES('1-1-3A-4-4','4-4','1-1-3A',40,22,4,4,100);
INSERT INTO CELL(CELL_ID,NAME,CABINET_ID,_SIZE,SEQ,_ROW,_COL,PERCENTAGE) VALUES('1-1-3A-4-5','4-5','1-1-3A',40,23,5,4,100);
INSERT INTO CELL(CELL_ID,NAME,CABINET_ID,_SIZE,SEQ,_ROW,_COL,PERCENTAGE) VALUES('1-1-3A-4-6','4-6','1-1-3A',40,24,6,4,100);

-- 1-1-B3
INSERT INTO CELL(CELL_ID,NAME,CABINET_ID,_SIZE,SEQ,_ROW,_COL,PERCENTAGE) VALUES('1-1-3B-1-1','1-1','1-1-3B',40,1,1,1,100);
INSERT INTO CELL(CELL_ID,NAME,CABINET_ID,_SIZE,SEQ,_ROW,_COL,PERCENTAGE) VALUES('1-1-3B-1-2','1-2','1-1-3B',40,2,2,1,100);
INSERT INTO CELL(CELL_ID,NAME,CABINET_ID,_SIZE,SEQ,_ROW,_COL,PERCENTAGE) VALUES('1-1-3B-1-3','1-3','1-1-3B',40,3,3,1,100);
INSERT INTO CELL(CELL_ID,NAME,CABINET_ID,_SIZE,SEQ,_ROW,_COL,PERCENTAGE) VALUES('1-1-3B-1-4','1-4','1-1-3B',40,4,4,1,100);
INSERT INTO CELL(CELL_ID,NAME,CABINET_ID,_SIZE,SEQ,_ROW,_COL,PERCENTAGE) VALUES('1-1-3B-1-5','1-5','1-1-3B',40,5,5,1,100);
INSERT INTO CELL(CELL_ID,NAME,CABINET_ID,_SIZE,SEQ,_ROW,_COL,PERCENTAGE) VALUES('1-1-3B-1-6','1-6','1-1-3B',40,6,6,1,100);
INSERT INTO CELL(CELL_ID,NAME,CABINET_ID,_SIZE,SEQ,_ROW,_COL,PERCENTAGE) VALUES('1-1-3B-2-1','2-1','1-1-3B',40,7,1,2,100);
INSERT INTO CELL(CELL_ID,NAME,CABINET_ID,_SIZE,SEQ,_ROW,_COL,PERCENTAGE) VALUES('1-1-3B-2-2','2-2','1-1-3B',40,8,2,2,100);
INSERT INTO CELL(CELL_ID,NAME,CABINET_ID,_SIZE,SEQ,_ROW,_COL,PERCENTAGE) VALUES('1-1-3B-2-3','2-3','1-1-3B',40,9,3,2,100);
INSERT INTO CELL(CELL_ID,NAME,CABINET_ID,_SIZE,SEQ,_ROW,_COL,PERCENTAGE) VALUES('1-1-3B-2-4','2-4','1-1-3B',40,10,4,2,100);
INSERT INTO CELL(CELL_ID,NAME,CABINET_ID,_SIZE,SEQ,_ROW,_COL,PERCENTAGE) VALUES('1-1-3B-2-5','2-5','1-1-3B',40,11,5,2,100);
INSERT INTO CELL(CELL_ID,NAME,CABINET_ID,_SIZE,SEQ,_ROW,_COL,PERCENTAGE) VALUES('1-1-3B-2-6','2-6','1-1-3B',40,12,6,2,100);
INSERT INTO CELL(CELL_ID,NAME,CABINET_ID,_SIZE,SEQ,_ROW,_COL,PERCENTAGE) VALUES('1-1-3B-3-1','3-1','1-1-3B',40,13,1,3,100);
INSERT INTO CELL(CELL_ID,NAME,CABINET_ID,_SIZE,SEQ,_ROW,_COL,PERCENTAGE) VALUES('1-1-3B-3-2','3-2','1-1-3B',40,14,2,3,100);
INSERT INTO CELL(CELL_ID,NAME,CABINET_ID,_SIZE,SEQ,_ROW,_COL,PERCENTAGE) VALUES('1-1-3B-3-3','3-3','1-1-3B',40,15,3,3,100);
INSERT INTO CELL(CELL_ID,NAME,CABINET_ID,_SIZE,SEQ,_ROW,_COL,PERCENTAGE) VALUES('1-1-3B-3-4','3-4','1-1-3B',40,16,4,3,100);
INSERT INTO CELL(CELL_ID,NAME,CABINET_ID,_SIZE,SEQ,_ROW,_COL,PERCENTAGE) VALUES('1-1-3B-3-5','3-5','1-1-3B',40,17,5,3,100);
INSERT INTO CELL(CELL_ID,NAME,CABINET_ID,_SIZE,SEQ,_ROW,_COL,PERCENTAGE) VALUES('1-1-3B-3-6','3-6','1-1-3B',40,18,6,3,100);
INSERT INTO CELL(CELL_ID,NAME,CABINET_ID,_SIZE,SEQ,_ROW,_COL,PERCENTAGE) VALUES('1-1-3B-4-1','4-1','1-1-3B',40,19,1,4,100);
INSERT INTO CELL(CELL_ID,NAME,CABINET_ID,_SIZE,SEQ,_ROW,_COL,PERCENTAGE) VALUES('1-1-3B-4-2','4-2','1-1-3B',40,20,2,4,100);
INSERT INTO CELL(CELL_ID,NAME,CABINET_ID,_SIZE,SEQ,_ROW,_COL,PERCENTAGE) VALUES('1-1-3B-4-3','4-3','1-1-3B',40,21,3,4,100);
INSERT INTO CELL(CELL_ID,NAME,CABINET_ID,_SIZE,SEQ,_ROW,_COL,PERCENTAGE) VALUES('1-1-3B-4-4','4-4','1-1-3B',40,22,4,4,100);
INSERT INTO CELL(CELL_ID,NAME,CABINET_ID,_SIZE,SEQ,_ROW,_COL,PERCENTAGE) VALUES('1-1-3B-4-5','4-5','1-1-3B',40,23,5,4,100);
INSERT INTO CELL(CELL_ID,NAME,CABINET_ID,_SIZE,SEQ,_ROW,_COL,PERCENTAGE) VALUES('1-1-3B-4-6','4-6','1-1-3B',40,24,6,4,100);

-- 1-1-A4
INSERT INTO CELL(CELL_ID,NAME,CABINET_ID,_SIZE,SEQ,_ROW,_COL,PERCENTAGE) VALUES('1-1-4A-1-1','1-1','1-1-4A',40,1,1,1,100);
INSERT INTO CELL(CELL_ID,NAME,CABINET_ID,_SIZE,SEQ,_ROW,_COL,PERCENTAGE) VALUES('1-1-4A-1-2','1-2','1-1-4A',40,2,2,1,100);
INSERT INTO CELL(CELL_ID,NAME,CABINET_ID,_SIZE,SEQ,_ROW,_COL,PERCENTAGE) VALUES('1-1-4A-1-3','1-3','1-1-4A',40,3,3,1,100);
INSERT INTO CELL(CELL_ID,NAME,CABINET_ID,_SIZE,SEQ,_ROW,_COL,PERCENTAGE) VALUES('1-1-4A-1-4','1-4','1-1-4A',40,4,4,1,100);
INSERT INTO CELL(CELL_ID,NAME,CABINET_ID,_SIZE,SEQ,_ROW,_COL,PERCENTAGE) VALUES('1-1-4A-1-5','1-5','1-1-4A',40,5,5,1,100);
INSERT INTO CELL(CELL_ID,NAME,CABINET_ID,_SIZE,SEQ,_ROW,_COL,PERCENTAGE) VALUES('1-1-4A-1-6','1-6','1-1-4A',40,6,6,1,100);
INSERT INTO CELL(CELL_ID,NAME,CABINET_ID,_SIZE,SEQ,_ROW,_COL,PERCENTAGE) VALUES('1-1-4A-2-1','2-1','1-1-4A',40,7,1,2,100);
INSERT INTO CELL(CELL_ID,NAME,CABINET_ID,_SIZE,SEQ,_ROW,_COL,PERCENTAGE) VALUES('1-1-4A-2-2','2-2','1-1-4A',40,8,2,2,100);
INSERT INTO CELL(CELL_ID,NAME,CABINET_ID,_SIZE,SEQ,_ROW,_COL,PERCENTAGE) VALUES('1-1-4A-2-3','2-3','1-1-4A',40,9,3,2,100);
INSERT INTO CELL(CELL_ID,NAME,CABINET_ID,_SIZE,SEQ,_ROW,_COL,PERCENTAGE) VALUES('1-1-4A-2-4','2-4','1-1-4A',40,10,4,2,100);
INSERT INTO CELL(CELL_ID,NAME,CABINET_ID,_SIZE,SEQ,_ROW,_COL,PERCENTAGE) VALUES('1-1-4A-2-5','2-5','1-1-4A',40,11,5,2,100);
INSERT INTO CELL(CELL_ID,NAME,CABINET_ID,_SIZE,SEQ,_ROW,_COL,PERCENTAGE) VALUES('1-1-4A-2-6','2-6','1-1-4A',40,12,6,2,100);
INSERT INTO CELL(CELL_ID,NAME,CABINET_ID,_SIZE,SEQ,_ROW,_COL,PERCENTAGE) VALUES('1-1-4A-3-1','3-1','1-1-4A',40,13,1,3,100);
INSERT INTO CELL(CELL_ID,NAME,CABINET_ID,_SIZE,SEQ,_ROW,_COL,PERCENTAGE) VALUES('1-1-4A-3-2','3-2','1-1-4A',40,14,2,3,100);
INSERT INTO CELL(CELL_ID,NAME,CABINET_ID,_SIZE,SEQ,_ROW,_COL,PERCENTAGE) VALUES('1-1-4A-3-3','3-3','1-1-4A',40,15,3,3,100);
INSERT INTO CELL(CELL_ID,NAME,CABINET_ID,_SIZE,SEQ,_ROW,_COL,PERCENTAGE) VALUES('1-1-4A-3-4','3-4','1-1-4A',40,16,4,3,100);
INSERT INTO CELL(CELL_ID,NAME,CABINET_ID,_SIZE,SEQ,_ROW,_COL,PERCENTAGE) VALUES('1-1-4A-3-5','3-5','1-1-4A',40,17,5,3,100);
INSERT INTO CELL(CELL_ID,NAME,CABINET_ID,_SIZE,SEQ,_ROW,_COL,PERCENTAGE) VALUES('1-1-4A-3-6','3-6','1-1-4A',40,18,6,3,100);
INSERT INTO CELL(CELL_ID,NAME,CABINET_ID,_SIZE,SEQ,_ROW,_COL,PERCENTAGE) VALUES('1-1-4A-4-1','4-1','1-1-4A',40,19,1,4,100);
INSERT INTO CELL(CELL_ID,NAME,CABINET_ID,_SIZE,SEQ,_ROW,_COL,PERCENTAGE) VALUES('1-1-4A-4-2','4-2','1-1-4A',40,20,2,4,100);
INSERT INTO CELL(CELL_ID,NAME,CABINET_ID,_SIZE,SEQ,_ROW,_COL,PERCENTAGE) VALUES('1-1-4A-4-3','4-3','1-1-4A',40,21,3,4,100);
INSERT INTO CELL(CELL_ID,NAME,CABINET_ID,_SIZE,SEQ,_ROW,_COL,PERCENTAGE) VALUES('1-1-4A-4-4','4-4','1-1-4A',40,22,4,4,100);
INSERT INTO CELL(CELL_ID,NAME,CABINET_ID,_SIZE,SEQ,_ROW,_COL,PERCENTAGE) VALUES('1-1-4A-4-5','4-5','1-1-4A',40,23,5,4,100);
INSERT INTO CELL(CELL_ID,NAME,CABINET_ID,_SIZE,SEQ,_ROW,_COL,PERCENTAGE) VALUES('1-1-4A-4-6','4-6','1-1-4A',40,24,6,4,100);

-- 1-1-B4
INSERT INTO CELL(CELL_ID,NAME,CABINET_ID,_SIZE,SEQ,_ROW,_COL,PERCENTAGE) VALUES('1-1-4B-1-1','1-1','1-1-4B',40,1,1,1,100);
INSERT INTO CELL(CELL_ID,NAME,CABINET_ID,_SIZE,SEQ,_ROW,_COL,PERCENTAGE) VALUES('1-1-4B-1-2','1-2','1-1-4B',40,2,2,1,100);
INSERT INTO CELL(CELL_ID,NAME,CABINET_ID,_SIZE,SEQ,_ROW,_COL,PERCENTAGE) VALUES('1-1-4B-1-3','1-3','1-1-4B',40,3,3,1,100);
INSERT INTO CELL(CELL_ID,NAME,CABINET_ID,_SIZE,SEQ,_ROW,_COL,PERCENTAGE) VALUES('1-1-4B-1-4','1-4','1-1-4B',40,4,4,1,100);
INSERT INTO CELL(CELL_ID,NAME,CABINET_ID,_SIZE,SEQ,_ROW,_COL,PERCENTAGE) VALUES('1-1-4B-1-5','1-5','1-1-4B',40,5,5,1,100);
INSERT INTO CELL(CELL_ID,NAME,CABINET_ID,_SIZE,SEQ,_ROW,_COL,PERCENTAGE) VALUES('1-1-4B-1-6','1-6','1-1-4B',40,6,6,1,100);
INSERT INTO CELL(CELL_ID,NAME,CABINET_ID,_SIZE,SEQ,_ROW,_COL,PERCENTAGE) VALUES('1-1-4B-2-1','2-1','1-1-4B',40,7,1,2,100);
INSERT INTO CELL(CELL_ID,NAME,CABINET_ID,_SIZE,SEQ,_ROW,_COL,PERCENTAGE) VALUES('1-1-4B-2-2','2-2','1-1-4B',40,8,2,2,100);
INSERT INTO CELL(CELL_ID,NAME,CABINET_ID,_SIZE,SEQ,_ROW,_COL,PERCENTAGE) VALUES('1-1-4B-2-3','2-3','1-1-4B',40,9,3,2,100);
INSERT INTO CELL(CELL_ID,NAME,CABINET_ID,_SIZE,SEQ,_ROW,_COL,PERCENTAGE) VALUES('1-1-4B-2-4','2-4','1-1-4B',40,10,4,2,100);
INSERT INTO CELL(CELL_ID,NAME,CABINET_ID,_SIZE,SEQ,_ROW,_COL,PERCENTAGE) VALUES('1-1-4B-2-5','2-5','1-1-4B',40,11,5,2,100);
INSERT INTO CELL(CELL_ID,NAME,CABINET_ID,_SIZE,SEQ,_ROW,_COL,PERCENTAGE) VALUES('1-1-4B-2-6','2-6','1-1-4B',40,12,6,2,100);
INSERT INTO CELL(CELL_ID,NAME,CABINET_ID,_SIZE,SEQ,_ROW,_COL,PERCENTAGE) VALUES('1-1-4B-3-1','3-1','1-1-4B',40,13,1,3,100);
INSERT INTO CELL(CELL_ID,NAME,CABINET_ID,_SIZE,SEQ,_ROW,_COL,PERCENTAGE) VALUES('1-1-4B-3-2','3-2','1-1-4B',40,14,2,3,100);
INSERT INTO CELL(CELL_ID,NAME,CABINET_ID,_SIZE,SEQ,_ROW,_COL,PERCENTAGE) VALUES('1-1-4B-3-3','3-3','1-1-4B',40,15,3,3,100);
INSERT INTO CELL(CELL_ID,NAME,CABINET_ID,_SIZE,SEQ,_ROW,_COL,PERCENTAGE) VALUES('1-1-4B-3-4','3-4','1-1-4B',40,16,4,3,100);
INSERT INTO CELL(CELL_ID,NAME,CABINET_ID,_SIZE,SEQ,_ROW,_COL,PERCENTAGE) VALUES('1-1-4B-3-5','3-5','1-1-4B',40,17,5,3,100);
INSERT INTO CELL(CELL_ID,NAME,CABINET_ID,_SIZE,SEQ,_ROW,_COL,PERCENTAGE) VALUES('1-1-4B-3-6','3-6','1-1-4B',40,18,6,3,100);
INSERT INTO CELL(CELL_ID,NAME,CABINET_ID,_SIZE,SEQ,_ROW,_COL,PERCENTAGE) VALUES('1-1-4B-4-1','4-1','1-1-4B',40,19,1,4,100);
INSERT INTO CELL(CELL_ID,NAME,CABINET_ID,_SIZE,SEQ,_ROW,_COL,PERCENTAGE) VALUES('1-1-4B-4-2','4-2','1-1-4B',40,20,2,4,100);
INSERT INTO CELL(CELL_ID,NAME,CABINET_ID,_SIZE,SEQ,_ROW,_COL,PERCENTAGE) VALUES('1-1-4B-4-3','4-3','1-1-4B',40,21,3,4,100);
INSERT INTO CELL(CELL_ID,NAME,CABINET_ID,_SIZE,SEQ,_ROW,_COL,PERCENTAGE) VALUES('1-1-4B-4-4','4-4','1-1-4B',40,22,4,4,100);
INSERT INTO CELL(CELL_ID,NAME,CABINET_ID,_SIZE,SEQ,_ROW,_COL,PERCENTAGE) VALUES('1-1-4B-4-5','4-5','1-1-4B',40,23,5,4,100);
INSERT INTO CELL(CELL_ID,NAME,CABINET_ID,_SIZE,SEQ,_ROW,_COL,PERCENTAGE) VALUES('1-1-4B-4-6','4-6','1-1-4B',40,24,6,4,100);

-- 1-1-A5
INSERT INTO CELL(CELL_ID,NAME,CABINET_ID,_SIZE,SEQ,_ROW,_COL,PERCENTAGE) VALUES('1-1-5A-1-1','1-1','1-1-5A',40,1,1,1,100);
INSERT INTO CELL(CELL_ID,NAME,CABINET_ID,_SIZE,SEQ,_ROW,_COL,PERCENTAGE) VALUES('1-1-5A-1-2','1-2','1-1-5A',40,2,2,1,100);
INSERT INTO CELL(CELL_ID,NAME,CABINET_ID,_SIZE,SEQ,_ROW,_COL,PERCENTAGE) VALUES('1-1-5A-1-3','1-3','1-1-5A',40,3,3,1,100);
INSERT INTO CELL(CELL_ID,NAME,CABINET_ID,_SIZE,SEQ,_ROW,_COL,PERCENTAGE) VALUES('1-1-5A-1-4','1-4','1-1-5A',40,4,4,1,100);
INSERT INTO CELL(CELL_ID,NAME,CABINET_ID,_SIZE,SEQ,_ROW,_COL,PERCENTAGE) VALUES('1-1-5A-1-5','1-5','1-1-5A',40,5,5,1,100);
INSERT INTO CELL(CELL_ID,NAME,CABINET_ID,_SIZE,SEQ,_ROW,_COL,PERCENTAGE) VALUES('1-1-5A-1-6','1-6','1-1-5A',40,6,6,1,100);
INSERT INTO CELL(CELL_ID,NAME,CABINET_ID,_SIZE,SEQ,_ROW,_COL,PERCENTAGE) VALUES('1-1-5A-2-1','2-1','1-1-5A',40,7,1,2,100);
INSERT INTO CELL(CELL_ID,NAME,CABINET_ID,_SIZE,SEQ,_ROW,_COL,PERCENTAGE) VALUES('1-1-5A-2-2','2-2','1-1-5A',40,8,2,2,100);
INSERT INTO CELL(CELL_ID,NAME,CABINET_ID,_SIZE,SEQ,_ROW,_COL,PERCENTAGE) VALUES('1-1-5A-2-3','2-3','1-1-5A',40,9,3,2,100);
INSERT INTO CELL(CELL_ID,NAME,CABINET_ID,_SIZE,SEQ,_ROW,_COL,PERCENTAGE) VALUES('1-1-5A-2-4','2-4','1-1-5A',40,10,4,2,100);
INSERT INTO CELL(CELL_ID,NAME,CABINET_ID,_SIZE,SEQ,_ROW,_COL,PERCENTAGE) VALUES('1-1-5A-2-5','2-5','1-1-5A',40,11,5,2,100);
INSERT INTO CELL(CELL_ID,NAME,CABINET_ID,_SIZE,SEQ,_ROW,_COL,PERCENTAGE) VALUES('1-1-5A-2-6','2-6','1-1-5A',40,12,6,2,100);
INSERT INTO CELL(CELL_ID,NAME,CABINET_ID,_SIZE,SEQ,_ROW,_COL,PERCENTAGE) VALUES('1-1-5A-3-1','3-1','1-1-5A',40,13,1,3,100);
INSERT INTO CELL(CELL_ID,NAME,CABINET_ID,_SIZE,SEQ,_ROW,_COL,PERCENTAGE) VALUES('1-1-5A-3-2','3-2','1-1-5A',40,14,2,3,100);
INSERT INTO CELL(CELL_ID,NAME,CABINET_ID,_SIZE,SEQ,_ROW,_COL,PERCENTAGE) VALUES('1-1-5A-3-3','3-3','1-1-5A',40,15,3,3,100);
INSERT INTO CELL(CELL_ID,NAME,CABINET_ID,_SIZE,SEQ,_ROW,_COL,PERCENTAGE) VALUES('1-1-5A-3-4','3-4','1-1-5A',40,16,4,3,100);
INSERT INTO CELL(CELL_ID,NAME,CABINET_ID,_SIZE,SEQ,_ROW,_COL,PERCENTAGE) VALUES('1-1-5A-3-5','3-5','1-1-5A',40,17,5,3,100);
INSERT INTO CELL(CELL_ID,NAME,CABINET_ID,_SIZE,SEQ,_ROW,_COL,PERCENTAGE) VALUES('1-1-5A-3-6','3-6','1-1-5A',40,18,6,3,100);
INSERT INTO CELL(CELL_ID,NAME,CABINET_ID,_SIZE,SEQ,_ROW,_COL,PERCENTAGE) VALUES('1-1-5A-4-1','4-1','1-1-5A',40,19,1,4,100);
INSERT INTO CELL(CELL_ID,NAME,CABINET_ID,_SIZE,SEQ,_ROW,_COL,PERCENTAGE) VALUES('1-1-5A-4-2','4-2','1-1-5A',40,20,2,4,100);
INSERT INTO CELL(CELL_ID,NAME,CABINET_ID,_SIZE,SEQ,_ROW,_COL,PERCENTAGE) VALUES('1-1-5A-4-3','4-3','1-1-5A',40,21,3,4,100);
INSERT INTO CELL(CELL_ID,NAME,CABINET_ID,_SIZE,SEQ,_ROW,_COL,PERCENTAGE) VALUES('1-1-5A-4-4','4-4','1-1-5A',40,22,4,4,100);
INSERT INTO CELL(CELL_ID,NAME,CABINET_ID,_SIZE,SEQ,_ROW,_COL,PERCENTAGE) VALUES('1-1-5A-4-5','4-5','1-1-5A',40,23,5,4,100);
INSERT INTO CELL(CELL_ID,NAME,CABINET_ID,_SIZE,SEQ,_ROW,_COL,PERCENTAGE) VALUES('1-1-5A-4-6','4-6','1-1-5A',40,24,6,4,100);

-- 1-1-B5
INSERT INTO CELL(CELL_ID,NAME,CABINET_ID,_SIZE,SEQ,_ROW,_COL,PERCENTAGE) VALUES('1-1-5B-1-1','1-1','1-1-5B',40,1,1,1,100);
INSERT INTO CELL(CELL_ID,NAME,CABINET_ID,_SIZE,SEQ,_ROW,_COL,PERCENTAGE) VALUES('1-1-5B-1-2','1-2','1-1-5B',40,2,2,1,100);
INSERT INTO CELL(CELL_ID,NAME,CABINET_ID,_SIZE,SEQ,_ROW,_COL,PERCENTAGE) VALUES('1-1-5B-1-3','1-3','1-1-5B',40,3,3,1,100);
INSERT INTO CELL(CELL_ID,NAME,CABINET_ID,_SIZE,SEQ,_ROW,_COL,PERCENTAGE) VALUES('1-1-5B-1-4','1-4','1-1-5B',40,4,4,1,100);
INSERT INTO CELL(CELL_ID,NAME,CABINET_ID,_SIZE,SEQ,_ROW,_COL,PERCENTAGE) VALUES('1-1-5B-1-5','1-5','1-1-5B',40,5,5,1,100);
INSERT INTO CELL(CELL_ID,NAME,CABINET_ID,_SIZE,SEQ,_ROW,_COL,PERCENTAGE) VALUES('1-1-5B-1-6','1-6','1-1-5B',40,6,6,1,100);
INSERT INTO CELL(CELL_ID,NAME,CABINET_ID,_SIZE,SEQ,_ROW,_COL,PERCENTAGE) VALUES('1-1-5B-2-1','2-1','1-1-5B',40,7,1,2,100);
INSERT INTO CELL(CELL_ID,NAME,CABINET_ID,_SIZE,SEQ,_ROW,_COL,PERCENTAGE) VALUES('1-1-5B-2-2','2-2','1-1-5B',40,8,2,2,100);
INSERT INTO CELL(CELL_ID,NAME,CABINET_ID,_SIZE,SEQ,_ROW,_COL,PERCENTAGE) VALUES('1-1-5B-2-3','2-3','1-1-5B',40,9,3,2,100);
INSERT INTO CELL(CELL_ID,NAME,CABINET_ID,_SIZE,SEQ,_ROW,_COL,PERCENTAGE) VALUES('1-1-5B-2-4','2-4','1-1-5B',40,10,4,2,100);
INSERT INTO CELL(CELL_ID,NAME,CABINET_ID,_SIZE,SEQ,_ROW,_COL,PERCENTAGE) VALUES('1-1-5B-2-5','2-5','1-1-5B',40,11,5,2,100);
INSERT INTO CELL(CELL_ID,NAME,CABINET_ID,_SIZE,SEQ,_ROW,_COL,PERCENTAGE) VALUES('1-1-5B-2-6','2-6','1-1-5B',40,12,6,2,100);
INSERT INTO CELL(CELL_ID,NAME,CABINET_ID,_SIZE,SEQ,_ROW,_COL,PERCENTAGE) VALUES('1-1-5B-3-1','3-1','1-1-5B',40,13,1,3,100);
INSERT INTO CELL(CELL_ID,NAME,CABINET_ID,_SIZE,SEQ,_ROW,_COL,PERCENTAGE) VALUES('1-1-5B-3-2','3-2','1-1-5B',40,14,2,3,100);
INSERT INTO CELL(CELL_ID,NAME,CABINET_ID,_SIZE,SEQ,_ROW,_COL,PERCENTAGE) VALUES('1-1-5B-3-3','3-3','1-1-5B',40,15,3,3,100);
INSERT INTO CELL(CELL_ID,NAME,CABINET_ID,_SIZE,SEQ,_ROW,_COL,PERCENTAGE) VALUES('1-1-5B-3-4','3-4','1-1-5B',40,16,4,3,100);
INSERT INTO CELL(CELL_ID,NAME,CABINET_ID,_SIZE,SEQ,_ROW,_COL,PERCENTAGE) VALUES('1-1-5B-3-5','3-5','1-1-5B',40,17,5,3,100);
INSERT INTO CELL(CELL_ID,NAME,CABINET_ID,_SIZE,SEQ,_ROW,_COL,PERCENTAGE) VALUES('1-1-5B-3-6','3-6','1-1-5B',40,18,6,3,100);
INSERT INTO CELL(CELL_ID,NAME,CABINET_ID,_SIZE,SEQ,_ROW,_COL,PERCENTAGE) VALUES('1-1-5B-4-1','4-1','1-1-5B',40,19,1,4,100);
INSERT INTO CELL(CELL_ID,NAME,CABINET_ID,_SIZE,SEQ,_ROW,_COL,PERCENTAGE) VALUES('1-1-5B-4-2','4-2','1-1-5B',40,20,2,4,100);
INSERT INTO CELL(CELL_ID,NAME,CABINET_ID,_SIZE,SEQ,_ROW,_COL,PERCENTAGE) VALUES('1-1-5B-4-3','4-3','1-1-5B',40,21,3,4,100);
INSERT INTO CELL(CELL_ID,NAME,CABINET_ID,_SIZE,SEQ,_ROW,_COL,PERCENTAGE) VALUES('1-1-5B-4-4','4-4','1-1-5B',40,22,4,4,100);
INSERT INTO CELL(CELL_ID,NAME,CABINET_ID,_SIZE,SEQ,_ROW,_COL,PERCENTAGE) VALUES('1-1-5B-4-5','4-5','1-1-5B',40,23,5,4,100);
INSERT INTO CELL(CELL_ID,NAME,CABINET_ID,_SIZE,SEQ,_ROW,_COL,PERCENTAGE) VALUES('1-1-5B-4-6','4-6','1-1-5B',40,24,6,4,100);

-- 2号库

-- 2-1-1A
INSERT INTO CELL(CELL_ID,NAME,CABINET_ID,_SIZE,SEQ,_ROW,_COL,PERCENTAGE) VALUES('2-1-1A-1-1','1-1','2-1-1A',40,1,1,1,100);
INSERT INTO CELL(CELL_ID,NAME,CABINET_ID,_SIZE,SEQ,_ROW,_COL,PERCENTAGE) VALUES('2-1-1A-1-2','1-2','2-1-1A',40,2,2,1,100);
INSERT INTO CELL(CELL_ID,NAME,CABINET_ID,_SIZE,SEQ,_ROW,_COL,PERCENTAGE) VALUES('2-1-1A-1-3','1-3','2-1-1A',40,3,3,1,100);
INSERT INTO CELL(CELL_ID,NAME,CABINET_ID,_SIZE,SEQ,_ROW,_COL,PERCENTAGE) VALUES('2-1-1A-1-4','1-4','2-1-1A',40,4,4,1,100);
INSERT INTO CELL(CELL_ID,NAME,CABINET_ID,_SIZE,SEQ,_ROW,_COL,PERCENTAGE) VALUES('2-1-1A-1-5','1-5','2-1-1A',40,5,5,1,100);
INSERT INTO CELL(CELL_ID,NAME,CABINET_ID,_SIZE,SEQ,_ROW,_COL,PERCENTAGE) VALUES('2-1-1A-1-6','1-6','2-1-1A',40,6,6,1,100);
INSERT INTO CELL(CELL_ID,NAME,CABINET_ID,_SIZE,SEQ,_ROW,_COL,PERCENTAGE) VALUES('2-1-1A-2-1','2-1','2-1-1A',40,7,1,2,100);
INSERT INTO CELL(CELL_ID,NAME,CABINET_ID,_SIZE,SEQ,_ROW,_COL,PERCENTAGE) VALUES('2-1-1A-2-2','2-2','2-1-1A',40,8,2,2,100);
INSERT INTO CELL(CELL_ID,NAME,CABINET_ID,_SIZE,SEQ,_ROW,_COL,PERCENTAGE) VALUES('2-1-1A-2-3','2-3','2-1-1A',40,9,3,2,100);
INSERT INTO CELL(CELL_ID,NAME,CABINET_ID,_SIZE,SEQ,_ROW,_COL,PERCENTAGE) VALUES('2-1-1A-2-4','2-4','2-1-1A',40,10,4,2,100);
INSERT INTO CELL(CELL_ID,NAME,CABINET_ID,_SIZE,SEQ,_ROW,_COL,PERCENTAGE) VALUES('2-1-1A-2-5','2-5','2-1-1A',40,11,5,2,100);
INSERT INTO CELL(CELL_ID,NAME,CABINET_ID,_SIZE,SEQ,_ROW,_COL,PERCENTAGE) VALUES('2-1-1A-2-6','2-6','2-1-1A',40,12,6,2,100);
INSERT INTO CELL(CELL_ID,NAME,CABINET_ID,_SIZE,SEQ,_ROW,_COL,PERCENTAGE) VALUES('2-1-1A-3-1','3-1','2-1-1A',40,13,1,3,100);
INSERT INTO CELL(CELL_ID,NAME,CABINET_ID,_SIZE,SEQ,_ROW,_COL,PERCENTAGE) VALUES('2-1-1A-3-2','3-2','2-1-1A',40,14,2,3,100);
INSERT INTO CELL(CELL_ID,NAME,CABINET_ID,_SIZE,SEQ,_ROW,_COL,PERCENTAGE) VALUES('2-1-1A-3-3','3-3','2-1-1A',40,15,3,3,100);
INSERT INTO CELL(CELL_ID,NAME,CABINET_ID,_SIZE,SEQ,_ROW,_COL,PERCENTAGE) VALUES('2-1-1A-3-4','3-4','2-1-1A',40,16,4,3,100);
INSERT INTO CELL(CELL_ID,NAME,CABINET_ID,_SIZE,SEQ,_ROW,_COL,PERCENTAGE) VALUES('2-1-1A-3-5','3-5','2-1-1A',40,17,5,3,100);
INSERT INTO CELL(CELL_ID,NAME,CABINET_ID,_SIZE,SEQ,_ROW,_COL,PERCENTAGE) VALUES('2-1-1A-3-6','3-6','2-1-1A',40,18,6,3,100);
INSERT INTO CELL(CELL_ID,NAME,CABINET_ID,_SIZE,SEQ,_ROW,_COL,PERCENTAGE) VALUES('2-1-1A-4-1','4-1','2-1-1A',40,19,1,4,100);
INSERT INTO CELL(CELL_ID,NAME,CABINET_ID,_SIZE,SEQ,_ROW,_COL,PERCENTAGE) VALUES('2-1-1A-4-2','4-2','2-1-1A',40,20,2,4,100);
INSERT INTO CELL(CELL_ID,NAME,CABINET_ID,_SIZE,SEQ,_ROW,_COL,PERCENTAGE) VALUES('2-1-1A-4-3','4-3','2-1-1A',40,21,3,4,100);
INSERT INTO CELL(CELL_ID,NAME,CABINET_ID,_SIZE,SEQ,_ROW,_COL,PERCENTAGE) VALUES('2-1-1A-4-4','4-4','2-1-1A',40,22,4,4,100);
INSERT INTO CELL(CELL_ID,NAME,CABINET_ID,_SIZE,SEQ,_ROW,_COL,PERCENTAGE) VALUES('2-1-1A-4-5','4-5','2-1-1A',40,23,5,4,100);
INSERT INTO CELL(CELL_ID,NAME,CABINET_ID,_SIZE,SEQ,_ROW,_COL,PERCENTAGE) VALUES('2-1-1A-4-6','4-6','2-1-1A',40,24,6,4,100);

-- 2-1-2A
INSERT INTO CELL(CELL_ID,NAME,CABINET_ID,_SIZE,SEQ,_ROW,_COL,PERCENTAGE) VALUES('2-1-2A-1-1','1-1','2-1-2A',40,1,1,1,100);
INSERT INTO CELL(CELL_ID,NAME,CABINET_ID,_SIZE,SEQ,_ROW,_COL,PERCENTAGE) VALUES('2-1-2A-1-2','1-2','2-1-2A',40,2,2,1,100);
INSERT INTO CELL(CELL_ID,NAME,CABINET_ID,_SIZE,SEQ,_ROW,_COL,PERCENTAGE) VALUES('2-1-2A-1-3','1-3','2-1-2A',40,3,3,1,100);
INSERT INTO CELL(CELL_ID,NAME,CABINET_ID,_SIZE,SEQ,_ROW,_COL,PERCENTAGE) VALUES('2-1-2A-1-4','1-4','2-1-2A',40,4,4,1,100);
INSERT INTO CELL(CELL_ID,NAME,CABINET_ID,_SIZE,SEQ,_ROW,_COL,PERCENTAGE) VALUES('2-1-2A-1-5','1-5','2-1-2A',40,5,5,1,100);
INSERT INTO CELL(CELL_ID,NAME,CABINET_ID,_SIZE,SEQ,_ROW,_COL,PERCENTAGE) VALUES('2-1-2A-1-6','1-6','2-1-2A',40,6,6,1,100);
INSERT INTO CELL(CELL_ID,NAME,CABINET_ID,_SIZE,SEQ,_ROW,_COL,PERCENTAGE) VALUES('2-1-2A-2-1','2-1','2-1-2A',40,7,1,2,100);
INSERT INTO CELL(CELL_ID,NAME,CABINET_ID,_SIZE,SEQ,_ROW,_COL,PERCENTAGE) VALUES('2-1-2A-2-2','2-2','2-1-2A',40,8,2,2,100);
INSERT INTO CELL(CELL_ID,NAME,CABINET_ID,_SIZE,SEQ,_ROW,_COL,PERCENTAGE) VALUES('2-1-2A-2-3','2-3','2-1-2A',40,9,3,2,100);
INSERT INTO CELL(CELL_ID,NAME,CABINET_ID,_SIZE,SEQ,_ROW,_COL,PERCENTAGE) VALUES('2-1-2A-2-4','2-4','2-1-2A',40,10,4,2,100);
INSERT INTO CELL(CELL_ID,NAME,CABINET_ID,_SIZE,SEQ,_ROW,_COL,PERCENTAGE) VALUES('2-1-2A-2-5','2-5','2-1-2A',40,11,5,2,100);
INSERT INTO CELL(CELL_ID,NAME,CABINET_ID,_SIZE,SEQ,_ROW,_COL,PERCENTAGE) VALUES('2-1-2A-2-6','2-6','2-1-2A',40,12,6,2,100);
INSERT INTO CELL(CELL_ID,NAME,CABINET_ID,_SIZE,SEQ,_ROW,_COL,PERCENTAGE) VALUES('2-1-2A-3-1','3-1','2-1-2A',40,13,1,3,100);
INSERT INTO CELL(CELL_ID,NAME,CABINET_ID,_SIZE,SEQ,_ROW,_COL,PERCENTAGE) VALUES('2-1-2A-3-2','3-2','2-1-2A',40,14,2,3,100);
INSERT INTO CELL(CELL_ID,NAME,CABINET_ID,_SIZE,SEQ,_ROW,_COL,PERCENTAGE) VALUES('2-1-2A-3-3','3-3','2-1-2A',40,15,3,3,100);
INSERT INTO CELL(CELL_ID,NAME,CABINET_ID,_SIZE,SEQ,_ROW,_COL,PERCENTAGE) VALUES('2-1-2A-3-4','3-4','2-1-2A',40,16,4,3,100);
INSERT INTO CELL(CELL_ID,NAME,CABINET_ID,_SIZE,SEQ,_ROW,_COL,PERCENTAGE) VALUES('2-1-2A-3-5','3-5','2-1-2A',40,17,5,3,100);
INSERT INTO CELL(CELL_ID,NAME,CABINET_ID,_SIZE,SEQ,_ROW,_COL,PERCENTAGE) VALUES('2-1-2A-3-6','3-6','2-1-2A',40,18,6,3,100);
INSERT INTO CELL(CELL_ID,NAME,CABINET_ID,_SIZE,SEQ,_ROW,_COL,PERCENTAGE) VALUES('2-1-2A-4-1','4-1','2-1-2A',40,19,1,4,100);
INSERT INTO CELL(CELL_ID,NAME,CABINET_ID,_SIZE,SEQ,_ROW,_COL,PERCENTAGE) VALUES('2-1-2A-4-2','4-2','2-1-2A',40,20,2,4,100);
INSERT INTO CELL(CELL_ID,NAME,CABINET_ID,_SIZE,SEQ,_ROW,_COL,PERCENTAGE) VALUES('2-1-2A-4-3','4-3','2-1-2A',40,21,3,4,100);
INSERT INTO CELL(CELL_ID,NAME,CABINET_ID,_SIZE,SEQ,_ROW,_COL,PERCENTAGE) VALUES('2-1-2A-4-4','4-4','2-1-2A',40,22,4,4,100);
INSERT INTO CELL(CELL_ID,NAME,CABINET_ID,_SIZE,SEQ,_ROW,_COL,PERCENTAGE) VALUES('2-1-2A-4-5','4-5','2-1-2A',40,23,5,4,100);
INSERT INTO CELL(CELL_ID,NAME,CABINET_ID,_SIZE,SEQ,_ROW,_COL,PERCENTAGE) VALUES('2-1-2A-4-6','4-6','2-1-2A',40,24,6,4,100);


-- 2-1-2B
INSERT INTO CELL(CELL_ID,NAME,CABINET_ID,_SIZE,SEQ,_ROW,_COL,PERCENTAGE) VALUES('2-1-2B-1-1','1-1','2-1-2B',40,1,1,1,100);
INSERT INTO CELL(CELL_ID,NAME,CABINET_ID,_SIZE,SEQ,_ROW,_COL,PERCENTAGE) VALUES('2-1-2B-1-2','1-2','2-1-2B',40,2,2,1,100);
INSERT INTO CELL(CELL_ID,NAME,CABINET_ID,_SIZE,SEQ,_ROW,_COL,PERCENTAGE) VALUES('2-1-2B-1-3','1-3','2-1-2B',40,3,3,1,100);
INSERT INTO CELL(CELL_ID,NAME,CABINET_ID,_SIZE,SEQ,_ROW,_COL,PERCENTAGE) VALUES('2-1-2B-1-4','1-4','2-1-2B',40,4,4,1,100);
INSERT INTO CELL(CELL_ID,NAME,CABINET_ID,_SIZE,SEQ,_ROW,_COL,PERCENTAGE) VALUES('2-1-2B-1-5','1-5','2-1-2B',40,5,5,1,100);
INSERT INTO CELL(CELL_ID,NAME,CABINET_ID,_SIZE,SEQ,_ROW,_COL,PERCENTAGE) VALUES('2-1-2B-1-6','1-6','2-1-2B',40,6,6,1,100);
INSERT INTO CELL(CELL_ID,NAME,CABINET_ID,_SIZE,SEQ,_ROW,_COL,PERCENTAGE) VALUES('2-1-2B-2-1','2-1','2-1-2B',40,7,1,2,100);
INSERT INTO CELL(CELL_ID,NAME,CABINET_ID,_SIZE,SEQ,_ROW,_COL,PERCENTAGE) VALUES('2-1-2B-2-2','2-2','2-1-2B',40,8,2,2,100);
INSERT INTO CELL(CELL_ID,NAME,CABINET_ID,_SIZE,SEQ,_ROW,_COL,PERCENTAGE) VALUES('2-1-2B-2-3','2-3','2-1-2B',40,9,3,2,100);
INSERT INTO CELL(CELL_ID,NAME,CABINET_ID,_SIZE,SEQ,_ROW,_COL,PERCENTAGE) VALUES('2-1-2B-2-4','2-4','2-1-2B',40,10,4,2,100);
INSERT INTO CELL(CELL_ID,NAME,CABINET_ID,_SIZE,SEQ,_ROW,_COL,PERCENTAGE) VALUES('2-1-2B-2-5','2-5','2-1-2B',40,11,5,2,100);
INSERT INTO CELL(CELL_ID,NAME,CABINET_ID,_SIZE,SEQ,_ROW,_COL,PERCENTAGE) VALUES('2-1-2B-2-6','2-6','2-1-2B',40,12,6,2,100);
INSERT INTO CELL(CELL_ID,NAME,CABINET_ID,_SIZE,SEQ,_ROW,_COL,PERCENTAGE) VALUES('2-1-2B-3-1','3-1','2-1-2B',40,13,1,3,100);
INSERT INTO CELL(CELL_ID,NAME,CABINET_ID,_SIZE,SEQ,_ROW,_COL,PERCENTAGE) VALUES('2-1-2B-3-2','3-2','2-1-2B',40,14,2,3,100);
INSERT INTO CELL(CELL_ID,NAME,CABINET_ID,_SIZE,SEQ,_ROW,_COL,PERCENTAGE) VALUES('2-1-2B-3-3','3-3','2-1-2B',40,15,3,3,100);
INSERT INTO CELL(CELL_ID,NAME,CABINET_ID,_SIZE,SEQ,_ROW,_COL,PERCENTAGE) VALUES('2-1-2B-3-4','3-4','2-1-2B',40,16,4,3,100);
INSERT INTO CELL(CELL_ID,NAME,CABINET_ID,_SIZE,SEQ,_ROW,_COL,PERCENTAGE) VALUES('2-1-2B-3-5','3-5','2-1-2B',40,17,5,3,100);
INSERT INTO CELL(CELL_ID,NAME,CABINET_ID,_SIZE,SEQ,_ROW,_COL,PERCENTAGE) VALUES('2-1-2B-3-6','3-6','2-1-2B',40,18,6,3,100);
INSERT INTO CELL(CELL_ID,NAME,CABINET_ID,_SIZE,SEQ,_ROW,_COL,PERCENTAGE) VALUES('2-1-2B-4-1','4-1','2-1-2B',40,19,1,4,100);
INSERT INTO CELL(CELL_ID,NAME,CABINET_ID,_SIZE,SEQ,_ROW,_COL,PERCENTAGE) VALUES('2-1-2B-4-2','4-2','2-1-2B',40,20,2,4,100);
INSERT INTO CELL(CELL_ID,NAME,CABINET_ID,_SIZE,SEQ,_ROW,_COL,PERCENTAGE) VALUES('2-1-2B-4-3','4-3','2-1-2B',40,21,3,4,100);
INSERT INTO CELL(CELL_ID,NAME,CABINET_ID,_SIZE,SEQ,_ROW,_COL,PERCENTAGE) VALUES('2-1-2B-4-4','4-4','2-1-2B',40,22,4,4,100);
INSERT INTO CELL(CELL_ID,NAME,CABINET_ID,_SIZE,SEQ,_ROW,_COL,PERCENTAGE) VALUES('2-1-2B-4-5','4-5','2-1-2B',40,23,5,4,100);
INSERT INTO CELL(CELL_ID,NAME,CABINET_ID,_SIZE,SEQ,_ROW,_COL,PERCENTAGE) VALUES('2-1-2B-4-6','4-6','2-1-2B',40,24,6,4,100);

-- '2-1-3A'
INSERT INTO CELL(CELL_ID,NAME,CABINET_ID,_SIZE,SEQ,_ROW,_COL,PERCENTAGE) VALUES('2-1-3A-1-1','1-1','2-1-3A',40,1,1,1,100);
INSERT INTO CELL(CELL_ID,NAME,CABINET_ID,_SIZE,SEQ,_ROW,_COL,PERCENTAGE) VALUES('2-1-3A-1-2','1-2','2-1-3A',40,2,2,1,100);
INSERT INTO CELL(CELL_ID,NAME,CABINET_ID,_SIZE,SEQ,_ROW,_COL,PERCENTAGE) VALUES('2-1-3A-1-3','1-3','2-1-3A',40,3,3,1,100);
INSERT INTO CELL(CELL_ID,NAME,CABINET_ID,_SIZE,SEQ,_ROW,_COL,PERCENTAGE) VALUES('2-1-3A-1-4','1-4','2-1-3A',40,4,4,1,100);
INSERT INTO CELL(CELL_ID,NAME,CABINET_ID,_SIZE,SEQ,_ROW,_COL,PERCENTAGE) VALUES('2-1-3A-1-5','1-5','2-1-3A',40,5,5,1,100);
INSERT INTO CELL(CELL_ID,NAME,CABINET_ID,_SIZE,SEQ,_ROW,_COL,PERCENTAGE) VALUES('2-1-3A-1-6','1-6','2-1-3A',40,6,6,1,100);
INSERT INTO CELL(CELL_ID,NAME,CABINET_ID,_SIZE,SEQ,_ROW,_COL,PERCENTAGE) VALUES('2-1-3A-2-1','2-1','2-1-3A',40,7,1,2,100);
INSERT INTO CELL(CELL_ID,NAME,CABINET_ID,_SIZE,SEQ,_ROW,_COL,PERCENTAGE) VALUES('2-1-3A-2-2','2-2','2-1-3A',40,8,2,2,100);
INSERT INTO CELL(CELL_ID,NAME,CABINET_ID,_SIZE,SEQ,_ROW,_COL,PERCENTAGE) VALUES('2-1-3A-2-3','2-3','2-1-3A',40,9,3,2,100);
INSERT INTO CELL(CELL_ID,NAME,CABINET_ID,_SIZE,SEQ,_ROW,_COL,PERCENTAGE) VALUES('2-1-3A-2-4','2-4','2-1-3A',40,10,4,2,100);
INSERT INTO CELL(CELL_ID,NAME,CABINET_ID,_SIZE,SEQ,_ROW,_COL,PERCENTAGE) VALUES('2-1-3A-2-5','2-5','2-1-3A',40,11,5,2,100);
INSERT INTO CELL(CELL_ID,NAME,CABINET_ID,_SIZE,SEQ,_ROW,_COL,PERCENTAGE) VALUES('2-1-3A-2-6','2-6','2-1-3A',40,12,6,2,100);
INSERT INTO CELL(CELL_ID,NAME,CABINET_ID,_SIZE,SEQ,_ROW,_COL,PERCENTAGE) VALUES('2-1-3A-3-1','3-1','2-1-3A',40,13,1,3,100);
INSERT INTO CELL(CELL_ID,NAME,CABINET_ID,_SIZE,SEQ,_ROW,_COL,PERCENTAGE) VALUES('2-1-3A-3-2','3-2','2-1-3A',40,14,2,3,100);
INSERT INTO CELL(CELL_ID,NAME,CABINET_ID,_SIZE,SEQ,_ROW,_COL,PERCENTAGE) VALUES('2-1-3A-3-3','3-3','2-1-3A',40,15,3,3,100);
INSERT INTO CELL(CELL_ID,NAME,CABINET_ID,_SIZE,SEQ,_ROW,_COL,PERCENTAGE) VALUES('2-1-3A-3-4','3-4','2-1-3A',40,16,4,3,100);
INSERT INTO CELL(CELL_ID,NAME,CABINET_ID,_SIZE,SEQ,_ROW,_COL,PERCENTAGE) VALUES('2-1-3A-3-5','3-5','2-1-3A',40,17,5,3,100);
INSERT INTO CELL(CELL_ID,NAME,CABINET_ID,_SIZE,SEQ,_ROW,_COL,PERCENTAGE) VALUES('2-1-3A-3-6','3-6','2-1-3A',40,18,6,3,100);
INSERT INTO CELL(CELL_ID,NAME,CABINET_ID,_SIZE,SEQ,_ROW,_COL,PERCENTAGE) VALUES('2-1-3A-4-1','4-1','2-1-3A',40,19,1,4,100);
INSERT INTO CELL(CELL_ID,NAME,CABINET_ID,_SIZE,SEQ,_ROW,_COL,PERCENTAGE) VALUES('2-1-3A-4-2','4-2','2-1-3A',40,20,2,4,100);
INSERT INTO CELL(CELL_ID,NAME,CABINET_ID,_SIZE,SEQ,_ROW,_COL,PERCENTAGE) VALUES('2-1-3A-4-3','4-3','2-1-3A',40,21,3,4,100);
INSERT INTO CELL(CELL_ID,NAME,CABINET_ID,_SIZE,SEQ,_ROW,_COL,PERCENTAGE) VALUES('2-1-3A-4-4','4-4','2-1-3A',40,22,4,4,100);
INSERT INTO CELL(CELL_ID,NAME,CABINET_ID,_SIZE,SEQ,_ROW,_COL,PERCENTAGE) VALUES('2-1-3A-4-5','4-5','2-1-3A',40,23,5,4,100);
INSERT INTO CELL(CELL_ID,NAME,CABINET_ID,_SIZE,SEQ,_ROW,_COL,PERCENTAGE) VALUES('2-1-3A-4-6','4-6','2-1-3A',40,24,6,4,100);

-- '2-1-3B'
INSERT INTO CELL(CELL_ID,NAME,CABINET_ID,_SIZE,SEQ,_ROW,_COL,PERCENTAGE) VALUES('2-1-3B-1-1','1-1','2-1-3B',40,1,1,1,100);
INSERT INTO CELL(CELL_ID,NAME,CABINET_ID,_SIZE,SEQ,_ROW,_COL,PERCENTAGE) VALUES('2-1-3B-1-2','1-2','2-1-3B',40,2,2,1,100);
INSERT INTO CELL(CELL_ID,NAME,CABINET_ID,_SIZE,SEQ,_ROW,_COL,PERCENTAGE) VALUES('2-1-3B-1-3','1-3','2-1-3B',40,3,3,1,100);
INSERT INTO CELL(CELL_ID,NAME,CABINET_ID,_SIZE,SEQ,_ROW,_COL,PERCENTAGE) VALUES('2-1-3B-1-4','1-4','2-1-3B',40,4,4,1,100);
INSERT INTO CELL(CELL_ID,NAME,CABINET_ID,_SIZE,SEQ,_ROW,_COL,PERCENTAGE) VALUES('2-1-3B-1-5','1-5','2-1-3B',40,5,5,1,100);
INSERT INTO CELL(CELL_ID,NAME,CABINET_ID,_SIZE,SEQ,_ROW,_COL,PERCENTAGE) VALUES('2-1-3B-1-6','1-6','2-1-3B',40,6,6,1,100);
INSERT INTO CELL(CELL_ID,NAME,CABINET_ID,_SIZE,SEQ,_ROW,_COL,PERCENTAGE) VALUES('2-1-3B-2-1','2-1','2-1-3B',40,7,1,2,100);
INSERT INTO CELL(CELL_ID,NAME,CABINET_ID,_SIZE,SEQ,_ROW,_COL,PERCENTAGE) VALUES('2-1-3B-2-2','2-2','2-1-3B',40,8,2,2,100);
INSERT INTO CELL(CELL_ID,NAME,CABINET_ID,_SIZE,SEQ,_ROW,_COL,PERCENTAGE) VALUES('2-1-3B-2-3','2-3','2-1-3B',40,9,3,2,100);
INSERT INTO CELL(CELL_ID,NAME,CABINET_ID,_SIZE,SEQ,_ROW,_COL,PERCENTAGE) VALUES('2-1-3B-2-4','2-4','2-1-3B',40,10,4,2,100);
INSERT INTO CELL(CELL_ID,NAME,CABINET_ID,_SIZE,SEQ,_ROW,_COL,PERCENTAGE) VALUES('2-1-3B-2-5','2-5','2-1-3B',40,11,5,2,100);
INSERT INTO CELL(CELL_ID,NAME,CABINET_ID,_SIZE,SEQ,_ROW,_COL,PERCENTAGE) VALUES('2-1-3B-2-6','2-6','2-1-3B',40,12,6,2,100);
INSERT INTO CELL(CELL_ID,NAME,CABINET_ID,_SIZE,SEQ,_ROW,_COL,PERCENTAGE) VALUES('2-1-3B-3-1','3-1','2-1-3B',40,13,1,3,100);
INSERT INTO CELL(CELL_ID,NAME,CABINET_ID,_SIZE,SEQ,_ROW,_COL,PERCENTAGE) VALUES('2-1-3B-3-2','3-2','2-1-3B',40,14,2,3,100);
INSERT INTO CELL(CELL_ID,NAME,CABINET_ID,_SIZE,SEQ,_ROW,_COL,PERCENTAGE) VALUES('2-1-3B-3-3','3-3','2-1-3B',40,15,3,3,100);
INSERT INTO CELL(CELL_ID,NAME,CABINET_ID,_SIZE,SEQ,_ROW,_COL,PERCENTAGE) VALUES('2-1-3B-3-4','3-4','2-1-3B',40,16,4,3,100);
INSERT INTO CELL(CELL_ID,NAME,CABINET_ID,_SIZE,SEQ,_ROW,_COL,PERCENTAGE) VALUES('2-1-3B-3-5','3-5','2-1-3B',40,17,5,3,100);
INSERT INTO CELL(CELL_ID,NAME,CABINET_ID,_SIZE,SEQ,_ROW,_COL,PERCENTAGE) VALUES('2-1-3B-3-6','3-6','2-1-3B',40,18,6,3,100);
INSERT INTO CELL(CELL_ID,NAME,CABINET_ID,_SIZE,SEQ,_ROW,_COL,PERCENTAGE) VALUES('2-1-3B-4-1','4-1','2-1-3B',40,19,1,4,100);
INSERT INTO CELL(CELL_ID,NAME,CABINET_ID,_SIZE,SEQ,_ROW,_COL,PERCENTAGE) VALUES('2-1-3B-4-2','4-2','2-1-3B',40,20,2,4,100);
INSERT INTO CELL(CELL_ID,NAME,CABINET_ID,_SIZE,SEQ,_ROW,_COL,PERCENTAGE) VALUES('2-1-3B-4-3','4-3','2-1-3B',40,21,3,4,100);
INSERT INTO CELL(CELL_ID,NAME,CABINET_ID,_SIZE,SEQ,_ROW,_COL,PERCENTAGE) VALUES('2-1-3B-4-4','4-4','2-1-3B',40,22,4,4,100);
INSERT INTO CELL(CELL_ID,NAME,CABINET_ID,_SIZE,SEQ,_ROW,_COL,PERCENTAGE) VALUES('2-1-3B-4-5','4-5','2-1-3B',40,23,5,4,100);
INSERT INTO CELL(CELL_ID,NAME,CABINET_ID,_SIZE,SEQ,_ROW,_COL,PERCENTAGE) VALUES('2-1-3B-4-6','4-6','2-1-3B',40,24,6,4,100);

-- '2-1-4A'
INSERT INTO CELL(CELL_ID,NAME,CABINET_ID,_SIZE,SEQ,_ROW,_COL,PERCENTAGE) VALUES('2-1-4A-1-1','1-1','2-1-4A',40,1,1,1,100);
INSERT INTO CELL(CELL_ID,NAME,CABINET_ID,_SIZE,SEQ,_ROW,_COL,PERCENTAGE) VALUES('2-1-4A-1-2','1-2','2-1-4A',40,2,2,1,100);
INSERT INTO CELL(CELL_ID,NAME,CABINET_ID,_SIZE,SEQ,_ROW,_COL,PERCENTAGE) VALUES('2-1-4A-1-3','1-3','2-1-4A',40,3,3,1,100);
INSERT INTO CELL(CELL_ID,NAME,CABINET_ID,_SIZE,SEQ,_ROW,_COL,PERCENTAGE) VALUES('2-1-4A-1-4','1-4','2-1-4A',40,4,4,1,100);
INSERT INTO CELL(CELL_ID,NAME,CABINET_ID,_SIZE,SEQ,_ROW,_COL,PERCENTAGE) VALUES('2-1-4A-1-5','1-5','2-1-4A',40,5,5,1,100);
INSERT INTO CELL(CELL_ID,NAME,CABINET_ID,_SIZE,SEQ,_ROW,_COL,PERCENTAGE) VALUES('2-1-4A-1-6','1-6','2-1-4A',40,6,6,1,100);
INSERT INTO CELL(CELL_ID,NAME,CABINET_ID,_SIZE,SEQ,_ROW,_COL,PERCENTAGE) VALUES('2-1-4A-2-1','2-1','2-1-4A',40,7,1,2,100);
INSERT INTO CELL(CELL_ID,NAME,CABINET_ID,_SIZE,SEQ,_ROW,_COL,PERCENTAGE) VALUES('2-1-4A-2-2','2-2','2-1-4A',40,8,2,2,100);
INSERT INTO CELL(CELL_ID,NAME,CABINET_ID,_SIZE,SEQ,_ROW,_COL,PERCENTAGE) VALUES('2-1-4A-2-3','2-3','2-1-4A',40,9,3,2,100);
INSERT INTO CELL(CELL_ID,NAME,CABINET_ID,_SIZE,SEQ,_ROW,_COL,PERCENTAGE) VALUES('2-1-4A-2-4','2-4','2-1-4A',40,10,4,2,100);
INSERT INTO CELL(CELL_ID,NAME,CABINET_ID,_SIZE,SEQ,_ROW,_COL,PERCENTAGE) VALUES('2-1-4A-2-5','2-5','2-1-4A',40,11,5,2,100);
INSERT INTO CELL(CELL_ID,NAME,CABINET_ID,_SIZE,SEQ,_ROW,_COL,PERCENTAGE) VALUES('2-1-4A-2-6','2-6','2-1-4A',40,12,6,2,100);
INSERT INTO CELL(CELL_ID,NAME,CABINET_ID,_SIZE,SEQ,_ROW,_COL,PERCENTAGE) VALUES('2-1-4A-3-1','3-1','2-1-4A',40,13,1,3,100);
INSERT INTO CELL(CELL_ID,NAME,CABINET_ID,_SIZE,SEQ,_ROW,_COL,PERCENTAGE) VALUES('2-1-4A-3-2','3-2','2-1-4A',40,14,2,3,100);
INSERT INTO CELL(CELL_ID,NAME,CABINET_ID,_SIZE,SEQ,_ROW,_COL,PERCENTAGE) VALUES('2-1-4A-3-3','3-3','2-1-4A',40,15,3,3,100);
INSERT INTO CELL(CELL_ID,NAME,CABINET_ID,_SIZE,SEQ,_ROW,_COL,PERCENTAGE) VALUES('2-1-4A-3-4','3-4','2-1-4A',40,16,4,3,100);
INSERT INTO CELL(CELL_ID,NAME,CABINET_ID,_SIZE,SEQ,_ROW,_COL,PERCENTAGE) VALUES('2-1-4A-3-5','3-5','2-1-4A',40,17,5,3,100);
INSERT INTO CELL(CELL_ID,NAME,CABINET_ID,_SIZE,SEQ,_ROW,_COL,PERCENTAGE) VALUES('2-1-4A-3-6','3-6','2-1-4A',40,18,6,3,100);
INSERT INTO CELL(CELL_ID,NAME,CABINET_ID,_SIZE,SEQ,_ROW,_COL,PERCENTAGE) VALUES('2-1-4A-4-1','4-1','2-1-4A',40,19,1,4,100);
INSERT INTO CELL(CELL_ID,NAME,CABINET_ID,_SIZE,SEQ,_ROW,_COL,PERCENTAGE) VALUES('2-1-4A-4-2','4-2','2-1-4A',40,20,2,4,100);
INSERT INTO CELL(CELL_ID,NAME,CABINET_ID,_SIZE,SEQ,_ROW,_COL,PERCENTAGE) VALUES('2-1-4A-4-3','4-3','2-1-4A',40,21,3,4,100);
INSERT INTO CELL(CELL_ID,NAME,CABINET_ID,_SIZE,SEQ,_ROW,_COL,PERCENTAGE) VALUES('2-1-4A-4-4','4-4','2-1-4A',40,22,4,4,100);
INSERT INTO CELL(CELL_ID,NAME,CABINET_ID,_SIZE,SEQ,_ROW,_COL,PERCENTAGE) VALUES('2-1-4A-4-5','4-5','2-1-4A',40,23,5,4,100);
INSERT INTO CELL(CELL_ID,NAME,CABINET_ID,_SIZE,SEQ,_ROW,_COL,PERCENTAGE) VALUES('2-1-4A-4-6','4-6','2-1-4A',40,24,6,4,100);

-- '2-1-4B'
INSERT INTO CELL(CELL_ID,NAME,CABINET_ID,_SIZE,SEQ,_ROW,_COL,PERCENTAGE) VALUES('2-1-4B-1-1','1-1','2-1-4B',40,1,1,1,100);
INSERT INTO CELL(CELL_ID,NAME,CABINET_ID,_SIZE,SEQ,_ROW,_COL,PERCENTAGE) VALUES('2-1-4B-1-2','1-2','2-1-4B',40,2,2,1,100);
INSERT INTO CELL(CELL_ID,NAME,CABINET_ID,_SIZE,SEQ,_ROW,_COL,PERCENTAGE) VALUES('2-1-4B-1-3','1-3','2-1-4B',40,3,3,1,100);
INSERT INTO CELL(CELL_ID,NAME,CABINET_ID,_SIZE,SEQ,_ROW,_COL,PERCENTAGE) VALUES('2-1-4B-1-4','1-4','2-1-4B',40,4,4,1,100);
INSERT INTO CELL(CELL_ID,NAME,CABINET_ID,_SIZE,SEQ,_ROW,_COL,PERCENTAGE) VALUES('2-1-4B-1-5','1-5','2-1-4B',40,5,5,1,100);
INSERT INTO CELL(CELL_ID,NAME,CABINET_ID,_SIZE,SEQ,_ROW,_COL,PERCENTAGE) VALUES('2-1-4B-1-6','1-6','2-1-4B',40,6,6,1,100);
INSERT INTO CELL(CELL_ID,NAME,CABINET_ID,_SIZE,SEQ,_ROW,_COL,PERCENTAGE) VALUES('2-1-4B-2-1','2-1','2-1-4B',40,7,1,2,100);
INSERT INTO CELL(CELL_ID,NAME,CABINET_ID,_SIZE,SEQ,_ROW,_COL,PERCENTAGE) VALUES('2-1-4B-2-2','2-2','2-1-4B',40,8,2,2,100);
INSERT INTO CELL(CELL_ID,NAME,CABINET_ID,_SIZE,SEQ,_ROW,_COL,PERCENTAGE) VALUES('2-1-4B-2-3','2-3','2-1-4B',40,9,3,2,100);
INSERT INTO CELL(CELL_ID,NAME,CABINET_ID,_SIZE,SEQ,_ROW,_COL,PERCENTAGE) VALUES('2-1-4B-2-4','2-4','2-1-4B',40,10,4,2,100);
INSERT INTO CELL(CELL_ID,NAME,CABINET_ID,_SIZE,SEQ,_ROW,_COL,PERCENTAGE) VALUES('2-1-4B-2-5','2-5','2-1-4B',40,11,5,2,100);
INSERT INTO CELL(CELL_ID,NAME,CABINET_ID,_SIZE,SEQ,_ROW,_COL,PERCENTAGE) VALUES('2-1-4B-2-6','2-6','2-1-4B',40,12,6,2,100);
INSERT INTO CELL(CELL_ID,NAME,CABINET_ID,_SIZE,SEQ,_ROW,_COL,PERCENTAGE) VALUES('2-1-4B-3-1','3-1','2-1-4B',40,13,1,3,100);
INSERT INTO CELL(CELL_ID,NAME,CABINET_ID,_SIZE,SEQ,_ROW,_COL,PERCENTAGE) VALUES('2-1-4B-3-2','3-2','2-1-4B',40,14,2,3,100);
INSERT INTO CELL(CELL_ID,NAME,CABINET_ID,_SIZE,SEQ,_ROW,_COL,PERCENTAGE) VALUES('2-1-4B-3-3','3-3','2-1-4B',40,15,3,3,100);
INSERT INTO CELL(CELL_ID,NAME,CABINET_ID,_SIZE,SEQ,_ROW,_COL,PERCENTAGE) VALUES('2-1-4B-3-4','3-4','2-1-4B',40,16,4,3,100);
INSERT INTO CELL(CELL_ID,NAME,CABINET_ID,_SIZE,SEQ,_ROW,_COL,PERCENTAGE) VALUES('2-1-4B-3-5','3-5','2-1-4B',40,17,5,3,100);
INSERT INTO CELL(CELL_ID,NAME,CABINET_ID,_SIZE,SEQ,_ROW,_COL,PERCENTAGE) VALUES('2-1-4B-3-6','3-6','2-1-4B',40,18,6,3,100);
INSERT INTO CELL(CELL_ID,NAME,CABINET_ID,_SIZE,SEQ,_ROW,_COL,PERCENTAGE) VALUES('2-1-4B-4-1','4-1','2-1-4B',40,19,1,4,100);
INSERT INTO CELL(CELL_ID,NAME,CABINET_ID,_SIZE,SEQ,_ROW,_COL,PERCENTAGE) VALUES('2-1-4B-4-2','4-2','2-1-4B',40,20,2,4,100);
INSERT INTO CELL(CELL_ID,NAME,CABINET_ID,_SIZE,SEQ,_ROW,_COL,PERCENTAGE) VALUES('2-1-4B-4-3','4-3','2-1-4B',40,21,3,4,100);
INSERT INTO CELL(CELL_ID,NAME,CABINET_ID,_SIZE,SEQ,_ROW,_COL,PERCENTAGE) VALUES('2-1-4B-4-4','4-4','2-1-4B',40,22,4,4,100);
INSERT INTO CELL(CELL_ID,NAME,CABINET_ID,_SIZE,SEQ,_ROW,_COL,PERCENTAGE) VALUES('2-1-4B-4-5','4-5','2-1-4B',40,23,5,4,100);
INSERT INTO CELL(CELL_ID,NAME,CABINET_ID,_SIZE,SEQ,_ROW,_COL,PERCENTAGE) VALUES('2-1-4B-4-6','4-6','2-1-4B',40,24,6,4,100);

-- '2-1-5A'
INSERT INTO CELL(CELL_ID,NAME,CABINET_ID,_SIZE,SEQ,_ROW,_COL,PERCENTAGE) VALUES('2-1-5A-1-1','1-1','2-1-5A',40,1,1,1,100);
INSERT INTO CELL(CELL_ID,NAME,CABINET_ID,_SIZE,SEQ,_ROW,_COL,PERCENTAGE) VALUES('2-1-5A-1-2','1-2','2-1-5A',40,2,2,1,100);
INSERT INTO CELL(CELL_ID,NAME,CABINET_ID,_SIZE,SEQ,_ROW,_COL,PERCENTAGE) VALUES('2-1-5A-1-3','1-3','2-1-5A',40,3,3,1,100);
INSERT INTO CELL(CELL_ID,NAME,CABINET_ID,_SIZE,SEQ,_ROW,_COL,PERCENTAGE) VALUES('2-1-5A-1-4','1-4','2-1-5A',40,4,4,1,100);
INSERT INTO CELL(CELL_ID,NAME,CABINET_ID,_SIZE,SEQ,_ROW,_COL,PERCENTAGE) VALUES('2-1-5A-1-5','1-5','2-1-5A',40,5,5,1,100);
INSERT INTO CELL(CELL_ID,NAME,CABINET_ID,_SIZE,SEQ,_ROW,_COL,PERCENTAGE) VALUES('2-1-5A-1-6','1-6','2-1-5A',40,6,6,1,100);
INSERT INTO CELL(CELL_ID,NAME,CABINET_ID,_SIZE,SEQ,_ROW,_COL,PERCENTAGE) VALUES('2-1-5A-2-1','2-1','2-1-5A',40,7,1,2,100);
INSERT INTO CELL(CELL_ID,NAME,CABINET_ID,_SIZE,SEQ,_ROW,_COL,PERCENTAGE) VALUES('2-1-5A-2-2','2-2','2-1-5A',40,8,2,2,100);
INSERT INTO CELL(CELL_ID,NAME,CABINET_ID,_SIZE,SEQ,_ROW,_COL,PERCENTAGE) VALUES('2-1-5A-2-3','2-3','2-1-5A',40,9,3,2,100);
INSERT INTO CELL(CELL_ID,NAME,CABINET_ID,_SIZE,SEQ,_ROW,_COL,PERCENTAGE) VALUES('2-1-5A-2-4','2-4','2-1-5A',40,10,4,2,100);
INSERT INTO CELL(CELL_ID,NAME,CABINET_ID,_SIZE,SEQ,_ROW,_COL,PERCENTAGE) VALUES('2-1-5A-2-5','2-5','2-1-5A',40,11,5,2,100);
INSERT INTO CELL(CELL_ID,NAME,CABINET_ID,_SIZE,SEQ,_ROW,_COL,PERCENTAGE) VALUES('2-1-5A-2-6','2-6','2-1-5A',40,12,6,2,100);
INSERT INTO CELL(CELL_ID,NAME,CABINET_ID,_SIZE,SEQ,_ROW,_COL,PERCENTAGE) VALUES('2-1-5A-3-1','3-1','2-1-5A',40,13,1,3,100);
INSERT INTO CELL(CELL_ID,NAME,CABINET_ID,_SIZE,SEQ,_ROW,_COL,PERCENTAGE) VALUES('2-1-5A-3-2','3-2','2-1-5A',40,14,2,3,100);
INSERT INTO CELL(CELL_ID,NAME,CABINET_ID,_SIZE,SEQ,_ROW,_COL,PERCENTAGE) VALUES('2-1-5A-3-3','3-3','2-1-5A',40,15,3,3,100);
INSERT INTO CELL(CELL_ID,NAME,CABINET_ID,_SIZE,SEQ,_ROW,_COL,PERCENTAGE) VALUES('2-1-5A-3-4','3-4','2-1-5A',40,16,4,3,100);
INSERT INTO CELL(CELL_ID,NAME,CABINET_ID,_SIZE,SEQ,_ROW,_COL,PERCENTAGE) VALUES('2-1-5A-3-5','3-5','2-1-5A',40,17,5,3,100);
INSERT INTO CELL(CELL_ID,NAME,CABINET_ID,_SIZE,SEQ,_ROW,_COL,PERCENTAGE) VALUES('2-1-5A-3-6','3-6','2-1-5A',40,18,6,3,100);
INSERT INTO CELL(CELL_ID,NAME,CABINET_ID,_SIZE,SEQ,_ROW,_COL,PERCENTAGE) VALUES('2-1-5A-4-1','4-1','2-1-5A',40,19,1,4,100);
INSERT INTO CELL(CELL_ID,NAME,CABINET_ID,_SIZE,SEQ,_ROW,_COL,PERCENTAGE) VALUES('2-1-5A-4-2','4-2','2-1-5A',40,20,2,4,100);
INSERT INTO CELL(CELL_ID,NAME,CABINET_ID,_SIZE,SEQ,_ROW,_COL,PERCENTAGE) VALUES('2-1-5A-4-3','4-3','2-1-5A',40,21,3,4,100);
INSERT INTO CELL(CELL_ID,NAME,CABINET_ID,_SIZE,SEQ,_ROW,_COL,PERCENTAGE) VALUES('2-1-5A-4-4','4-4','2-1-5A',40,22,4,4,100);
INSERT INTO CELL(CELL_ID,NAME,CABINET_ID,_SIZE,SEQ,_ROW,_COL,PERCENTAGE) VALUES('2-1-5A-4-5','4-5','2-1-5A',40,23,5,4,100);
INSERT INTO CELL(CELL_ID,NAME,CABINET_ID,_SIZE,SEQ,_ROW,_COL,PERCENTAGE) VALUES('2-1-5A-4-6','4-6','2-1-5A',40,24,6,4,100);
-- '2-1-5B'
INSERT INTO CELL(CELL_ID,NAME,CABINET_ID,_SIZE,SEQ,_ROW,_COL,PERCENTAGE) VALUES('2-1-5B-1-1','1-1','2-1-5B',40,1,1,1,100);
INSERT INTO CELL(CELL_ID,NAME,CABINET_ID,_SIZE,SEQ,_ROW,_COL,PERCENTAGE) VALUES('2-1-5B-1-2','1-2','2-1-5B',40,2,2,1,100);
INSERT INTO CELL(CELL_ID,NAME,CABINET_ID,_SIZE,SEQ,_ROW,_COL,PERCENTAGE) VALUES('2-1-5B-1-3','1-3','2-1-5B',40,3,3,1,100);
INSERT INTO CELL(CELL_ID,NAME,CABINET_ID,_SIZE,SEQ,_ROW,_COL,PERCENTAGE) VALUES('2-1-5B-1-4','1-4','2-1-5B',40,4,4,1,100);
INSERT INTO CELL(CELL_ID,NAME,CABINET_ID,_SIZE,SEQ,_ROW,_COL,PERCENTAGE) VALUES('2-1-5B-1-5','1-5','2-1-5B',40,5,5,1,100);
INSERT INTO CELL(CELL_ID,NAME,CABINET_ID,_SIZE,SEQ,_ROW,_COL,PERCENTAGE) VALUES('2-1-5B-1-6','1-6','2-1-5B',40,6,6,1,100);
INSERT INTO CELL(CELL_ID,NAME,CABINET_ID,_SIZE,SEQ,_ROW,_COL,PERCENTAGE) VALUES('2-1-5B-2-1','2-1','2-1-5B',40,7,1,2,100);
INSERT INTO CELL(CELL_ID,NAME,CABINET_ID,_SIZE,SEQ,_ROW,_COL,PERCENTAGE) VALUES('2-1-5B-2-2','2-2','2-1-5B',40,8,2,2,100);
INSERT INTO CELL(CELL_ID,NAME,CABINET_ID,_SIZE,SEQ,_ROW,_COL,PERCENTAGE) VALUES('2-1-5B-2-3','2-3','2-1-5B',40,9,3,2,100);
INSERT INTO CELL(CELL_ID,NAME,CABINET_ID,_SIZE,SEQ,_ROW,_COL,PERCENTAGE) VALUES('2-1-5B-2-4','2-4','2-1-5B',40,10,4,2,100);
INSERT INTO CELL(CELL_ID,NAME,CABINET_ID,_SIZE,SEQ,_ROW,_COL,PERCENTAGE) VALUES('2-1-5B-2-5','2-5','2-1-5B',40,11,5,2,100);
INSERT INTO CELL(CELL_ID,NAME,CABINET_ID,_SIZE,SEQ,_ROW,_COL,PERCENTAGE) VALUES('2-1-5B-2-6','2-6','2-1-5B',40,12,6,2,100);
INSERT INTO CELL(CELL_ID,NAME,CABINET_ID,_SIZE,SEQ,_ROW,_COL,PERCENTAGE) VALUES('2-1-5B-3-1','3-1','2-1-5B',40,13,1,3,100);
INSERT INTO CELL(CELL_ID,NAME,CABINET_ID,_SIZE,SEQ,_ROW,_COL,PERCENTAGE) VALUES('2-1-5B-3-2','3-2','2-1-5B',40,14,2,3,100);
INSERT INTO CELL(CELL_ID,NAME,CABINET_ID,_SIZE,SEQ,_ROW,_COL,PERCENTAGE) VALUES('2-1-5B-3-3','3-3','2-1-5B',40,15,3,3,100);
INSERT INTO CELL(CELL_ID,NAME,CABINET_ID,_SIZE,SEQ,_ROW,_COL,PERCENTAGE) VALUES('2-1-5B-3-4','3-4','2-1-5B',40,16,4,3,100);
INSERT INTO CELL(CELL_ID,NAME,CABINET_ID,_SIZE,SEQ,_ROW,_COL,PERCENTAGE) VALUES('2-1-5B-3-5','3-5','2-1-5B',40,17,5,3,100);
INSERT INTO CELL(CELL_ID,NAME,CABINET_ID,_SIZE,SEQ,_ROW,_COL,PERCENTAGE) VALUES('2-1-5B-3-6','3-6','2-1-5B',40,18,6,3,100);
INSERT INTO CELL(CELL_ID,NAME,CABINET_ID,_SIZE,SEQ,_ROW,_COL,PERCENTAGE) VALUES('2-1-5B-4-1','4-1','2-1-5B',40,19,1,4,100);
INSERT INTO CELL(CELL_ID,NAME,CABINET_ID,_SIZE,SEQ,_ROW,_COL,PERCENTAGE) VALUES('2-1-5B-4-2','4-2','2-1-5B',40,20,2,4,100);
INSERT INTO CELL(CELL_ID,NAME,CABINET_ID,_SIZE,SEQ,_ROW,_COL,PERCENTAGE) VALUES('2-1-5B-4-3','4-3','2-1-5B',40,21,3,4,100);
INSERT INTO CELL(CELL_ID,NAME,CABINET_ID,_SIZE,SEQ,_ROW,_COL,PERCENTAGE) VALUES('2-1-5B-4-4','4-4','2-1-5B',40,22,4,4,100);
INSERT INTO CELL(CELL_ID,NAME,CABINET_ID,_SIZE,SEQ,_ROW,_COL,PERCENTAGE) VALUES('2-1-5B-4-5','4-5','2-1-5B',40,23,5,4,100);
INSERT INTO CELL(CELL_ID,NAME,CABINET_ID,_SIZE,SEQ,_ROW,_COL,PERCENTAGE) VALUES('2-1-5B-4-6','4-6','2-1-5B',40,24,6,4,100);

--  3号库
-- 3-1-1A
INSERT INTO CELL(CELL_ID,NAME,CABINET_ID,_SIZE,SEQ,_ROW,_COL,PERCENTAGE) VALUES('3-1-1A-1-1','1-1','3-1-1A',34,1,1,1,100);
INSERT INTO CELL(CELL_ID,NAME,CABINET_ID,_SIZE,SEQ,_ROW,_COL,PERCENTAGE) VALUES('3-1-1A-1-2','1-2','3-1-1A',34,2,2,1,100);
INSERT INTO CELL(CELL_ID,NAME,CABINET_ID,_SIZE,SEQ,_ROW,_COL,PERCENTAGE) VALUES('3-1-1A-1-3','1-3','3-1-1A',34,3,3,1,100);
INSERT INTO CELL(CELL_ID,NAME,CABINET_ID,_SIZE,SEQ,_ROW,_COL,PERCENTAGE) VALUES('3-1-1A-1-4','1-4','3-1-1A',34,4,4,1,100);
INSERT INTO CELL(CELL_ID,NAME,CABINET_ID,_SIZE,SEQ,_ROW,_COL,PERCENTAGE) VALUES('3-1-1A-1-5','1-5','3-1-1A',34,5,5,1,100);
INSERT INTO CELL(CELL_ID,NAME,CABINET_ID,_SIZE,SEQ,_ROW,_COL,PERCENTAGE) VALUES('3-1-1A-1-6','1-6','3-1-1A',34,6,6,1,100);
INSERT INTO CELL(CELL_ID,NAME,CABINET_ID,_SIZE,SEQ,_ROW,_COL,PERCENTAGE) VALUES('3-1-1A-1-7','1-7','3-1-1A',34,7,7,1,100);
INSERT INTO CELL(CELL_ID,NAME,CABINET_ID,_SIZE,SEQ,_ROW,_COL,PERCENTAGE) VALUES('3-1-1A-2-1','2-1','3-1-1A',34,8,1,2,100);
INSERT INTO CELL(CELL_ID,NAME,CABINET_ID,_SIZE,SEQ,_ROW,_COL,PERCENTAGE) VALUES('3-1-1A-2-2','2-2','3-1-1A',34,9,2,2,0);
INSERT INTO CELL(CELL_ID,NAME,CABINET_ID,_SIZE,SEQ,_ROW,_COL,PERCENTAGE) VALUES('3-1-1A-2-3','2-3','3-1-1A',34,10,3,2,0);
INSERT INTO CELL(CELL_ID,NAME,CABINET_ID,_SIZE,SEQ,_ROW,_COL,PERCENTAGE) VALUES('3-1-1A-2-4','2-4','3-1-1A',34,11,4,2,0);
INSERT INTO CELL(CELL_ID,NAME,CABINET_ID,_SIZE,SEQ,_ROW,_COL,PERCENTAGE) VALUES('3-1-1A-2-5','2-5','3-1-1A',34,12,5,2,0);
INSERT INTO CELL(CELL_ID,NAME,CABINET_ID,_SIZE,SEQ,_ROW,_COL,PERCENTAGE) VALUES('3-1-1A-2-6','2-6','3-1-1A',34,13,6,2,0);
INSERT INTO CELL(CELL_ID,NAME,CABINET_ID,_SIZE,SEQ,_ROW,_COL,PERCENTAGE) VALUES('3-1-1A-2-7','2-7','3-1-1A',34,14,7,2,0);
INSERT INTO CELL(CELL_ID,NAME,CABINET_ID,_SIZE,SEQ,_ROW,_COL,PERCENTAGE) VALUES('3-1-1A-3-1','3-1','3-1-1A',34,15,1,3,100);
INSERT INTO CELL(CELL_ID,NAME,CABINET_ID,_SIZE,SEQ,_ROW,_COL,PERCENTAGE) VALUES('3-1-1A-3-2','3-2','3-1-1A',34,16,2,3,100);
INSERT INTO CELL(CELL_ID,NAME,CABINET_ID,_SIZE,SEQ,_ROW,_COL,PERCENTAGE) VALUES('3-1-1A-3-3','3-3','3-1-1A',34,17,3,3,100);
INSERT INTO CELL(CELL_ID,NAME,CABINET_ID,_SIZE,SEQ,_ROW,_COL,PERCENTAGE) VALUES('3-1-1A-3-4','3-4','3-1-1A',34,18,4,3,100);
INSERT INTO CELL(CELL_ID,NAME,CABINET_ID,_SIZE,SEQ,_ROW,_COL,PERCENTAGE) VALUES('3-1-1A-3-5','3-5','3-1-1A',34,19,5,3,100);
INSERT INTO CELL(CELL_ID,NAME,CABINET_ID,_SIZE,SEQ,_ROW,_COL,PERCENTAGE) VALUES('3-1-1A-3-6','3-6','3-1-1A',34,20,6,3,100);
INSERT INTO CELL(CELL_ID,NAME,CABINET_ID,_SIZE,SEQ,_ROW,_COL,PERCENTAGE) VALUES('3-1-1A-3-7','3-7','3-1-1A',34,21,7,3,100);
INSERT INTO CELL(CELL_ID,NAME,CABINET_ID,_SIZE,SEQ,_ROW,_COL,PERCENTAGE) VALUES('3-1-1A-4-1','4-1','3-1-1A',34,22,1,4,100);
INSERT INTO CELL(CELL_ID,NAME,CABINET_ID,_SIZE,SEQ,_ROW,_COL,PERCENTAGE) VALUES('3-1-1A-4-2','4-2','3-1-1A',34,23,2,4,0);
INSERT INTO CELL(CELL_ID,NAME,CABINET_ID,_SIZE,SEQ,_ROW,_COL,PERCENTAGE) VALUES('3-1-1A-4-3','4-3','3-1-1A',34,24,3,4,0);
INSERT INTO CELL(CELL_ID,NAME,CABINET_ID,_SIZE,SEQ,_ROW,_COL,PERCENTAGE) VALUES('3-1-1A-4-4','4-4','3-1-1A',34,25,4,4,0);
INSERT INTO CELL(CELL_ID,NAME,CABINET_ID,_SIZE,SEQ,_ROW,_COL,PERCENTAGE) VALUES('3-1-1A-4-5','4-5','3-1-1A',34,26,5,4,50);
INSERT INTO CELL(CELL_ID,NAME,CABINET_ID,_SIZE,SEQ,_ROW,_COL,PERCENTAGE) VALUES('3-1-1A-4-6','4-6','3-1-1A',34,27,6,4,100);
INSERT INTO CELL(CELL_ID,NAME,CABINET_ID,_SIZE,SEQ,_ROW,_COL,PERCENTAGE) VALUES('3-1-1A-4-7','4-7','3-1-1A',34,28,7,4,50);
INSERT INTO CELL(CELL_ID,NAME,CABINET_ID,_SIZE,SEQ,_ROW,_COL,PERCENTAGE) VALUES('3-1-1A-5-1','5-1','3-1-1A',34,29,1,5,100);
INSERT INTO CELL(CELL_ID,NAME,CABINET_ID,_SIZE,SEQ,_ROW,_COL,PERCENTAGE) VALUES('3-1-1A-5-2','5-2','3-1-1A',34,30,2,5,100);
INSERT INTO CELL(CELL_ID,NAME,CABINET_ID,_SIZE,SEQ,_ROW,_COL,PERCENTAGE) VALUES('3-1-1A-5-3','5-3','3-1-1A',34,31,3,5,100);
INSERT INTO CELL(CELL_ID,NAME,CABINET_ID,_SIZE,SEQ,_ROW,_COL,PERCENTAGE) VALUES('3-1-1A-5-4','5-4','3-1-1A',34,32,4,5,100);
INSERT INTO CELL(CELL_ID,NAME,CABINET_ID,_SIZE,SEQ,_ROW,_COL,PERCENTAGE) VALUES('3-1-1A-5-5','5-5','3-1-1A',34,33,5,5,100);
INSERT INTO CELL(CELL_ID,NAME,CABINET_ID,_SIZE,SEQ,_ROW,_COL,PERCENTAGE) VALUES('3-1-1A-5-6','5-6','3-1-1A',34,34,6,5,0);
INSERT INTO CELL(CELL_ID,NAME,CABINET_ID,_SIZE,SEQ,_ROW,_COL,PERCENTAGE) VALUES('3-1-1A-5-7','5-7','3-1-1A',34,35,7,5,0);
INSERT INTO CELL(CELL_ID,NAME,CABINET_ID,_SIZE,SEQ,_ROW,_COL,PERCENTAGE) VALUES('3-1-1A-6-1','6-1','3-1-1A',34,36,1,6,0);
INSERT INTO CELL(CELL_ID,NAME,CABINET_ID,_SIZE,SEQ,_ROW,_COL,PERCENTAGE) VALUES('3-1-1A-6-2','6-2','3-1-1A',34,37,2,6,0);
INSERT INTO CELL(CELL_ID,NAME,CABINET_ID,_SIZE,SEQ,_ROW,_COL,PERCENTAGE) VALUES('3-1-1A-6-3','6-3','3-1-1A',34,38,3,6,50);
INSERT INTO CELL(CELL_ID,NAME,CABINET_ID,_SIZE,SEQ,_ROW,_COL,PERCENTAGE) VALUES('3-1-1A-6-4','6-4','3-1-1A',34,39,4,6,100);
INSERT INTO CELL(CELL_ID,NAME,CABINET_ID,_SIZE,SEQ,_ROW,_COL,PERCENTAGE) VALUES('3-1-1A-6-5','6-5','3-1-1A',34,40,5,6,50);
INSERT INTO CELL(CELL_ID,NAME,CABINET_ID,_SIZE,SEQ,_ROW,_COL,PERCENTAGE) VALUES('3-1-1A-6-6','6-6','3-1-1A',34,41,6,6,100);
INSERT INTO CELL(CELL_ID,NAME,CABINET_ID,_SIZE,SEQ,_ROW,_COL,PERCENTAGE) VALUES('3-1-1A-6-7','6-7','3-1-1A',34,42,7,6,50);

-- 3-1-1B
INSERT INTO CELL(CELL_ID,NAME,CABINET_ID,_SIZE,SEQ,_ROW,_COL,PERCENTAGE) VALUES('3-1-1B-1-1','1-1','3-1-1B',34,1,1,1,0);
INSERT INTO CELL(CELL_ID,NAME,CABINET_ID,_SIZE,SEQ,_ROW,_COL,PERCENTAGE) VALUES('3-1-1B-1-2','1-2','3-1-1B',34,2,2,1,0);
INSERT INTO CELL(CELL_ID,NAME,CABINET_ID,_SIZE,SEQ,_ROW,_COL,PERCENTAGE) VALUES('3-1-1B-1-3','1-3','3-1-1B',34,3,3,1,0);
INSERT INTO CELL(CELL_ID,NAME,CABINET_ID,_SIZE,SEQ,_ROW,_COL,PERCENTAGE) VALUES('3-1-1B-1-4','1-4','3-1-1B',34,4,4,1,0);
INSERT INTO CELL(CELL_ID,NAME,CABINET_ID,_SIZE,SEQ,_ROW,_COL,PERCENTAGE) VALUES('3-1-1B-1-5','1-5','3-1-1B',34,5,5,1,0);
INSERT INTO CELL(CELL_ID,NAME,CABINET_ID,_SIZE,SEQ,_ROW,_COL,PERCENTAGE) VALUES('3-1-1B-1-6','1-6','3-1-1B',34,6,6,1,0);
INSERT INTO CELL(CELL_ID,NAME,CABINET_ID,_SIZE,SEQ,_ROW,_COL,PERCENTAGE) VALUES('3-1-1B-1-7','1-7','3-1-1B',34,7,7,1,0);
INSERT INTO CELL(CELL_ID,NAME,CABINET_ID,_SIZE,SEQ,_ROW,_COL,PERCENTAGE) VALUES('3-1-1B-2-1','2-1','3-1-1B',34,8,1,2,0);
INSERT INTO CELL(CELL_ID,NAME,CABINET_ID,_SIZE,SEQ,_ROW,_COL,PERCENTAGE) VALUES('3-1-1B-2-2','2-2','3-1-1B',34,9,2,2,0);
INSERT INTO CELL(CELL_ID,NAME,CABINET_ID,_SIZE,SEQ,_ROW,_COL,PERCENTAGE) VALUES('3-1-1B-2-3','2-3','3-1-1B',34,10,3,2,0);
INSERT INTO CELL(CELL_ID,NAME,CABINET_ID,_SIZE,SEQ,_ROW,_COL,PERCENTAGE) VALUES('3-1-1B-2-4','2-4','3-1-1B',34,11,4,2,0);
INSERT INTO CELL(CELL_ID,NAME,CABINET_ID,_SIZE,SEQ,_ROW,_COL,PERCENTAGE) VALUES('3-1-1B-2-5','2-5','3-1-1B',34,12,5,2,0);
INSERT INTO CELL(CELL_ID,NAME,CABINET_ID,_SIZE,SEQ,_ROW,_COL,PERCENTAGE) VALUES('3-1-1B-2-6','2-6','3-1-1B',34,13,6,2,0);
INSERT INTO CELL(CELL_ID,NAME,CABINET_ID,_SIZE,SEQ,_ROW,_COL,PERCENTAGE) VALUES('3-1-1B-2-7','2-7','3-1-1B',34,14,7,2,0);
INSERT INTO CELL(CELL_ID,NAME,CABINET_ID,_SIZE,SEQ,_ROW,_COL,PERCENTAGE) VALUES('3-1-1B-3-1','3-1','3-1-1B',34,15,1,3,0);
INSERT INTO CELL(CELL_ID,NAME,CABINET_ID,_SIZE,SEQ,_ROW,_COL,PERCENTAGE) VALUES('3-1-1B-3-2','3-2','3-1-1B',34,16,2,3,0);
INSERT INTO CELL(CELL_ID,NAME,CABINET_ID,_SIZE,SEQ,_ROW,_COL,PERCENTAGE) VALUES('3-1-1B-3-3','3-3','3-1-1B',34,17,3,3,0);
INSERT INTO CELL(CELL_ID,NAME,CABINET_ID,_SIZE,SEQ,_ROW,_COL,PERCENTAGE) VALUES('3-1-1B-3-4','3-4','3-1-1B',34,18,4,3,0);
INSERT INTO CELL(CELL_ID,NAME,CABINET_ID,_SIZE,SEQ,_ROW,_COL,PERCENTAGE) VALUES('3-1-1B-3-5','3-5','3-1-1B',34,19,5,3,0);
INSERT INTO CELL(CELL_ID,NAME,CABINET_ID,_SIZE,SEQ,_ROW,_COL,PERCENTAGE) VALUES('3-1-1B-3-6','3-6','3-1-1B',34,20,6,3,0);
INSERT INTO CELL(CELL_ID,NAME,CABINET_ID,_SIZE,SEQ,_ROW,_COL,PERCENTAGE) VALUES('3-1-1B-3-7','3-7','3-1-1B',34,21,7,3,0);
INSERT INTO CELL(CELL_ID,NAME,CABINET_ID,_SIZE,SEQ,_ROW,_COL,PERCENTAGE) VALUES('3-1-1B-4-1','4-1','3-1-1B',34,22,1,4,0);
INSERT INTO CELL(CELL_ID,NAME,CABINET_ID,_SIZE,SEQ,_ROW,_COL,PERCENTAGE) VALUES('3-1-1B-4-2','4-2','3-1-1B',34,23,2,4,0);
INSERT INTO CELL(CELL_ID,NAME,CABINET_ID,_SIZE,SEQ,_ROW,_COL,PERCENTAGE) VALUES('3-1-1B-4-3','4-3','3-1-1B',34,24,3,4,0);
INSERT INTO CELL(CELL_ID,NAME,CABINET_ID,_SIZE,SEQ,_ROW,_COL,PERCENTAGE) VALUES('3-1-1B-4-4','4-4','3-1-1B',34,25,4,4,0);
INSERT INTO CELL(CELL_ID,NAME,CABINET_ID,_SIZE,SEQ,_ROW,_COL,PERCENTAGE) VALUES('3-1-1B-4-5','4-5','3-1-1B',34,26,5,4,0);
INSERT INTO CELL(CELL_ID,NAME,CABINET_ID,_SIZE,SEQ,_ROW,_COL,PERCENTAGE) VALUES('3-1-1B-4-6','4-6','3-1-1B',34,27,6,4,0);
INSERT INTO CELL(CELL_ID,NAME,CABINET_ID,_SIZE,SEQ,_ROW,_COL,PERCENTAGE) VALUES('3-1-1B-4-7','4-7','3-1-1B',34,28,7,4,0);
INSERT INTO CELL(CELL_ID,NAME,CABINET_ID,_SIZE,SEQ,_ROW,_COL,PERCENTAGE) VALUES('3-1-1B-5-1','5-1','3-1-1B',34,29,1,5,0);
INSERT INTO CELL(CELL_ID,NAME,CABINET_ID,_SIZE,SEQ,_ROW,_COL,PERCENTAGE) VALUES('3-1-1B-5-2','5-2','3-1-1B',34,30,2,5,0);
INSERT INTO CELL(CELL_ID,NAME,CABINET_ID,_SIZE,SEQ,_ROW,_COL,PERCENTAGE) VALUES('3-1-1B-5-3','5-3','3-1-1B',34,31,3,5,0);
INSERT INTO CELL(CELL_ID,NAME,CABINET_ID,_SIZE,SEQ,_ROW,_COL,PERCENTAGE) VALUES('3-1-1B-5-4','5-4','3-1-1B',34,32,4,5,0);
INSERT INTO CELL(CELL_ID,NAME,CABINET_ID,_SIZE,SEQ,_ROW,_COL,PERCENTAGE) VALUES('3-1-1B-5-5','5-5','3-1-1B',34,33,5,5,0);
INSERT INTO CELL(CELL_ID,NAME,CABINET_ID,_SIZE,SEQ,_ROW,_COL,PERCENTAGE) VALUES('3-1-1B-5-6','5-6','3-1-1B',34,34,6,5,0);
INSERT INTO CELL(CELL_ID,NAME,CABINET_ID,_SIZE,SEQ,_ROW,_COL,PERCENTAGE) VALUES('3-1-1B-5-7','5-7','3-1-1B',34,35,7,5,0);
INSERT INTO CELL(CELL_ID,NAME,CABINET_ID,_SIZE,SEQ,_ROW,_COL,PERCENTAGE) VALUES('3-1-1B-6-1','6-1','3-1-1B',34,36,1,6,0);
INSERT INTO CELL(CELL_ID,NAME,CABINET_ID,_SIZE,SEQ,_ROW,_COL,PERCENTAGE) VALUES('3-1-1B-6-2','6-2','3-1-1B',34,37,2,6,0);
INSERT INTO CELL(CELL_ID,NAME,CABINET_ID,_SIZE,SEQ,_ROW,_COL,PERCENTAGE) VALUES('3-1-1B-6-3','6-3','3-1-1B',34,38,3,6,0);
INSERT INTO CELL(CELL_ID,NAME,CABINET_ID,_SIZE,SEQ,_ROW,_COL,PERCENTAGE) VALUES('3-1-1B-6-4','6-4','3-1-1B',34,39,4,6,0);
INSERT INTO CELL(CELL_ID,NAME,CABINET_ID,_SIZE,SEQ,_ROW,_COL,PERCENTAGE) VALUES('3-1-1B-6-5','6-5','3-1-1B',34,40,5,6,0);
INSERT INTO CELL(CELL_ID,NAME,CABINET_ID,_SIZE,SEQ,_ROW,_COL,PERCENTAGE) VALUES('3-1-1B-6-6','6-6','3-1-1B',34,41,6,6,0);
INSERT INTO CELL(CELL_ID,NAME,CABINET_ID,_SIZE,SEQ,_ROW,_COL,PERCENTAGE) VALUES('3-1-1B-6-7','6-7','3-1-1B',34,42,7,6,0);
-- 3-1-2A
INSERT INTO CELL(CELL_ID,NAME,CABINET_ID,_SIZE,SEQ,_ROW,_COL,PERCENTAGE) VALUES('3-1-2A-1-1','1-1','3-1-2A',34,1,1,1,0);
INSERT INTO CELL(CELL_ID,NAME,CABINET_ID,_SIZE,SEQ,_ROW,_COL,PERCENTAGE) VALUES('3-1-2A-1-2','1-2','3-1-2A',34,2,2,1,0);
INSERT INTO CELL(CELL_ID,NAME,CABINET_ID,_SIZE,SEQ,_ROW,_COL,PERCENTAGE) VALUES('3-1-2A-1-3','1-3','3-1-2A',34,3,3,1,0);
INSERT INTO CELL(CELL_ID,NAME,CABINET_ID,_SIZE,SEQ,_ROW,_COL,PERCENTAGE) VALUES('3-1-2A-1-4','1-4','3-1-2A',34,4,4,1,0);
INSERT INTO CELL(CELL_ID,NAME,CABINET_ID,_SIZE,SEQ,_ROW,_COL,PERCENTAGE) VALUES('3-1-2A-1-5','1-5','3-1-2A',34,5,5,1,0);
INSERT INTO CELL(CELL_ID,NAME,CABINET_ID,_SIZE,SEQ,_ROW,_COL,PERCENTAGE) VALUES('3-1-2A-1-6','1-6','3-1-2A',34,6,6,1,0);
INSERT INTO CELL(CELL_ID,NAME,CABINET_ID,_SIZE,SEQ,_ROW,_COL,PERCENTAGE) VALUES('3-1-2A-1-7','1-7','3-1-2A',34,7,7,1,0);
INSERT INTO CELL(CELL_ID,NAME,CABINET_ID,_SIZE,SEQ,_ROW,_COL,PERCENTAGE) VALUES('3-1-2A-2-1','2-1','3-1-2A',34,8,1,2,0);
INSERT INTO CELL(CELL_ID,NAME,CABINET_ID,_SIZE,SEQ,_ROW,_COL,PERCENTAGE) VALUES('3-1-2A-2-2','2-2','3-1-2A',34,9,2,2,0);
INSERT INTO CELL(CELL_ID,NAME,CABINET_ID,_SIZE,SEQ,_ROW,_COL,PERCENTAGE) VALUES('3-1-2A-2-3','2-3','3-1-2A',34,10,3,2,0);
INSERT INTO CELL(CELL_ID,NAME,CABINET_ID,_SIZE,SEQ,_ROW,_COL,PERCENTAGE) VALUES('3-1-2A-2-4','2-4','3-1-2A',34,11,4,2,0);
INSERT INTO CELL(CELL_ID,NAME,CABINET_ID,_SIZE,SEQ,_ROW,_COL,PERCENTAGE) VALUES('3-1-2A-2-5','2-5','3-1-2A',34,12,5,2,0);
INSERT INTO CELL(CELL_ID,NAME,CABINET_ID,_SIZE,SEQ,_ROW,_COL,PERCENTAGE) VALUES('3-1-2A-2-6','2-6','3-1-2A',34,13,6,2,0);
INSERT INTO CELL(CELL_ID,NAME,CABINET_ID,_SIZE,SEQ,_ROW,_COL,PERCENTAGE) VALUES('3-1-2A-2-7','2-7','3-1-2A',34,14,7,2,0);
INSERT INTO CELL(CELL_ID,NAME,CABINET_ID,_SIZE,SEQ,_ROW,_COL,PERCENTAGE) VALUES('3-1-2A-3-1','3-1','3-1-2A',34,15,1,3,0);
INSERT INTO CELL(CELL_ID,NAME,CABINET_ID,_SIZE,SEQ,_ROW,_COL,PERCENTAGE) VALUES('3-1-2A-3-2','3-2','3-1-2A',34,16,2,3,0);
INSERT INTO CELL(CELL_ID,NAME,CABINET_ID,_SIZE,SEQ,_ROW,_COL,PERCENTAGE) VALUES('3-1-2A-3-3','3-3','3-1-2A',34,17,3,3,0);
INSERT INTO CELL(CELL_ID,NAME,CABINET_ID,_SIZE,SEQ,_ROW,_COL,PERCENTAGE) VALUES('3-1-2A-3-4','3-4','3-1-2A',34,18,4,3,0);
INSERT INTO CELL(CELL_ID,NAME,CABINET_ID,_SIZE,SEQ,_ROW,_COL,PERCENTAGE) VALUES('3-1-2A-3-5','3-5','3-1-2A',34,19,5,3,0);
INSERT INTO CELL(CELL_ID,NAME,CABINET_ID,_SIZE,SEQ,_ROW,_COL,PERCENTAGE) VALUES('3-1-2A-3-6','3-6','3-1-2A',34,20,6,3,0);
INSERT INTO CELL(CELL_ID,NAME,CABINET_ID,_SIZE,SEQ,_ROW,_COL,PERCENTAGE) VALUES('3-1-2A-3-7','3-7','3-1-2A',34,21,7,3,0);
INSERT INTO CELL(CELL_ID,NAME,CABINET_ID,_SIZE,SEQ,_ROW,_COL,PERCENTAGE) VALUES('3-1-2A-4-1','4-1','3-1-2A',34,22,1,4,0);
INSERT INTO CELL(CELL_ID,NAME,CABINET_ID,_SIZE,SEQ,_ROW,_COL,PERCENTAGE) VALUES('3-1-2A-4-2','4-2','3-1-2A',34,23,2,4,0);
INSERT INTO CELL(CELL_ID,NAME,CABINET_ID,_SIZE,SEQ,_ROW,_COL,PERCENTAGE) VALUES('3-1-2A-4-3','4-3','3-1-2A',34,24,3,4,0);
INSERT INTO CELL(CELL_ID,NAME,CABINET_ID,_SIZE,SEQ,_ROW,_COL,PERCENTAGE) VALUES('3-1-2A-4-4','4-4','3-1-2A',34,25,4,4,0);
INSERT INTO CELL(CELL_ID,NAME,CABINET_ID,_SIZE,SEQ,_ROW,_COL,PERCENTAGE) VALUES('3-1-2A-4-5','4-5','3-1-2A',34,26,5,4,0);
INSERT INTO CELL(CELL_ID,NAME,CABINET_ID,_SIZE,SEQ,_ROW,_COL,PERCENTAGE) VALUES('3-1-2A-4-6','4-6','3-1-2A',34,27,6,4,0);
INSERT INTO CELL(CELL_ID,NAME,CABINET_ID,_SIZE,SEQ,_ROW,_COL,PERCENTAGE) VALUES('3-1-2A-4-7','4-7','3-1-2A',34,28,7,4,0);
INSERT INTO CELL(CELL_ID,NAME,CABINET_ID,_SIZE,SEQ,_ROW,_COL,PERCENTAGE) VALUES('3-1-2A-5-1','5-1','3-1-2A',34,29,1,5,0);
INSERT INTO CELL(CELL_ID,NAME,CABINET_ID,_SIZE,SEQ,_ROW,_COL,PERCENTAGE) VALUES('3-1-2A-5-2','5-2','3-1-2A',34,30,2,5,0);
INSERT INTO CELL(CELL_ID,NAME,CABINET_ID,_SIZE,SEQ,_ROW,_COL,PERCENTAGE) VALUES('3-1-2A-5-3','5-3','3-1-2A',34,31,3,5,0);
INSERT INTO CELL(CELL_ID,NAME,CABINET_ID,_SIZE,SEQ,_ROW,_COL,PERCENTAGE) VALUES('3-1-2A-5-4','5-4','3-1-2A',34,32,4,5,0);
INSERT INTO CELL(CELL_ID,NAME,CABINET_ID,_SIZE,SEQ,_ROW,_COL,PERCENTAGE) VALUES('3-1-2A-5-5','5-5','3-1-2A',34,33,5,5,0);
INSERT INTO CELL(CELL_ID,NAME,CABINET_ID,_SIZE,SEQ,_ROW,_COL,PERCENTAGE) VALUES('3-1-2A-5-6','5-6','3-1-2A',34,34,6,5,0);
INSERT INTO CELL(CELL_ID,NAME,CABINET_ID,_SIZE,SEQ,_ROW,_COL,PERCENTAGE) VALUES('3-1-2A-5-7','5-7','3-1-2A',34,35,7,5,0);
INSERT INTO CELL(CELL_ID,NAME,CABINET_ID,_SIZE,SEQ,_ROW,_COL,PERCENTAGE) VALUES('3-1-2A-6-1','6-1','3-1-2A',34,36,1,6,0);
INSERT INTO CELL(CELL_ID,NAME,CABINET_ID,_SIZE,SEQ,_ROW,_COL,PERCENTAGE) VALUES('3-1-2A-6-2','6-2','3-1-2A',34,37,2,6,0);
INSERT INTO CELL(CELL_ID,NAME,CABINET_ID,_SIZE,SEQ,_ROW,_COL,PERCENTAGE) VALUES('3-1-2A-6-3','6-3','3-1-2A',34,38,3,6,0);
INSERT INTO CELL(CELL_ID,NAME,CABINET_ID,_SIZE,SEQ,_ROW,_COL,PERCENTAGE) VALUES('3-1-2A-6-4','6-4','3-1-2A',34,39,4,6,0);
INSERT INTO CELL(CELL_ID,NAME,CABINET_ID,_SIZE,SEQ,_ROW,_COL,PERCENTAGE) VALUES('3-1-2A-6-5','6-5','3-1-2A',34,40,5,6,0);
INSERT INTO CELL(CELL_ID,NAME,CABINET_ID,_SIZE,SEQ,_ROW,_COL,PERCENTAGE) VALUES('3-1-2A-6-6','6-6','3-1-2A',34,41,6,6,0);
INSERT INTO CELL(CELL_ID,NAME,CABINET_ID,_SIZE,SEQ,_ROW,_COL,PERCENTAGE) VALUES('3-1-2A-6-7','6-7','3-1-2A',34,42,7,6,0);
-- 3-1-2B
INSERT INTO CELL(CELL_ID,NAME,CABINET_ID,_SIZE,SEQ,_ROW,_COL,PERCENTAGE) VALUES('3-1-2B-1-1','1-1','3-1-2B',34,1,1,1,100);
INSERT INTO CELL(CELL_ID,NAME,CABINET_ID,_SIZE,SEQ,_ROW,_COL,PERCENTAGE) VALUES('3-1-2B-1-2','1-2','3-1-2B',34,2,2,1,100);
INSERT INTO CELL(CELL_ID,NAME,CABINET_ID,_SIZE,SEQ,_ROW,_COL,PERCENTAGE) VALUES('3-1-2B-1-3','1-3','3-1-2B',34,3,3,1,100);
INSERT INTO CELL(CELL_ID,NAME,CABINET_ID,_SIZE,SEQ,_ROW,_COL,PERCENTAGE) VALUES('3-1-2B-1-4','1-4','3-1-2B',34,4,4,1,100);
INSERT INTO CELL(CELL_ID,NAME,CABINET_ID,_SIZE,SEQ,_ROW,_COL,PERCENTAGE) VALUES('3-1-2B-1-5','1-5','3-1-2B',34,5,5,1,100);
INSERT INTO CELL(CELL_ID,NAME,CABINET_ID,_SIZE,SEQ,_ROW,_COL,PERCENTAGE) VALUES('3-1-2B-1-6','1-6','3-1-2B',34,6,6,1,100);
INSERT INTO CELL(CELL_ID,NAME,CABINET_ID,_SIZE,SEQ,_ROW,_COL,PERCENTAGE) VALUES('3-1-2B-1-7','1-7','3-1-2B',34,7,7,1,100);
INSERT INTO CELL(CELL_ID,NAME,CABINET_ID,_SIZE,SEQ,_ROW,_COL,PERCENTAGE) VALUES('3-1-2B-2-1','2-1','3-1-2B',34,8,1,2,100);
INSERT INTO CELL(CELL_ID,NAME,CABINET_ID,_SIZE,SEQ,_ROW,_COL,PERCENTAGE) VALUES('3-1-2B-2-2','2-2','3-1-2B',34,9,2,2,100);
INSERT INTO CELL(CELL_ID,NAME,CABINET_ID,_SIZE,SEQ,_ROW,_COL,PERCENTAGE) VALUES('3-1-2B-2-3','2-3','3-1-2B',34,10,3,2,100);
INSERT INTO CELL(CELL_ID,NAME,CABINET_ID,_SIZE,SEQ,_ROW,_COL,PERCENTAGE) VALUES('3-1-2B-2-4','2-4','3-1-2B',34,11,4,2,100);
INSERT INTO CELL(CELL_ID,NAME,CABINET_ID,_SIZE,SEQ,_ROW,_COL,PERCENTAGE) VALUES('3-1-2B-2-5','2-5','3-1-2B',34,12,5,2,100);
INSERT INTO CELL(CELL_ID,NAME,CABINET_ID,_SIZE,SEQ,_ROW,_COL,PERCENTAGE) VALUES('3-1-2B-2-6','2-6','3-1-2B',34,13,6,2,100);
INSERT INTO CELL(CELL_ID,NAME,CABINET_ID,_SIZE,SEQ,_ROW,_COL,PERCENTAGE) VALUES('3-1-2B-2-7','2-7','3-1-2B',34,14,7,2,100);
INSERT INTO CELL(CELL_ID,NAME,CABINET_ID,_SIZE,SEQ,_ROW,_COL,PERCENTAGE) VALUES('3-1-2B-3-1','3-1','3-1-2B',34,15,1,3,100);
INSERT INTO CELL(CELL_ID,NAME,CABINET_ID,_SIZE,SEQ,_ROW,_COL,PERCENTAGE) VALUES('3-1-2B-3-2','3-2','3-1-2B',34,16,2,3,100);
INSERT INTO CELL(CELL_ID,NAME,CABINET_ID,_SIZE,SEQ,_ROW,_COL,PERCENTAGE) VALUES('3-1-2B-3-3','3-3','3-1-2B',34,17,3,3,100);
INSERT INTO CELL(CELL_ID,NAME,CABINET_ID,_SIZE,SEQ,_ROW,_COL,PERCENTAGE) VALUES('3-1-2B-3-4','3-4','3-1-2B',34,18,4,3,100);
INSERT INTO CELL(CELL_ID,NAME,CABINET_ID,_SIZE,SEQ,_ROW,_COL,PERCENTAGE) VALUES('3-1-2B-3-5','3-5','3-1-2B',34,19,5,3,100);
INSERT INTO CELL(CELL_ID,NAME,CABINET_ID,_SIZE,SEQ,_ROW,_COL,PERCENTAGE) VALUES('3-1-2B-3-6','3-6','3-1-2B',34,20,6,3,100);
INSERT INTO CELL(CELL_ID,NAME,CABINET_ID,_SIZE,SEQ,_ROW,_COL,PERCENTAGE) VALUES('3-1-2B-3-7','3-7','3-1-2B',34,21,7,3,100);
INSERT INTO CELL(CELL_ID,NAME,CABINET_ID,_SIZE,SEQ,_ROW,_COL,PERCENTAGE) VALUES('3-1-2B-4-1','4-1','3-1-2B',34,22,1,4,0);
INSERT INTO CELL(CELL_ID,NAME,CABINET_ID,_SIZE,SEQ,_ROW,_COL,PERCENTAGE) VALUES('3-1-2B-4-2','4-2','3-1-2B',34,23,2,4,100);
INSERT INTO CELL(CELL_ID,NAME,CABINET_ID,_SIZE,SEQ,_ROW,_COL,PERCENTAGE) VALUES('3-1-2B-4-3','4-3','3-1-2B',34,24,3,4,100);
INSERT INTO CELL(CELL_ID,NAME,CABINET_ID,_SIZE,SEQ,_ROW,_COL,PERCENTAGE) VALUES('3-1-2B-4-4','4-4','3-1-2B',34,25,4,4,100);
INSERT INTO CELL(CELL_ID,NAME,CABINET_ID,_SIZE,SEQ,_ROW,_COL,PERCENTAGE) VALUES('3-1-2B-4-5','4-5','3-1-2B',34,26,5,4,100);
INSERT INTO CELL(CELL_ID,NAME,CABINET_ID,_SIZE,SEQ,_ROW,_COL,PERCENTAGE) VALUES('3-1-2B-4-6','4-6','3-1-2B',34,27,6,4,100);
INSERT INTO CELL(CELL_ID,NAME,CABINET_ID,_SIZE,SEQ,_ROW,_COL,PERCENTAGE) VALUES('3-1-2B-4-7','4-7','3-1-2B',34,28,7,4,100);
INSERT INTO CELL(CELL_ID,NAME,CABINET_ID,_SIZE,SEQ,_ROW,_COL,PERCENTAGE) VALUES('3-1-2B-5-1','5-1','3-1-2B',34,29,1,5,0);
INSERT INTO CELL(CELL_ID,NAME,CABINET_ID,_SIZE,SEQ,_ROW,_COL,PERCENTAGE) VALUES('3-1-2B-5-2','5-2','3-1-2B',34,30,2,5,0);
INSERT INTO CELL(CELL_ID,NAME,CABINET_ID,_SIZE,SEQ,_ROW,_COL,PERCENTAGE) VALUES('3-1-2B-5-3','5-3','3-1-2B',34,31,3,5,0);
INSERT INTO CELL(CELL_ID,NAME,CABINET_ID,_SIZE,SEQ,_ROW,_COL,PERCENTAGE) VALUES('3-1-2B-5-4','5-4','3-1-2B',34,32,4,5,50);
INSERT INTO CELL(CELL_ID,NAME,CABINET_ID,_SIZE,SEQ,_ROW,_COL,PERCENTAGE) VALUES('3-1-2B-5-5','5-5','3-1-2B',34,33,5,5,100);
INSERT INTO CELL(CELL_ID,NAME,CABINET_ID,_SIZE,SEQ,_ROW,_COL,PERCENTAGE) VALUES('3-1-2B-5-6','5-6','3-1-2B',34,34,6,5,50);
INSERT INTO CELL(CELL_ID,NAME,CABINET_ID,_SIZE,SEQ,_ROW,_COL,PERCENTAGE) VALUES('3-1-2B-5-7','5-7','3-1-2B',34,35,7,5,100);
INSERT INTO CELL(CELL_ID,NAME,CABINET_ID,_SIZE,SEQ,_ROW,_COL,PERCENTAGE) VALUES('3-1-2B-6-1','6-1','3-1-2B',34,36,1,6,0);
INSERT INTO CELL(CELL_ID,NAME,CABINET_ID,_SIZE,SEQ,_ROW,_COL,PERCENTAGE) VALUES('3-1-2B-6-2','6-2','3-1-2B',34,37,2,6,0);
INSERT INTO CELL(CELL_ID,NAME,CABINET_ID,_SIZE,SEQ,_ROW,_COL,PERCENTAGE) VALUES('3-1-2B-6-3','6-3','3-1-2B',34,38,3,6,0);
INSERT INTO CELL(CELL_ID,NAME,CABINET_ID,_SIZE,SEQ,_ROW,_COL,PERCENTAGE) VALUES('3-1-2B-6-4','6-4','3-1-2B',34,39,4,6,0);
INSERT INTO CELL(CELL_ID,NAME,CABINET_ID,_SIZE,SEQ,_ROW,_COL,PERCENTAGE) VALUES('3-1-2B-6-5','6-5','3-1-2B',34,40,5,6,0);
INSERT INTO CELL(CELL_ID,NAME,CABINET_ID,_SIZE,SEQ,_ROW,_COL,PERCENTAGE) VALUES('3-1-2B-6-6','6-6','3-1-2B',34,41,6,6,0);
INSERT INTO CELL(CELL_ID,NAME,CABINET_ID,_SIZE,SEQ,_ROW,_COL,PERCENTAGE) VALUES('3-1-2B-6-7','6-7','3-1-2B',34,42,7,6,0);
-- 3-1-3A
INSERT INTO CELL(CELL_ID,NAME,CABINET_ID,_SIZE,SEQ,_ROW,_COL,PERCENTAGE) VALUES('3-1-3A-1-1','1-1','3-1-3A',34,1,1,1,0);
INSERT INTO CELL(CELL_ID,NAME,CABINET_ID,_SIZE,SEQ,_ROW,_COL,PERCENTAGE) VALUES('3-1-3A-1-2','1-2','3-1-3A',34,2,2,1,0);
INSERT INTO CELL(CELL_ID,NAME,CABINET_ID,_SIZE,SEQ,_ROW,_COL,PERCENTAGE) VALUES('3-1-3A-1-3','1-3','3-1-3A',34,3,3,1,0);
INSERT INTO CELL(CELL_ID,NAME,CABINET_ID,_SIZE,SEQ,_ROW,_COL,PERCENTAGE) VALUES('3-1-3A-1-4','1-4','3-1-3A',34,4,4,1,0);
INSERT INTO CELL(CELL_ID,NAME,CABINET_ID,_SIZE,SEQ,_ROW,_COL,PERCENTAGE) VALUES('3-1-3A-1-5','1-5','3-1-3A',34,5,5,1,0);
INSERT INTO CELL(CELL_ID,NAME,CABINET_ID,_SIZE,SEQ,_ROW,_COL,PERCENTAGE) VALUES('3-1-3A-1-6','1-6','3-1-3A',34,6,6,1,0);
INSERT INTO CELL(CELL_ID,NAME,CABINET_ID,_SIZE,SEQ,_ROW,_COL,PERCENTAGE) VALUES('3-1-3A-1-7','1-7','3-1-3A',34,7,7,1,0);
INSERT INTO CELL(CELL_ID,NAME,CABINET_ID,_SIZE,SEQ,_ROW,_COL,PERCENTAGE) VALUES('3-1-3A-2-1','2-1','3-1-3A',34,8,1,2,0);
INSERT INTO CELL(CELL_ID,NAME,CABINET_ID,_SIZE,SEQ,_ROW,_COL,PERCENTAGE) VALUES('3-1-3A-2-2','2-2','3-1-3A',34,9,2,2,0);
INSERT INTO CELL(CELL_ID,NAME,CABINET_ID,_SIZE,SEQ,_ROW,_COL,PERCENTAGE) VALUES('3-1-3A-2-3','2-3','3-1-3A',34,10,3,2,0);
INSERT INTO CELL(CELL_ID,NAME,CABINET_ID,_SIZE,SEQ,_ROW,_COL,PERCENTAGE) VALUES('3-1-3A-2-4','2-4','3-1-3A',34,11,4,2,0);
INSERT INTO CELL(CELL_ID,NAME,CABINET_ID,_SIZE,SEQ,_ROW,_COL,PERCENTAGE) VALUES('3-1-3A-2-5','2-5','3-1-3A',34,12,5,2,0);
INSERT INTO CELL(CELL_ID,NAME,CABINET_ID,_SIZE,SEQ,_ROW,_COL,PERCENTAGE) VALUES('3-1-3A-2-6','2-6','3-1-3A',34,13,6,2,0);
INSERT INTO CELL(CELL_ID,NAME,CABINET_ID,_SIZE,SEQ,_ROW,_COL,PERCENTAGE) VALUES('3-1-3A-2-7','2-7','3-1-3A',34,14,7,2,0);
INSERT INTO CELL(CELL_ID,NAME,CABINET_ID,_SIZE,SEQ,_ROW,_COL,PERCENTAGE) VALUES('3-1-3A-3-1','3-1','3-1-3A',34,15,1,3,0);
INSERT INTO CELL(CELL_ID,NAME,CABINET_ID,_SIZE,SEQ,_ROW,_COL,PERCENTAGE) VALUES('3-1-3A-3-2','3-2','3-1-3A',34,16,2,3,0);
INSERT INTO CELL(CELL_ID,NAME,CABINET_ID,_SIZE,SEQ,_ROW,_COL,PERCENTAGE) VALUES('3-1-3A-3-3','3-3','3-1-3A',34,17,3,3,0);
INSERT INTO CELL(CELL_ID,NAME,CABINET_ID,_SIZE,SEQ,_ROW,_COL,PERCENTAGE) VALUES('3-1-3A-3-4','3-4','3-1-3A',34,18,4,3,0);
INSERT INTO CELL(CELL_ID,NAME,CABINET_ID,_SIZE,SEQ,_ROW,_COL,PERCENTAGE) VALUES('3-1-3A-3-5','3-5','3-1-3A',34,19,5,3,0);
INSERT INTO CELL(CELL_ID,NAME,CABINET_ID,_SIZE,SEQ,_ROW,_COL,PERCENTAGE) VALUES('3-1-3A-3-6','3-6','3-1-3A',34,20,6,3,0);
INSERT INTO CELL(CELL_ID,NAME,CABINET_ID,_SIZE,SEQ,_ROW,_COL,PERCENTAGE) VALUES('3-1-3A-3-7','3-7','3-1-3A',34,21,7,3,0);
INSERT INTO CELL(CELL_ID,NAME,CABINET_ID,_SIZE,SEQ,_ROW,_COL,PERCENTAGE) VALUES('3-1-3A-4-1','4-1','3-1-3A',34,22,1,4,0);
INSERT INTO CELL(CELL_ID,NAME,CABINET_ID,_SIZE,SEQ,_ROW,_COL,PERCENTAGE) VALUES('3-1-3A-4-2','4-2','3-1-3A',34,23,2,4,0);
INSERT INTO CELL(CELL_ID,NAME,CABINET_ID,_SIZE,SEQ,_ROW,_COL,PERCENTAGE) VALUES('3-1-3A-4-3','4-3','3-1-3A',34,24,3,4,0);
INSERT INTO CELL(CELL_ID,NAME,CABINET_ID,_SIZE,SEQ,_ROW,_COL,PERCENTAGE) VALUES('3-1-3A-4-4','4-4','3-1-3A',34,25,4,4,0);
INSERT INTO CELL(CELL_ID,NAME,CABINET_ID,_SIZE,SEQ,_ROW,_COL,PERCENTAGE) VALUES('3-1-3A-4-5','4-5','3-1-3A',34,26,5,4,0);
INSERT INTO CELL(CELL_ID,NAME,CABINET_ID,_SIZE,SEQ,_ROW,_COL,PERCENTAGE) VALUES('3-1-3A-4-6','4-6','3-1-3A',34,27,6,4,0);
INSERT INTO CELL(CELL_ID,NAME,CABINET_ID,_SIZE,SEQ,_ROW,_COL,PERCENTAGE) VALUES('3-1-3A-4-7','4-7','3-1-3A',34,28,7,4,0);
INSERT INTO CELL(CELL_ID,NAME,CABINET_ID,_SIZE,SEQ,_ROW,_COL,PERCENTAGE) VALUES('3-1-3A-5-1','5-1','3-1-3A',34,29,1,5,0);
INSERT INTO CELL(CELL_ID,NAME,CABINET_ID,_SIZE,SEQ,_ROW,_COL,PERCENTAGE) VALUES('3-1-3A-5-2','5-2','3-1-3A',34,30,2,5,0);
INSERT INTO CELL(CELL_ID,NAME,CABINET_ID,_SIZE,SEQ,_ROW,_COL,PERCENTAGE) VALUES('3-1-3A-5-3','5-3','3-1-3A',34,31,3,5,0);
INSERT INTO CELL(CELL_ID,NAME,CABINET_ID,_SIZE,SEQ,_ROW,_COL,PERCENTAGE) VALUES('3-1-3A-5-4','5-4','3-1-3A',34,32,4,5,0);
INSERT INTO CELL(CELL_ID,NAME,CABINET_ID,_SIZE,SEQ,_ROW,_COL,PERCENTAGE) VALUES('3-1-3A-5-5','5-5','3-1-3A',34,33,5,5,0);
INSERT INTO CELL(CELL_ID,NAME,CABINET_ID,_SIZE,SEQ,_ROW,_COL,PERCENTAGE) VALUES('3-1-3A-5-6','5-6','3-1-3A',34,34,6,5,0);
INSERT INTO CELL(CELL_ID,NAME,CABINET_ID,_SIZE,SEQ,_ROW,_COL,PERCENTAGE) VALUES('3-1-3A-5-7','5-7','3-1-3A',34,35,7,5,0);
INSERT INTO CELL(CELL_ID,NAME,CABINET_ID,_SIZE,SEQ,_ROW,_COL,PERCENTAGE) VALUES('3-1-3A-6-1','6-1','3-1-3A',34,36,1,6,0);
INSERT INTO CELL(CELL_ID,NAME,CABINET_ID,_SIZE,SEQ,_ROW,_COL,PERCENTAGE) VALUES('3-1-3A-6-2','6-2','3-1-3A',34,37,2,6,0);
INSERT INTO CELL(CELL_ID,NAME,CABINET_ID,_SIZE,SEQ,_ROW,_COL,PERCENTAGE) VALUES('3-1-3A-6-3','6-3','3-1-3A',34,38,3,6,0);
INSERT INTO CELL(CELL_ID,NAME,CABINET_ID,_SIZE,SEQ,_ROW,_COL,PERCENTAGE) VALUES('3-1-3A-6-4','6-4','3-1-3A',34,39,4,6,0);
INSERT INTO CELL(CELL_ID,NAME,CABINET_ID,_SIZE,SEQ,_ROW,_COL,PERCENTAGE) VALUES('3-1-3A-6-5','6-5','3-1-3A',34,40,5,6,0);
INSERT INTO CELL(CELL_ID,NAME,CABINET_ID,_SIZE,SEQ,_ROW,_COL,PERCENTAGE) VALUES('3-1-3A-6-6','6-6','3-1-3A',34,41,6,6,100);
INSERT INTO CELL(CELL_ID,NAME,CABINET_ID,_SIZE,SEQ,_ROW,_COL,PERCENTAGE) VALUES('3-1-3A-6-7','6-7','3-1-3A',34,42,7,6,100);

-- 3-1-3B
INSERT INTO CELL(CELL_ID,NAME,CABINET_ID,_SIZE,SEQ,_ROW,_COL,PERCENTAGE) VALUES('3-1-3B-1-1','1-1','3-1-3B',34,1,1,1,0);
INSERT INTO CELL(CELL_ID,NAME,CABINET_ID,_SIZE,SEQ,_ROW,_COL,PERCENTAGE) VALUES('3-1-3B-1-2','1-2','3-1-3B',34,2,2,1,0);
INSERT INTO CELL(CELL_ID,NAME,CABINET_ID,_SIZE,SEQ,_ROW,_COL,PERCENTAGE) VALUES('3-1-3B-1-3','1-3','3-1-3B',34,3,3,1,0);
INSERT INTO CELL(CELL_ID,NAME,CABINET_ID,_SIZE,SEQ,_ROW,_COL,PERCENTAGE) VALUES('3-1-3B-1-4','1-4','3-1-3B',34,4,4,1,0);
INSERT INTO CELL(CELL_ID,NAME,CABINET_ID,_SIZE,SEQ,_ROW,_COL,PERCENTAGE) VALUES('3-1-3B-1-5','1-5','3-1-3B',34,5,5,1,0);
INSERT INTO CELL(CELL_ID,NAME,CABINET_ID,_SIZE,SEQ,_ROW,_COL,PERCENTAGE) VALUES('3-1-3B-1-6','1-6','3-1-3B',34,6,6,1,0);
INSERT INTO CELL(CELL_ID,NAME,CABINET_ID,_SIZE,SEQ,_ROW,_COL,PERCENTAGE) VALUES('3-1-3B-1-7','1-7','3-1-3B',34,7,7,1,0);
INSERT INTO CELL(CELL_ID,NAME,CABINET_ID,_SIZE,SEQ,_ROW,_COL,PERCENTAGE) VALUES('3-1-3B-2-1','2-1','3-1-3B',34,8,1,2,0);
INSERT INTO CELL(CELL_ID,NAME,CABINET_ID,_SIZE,SEQ,_ROW,_COL,PERCENTAGE) VALUES('3-1-3B-2-2','2-2','3-1-3B',34,9,2,2,0);
INSERT INTO CELL(CELL_ID,NAME,CABINET_ID,_SIZE,SEQ,_ROW,_COL,PERCENTAGE) VALUES('3-1-3B-2-3','2-3','3-1-3B',34,10,3,2,0);
INSERT INTO CELL(CELL_ID,NAME,CABINET_ID,_SIZE,SEQ,_ROW,_COL,PERCENTAGE) VALUES('3-1-3B-2-4','2-4','3-1-3B',34,11,4,2,0);
INSERT INTO CELL(CELL_ID,NAME,CABINET_ID,_SIZE,SEQ,_ROW,_COL,PERCENTAGE) VALUES('3-1-3B-2-5','2-5','3-1-3B',34,12,5,2,0);
INSERT INTO CELL(CELL_ID,NAME,CABINET_ID,_SIZE,SEQ,_ROW,_COL,PERCENTAGE) VALUES('3-1-3B-2-6','2-6','3-1-3B',34,13,6,2,0);
INSERT INTO CELL(CELL_ID,NAME,CABINET_ID,_SIZE,SEQ,_ROW,_COL,PERCENTAGE) VALUES('3-1-3B-2-7','2-7','3-1-3B',34,14,7,2,0);
INSERT INTO CELL(CELL_ID,NAME,CABINET_ID,_SIZE,SEQ,_ROW,_COL,PERCENTAGE) VALUES('3-1-3B-3-1','3-1','3-1-3B',34,15,1,3,0);
INSERT INTO CELL(CELL_ID,NAME,CABINET_ID,_SIZE,SEQ,_ROW,_COL,PERCENTAGE) VALUES('3-1-3B-3-2','3-2','3-1-3B',34,16,2,3,0);
INSERT INTO CELL(CELL_ID,NAME,CABINET_ID,_SIZE,SEQ,_ROW,_COL,PERCENTAGE) VALUES('3-1-3B-3-3','3-3','3-1-3B',34,17,3,3,0);
INSERT INTO CELL(CELL_ID,NAME,CABINET_ID,_SIZE,SEQ,_ROW,_COL,PERCENTAGE) VALUES('3-1-3B-3-4','3-4','3-1-3B',34,18,4,3,0);
INSERT INTO CELL(CELL_ID,NAME,CABINET_ID,_SIZE,SEQ,_ROW,_COL,PERCENTAGE) VALUES('3-1-3B-3-5','3-5','3-1-3B',34,19,5,3,0);
INSERT INTO CELL(CELL_ID,NAME,CABINET_ID,_SIZE,SEQ,_ROW,_COL,PERCENTAGE) VALUES('3-1-3B-3-6','3-6','3-1-3B',34,20,6,3,0);
INSERT INTO CELL(CELL_ID,NAME,CABINET_ID,_SIZE,SEQ,_ROW,_COL,PERCENTAGE) VALUES('3-1-3B-3-7','3-7','3-1-3B',34,21,7,3,0);
INSERT INTO CELL(CELL_ID,NAME,CABINET_ID,_SIZE,SEQ,_ROW,_COL,PERCENTAGE) VALUES('3-1-3B-4-1','4-1','3-1-3B',34,22,1,4,0);
INSERT INTO CELL(CELL_ID,NAME,CABINET_ID,_SIZE,SEQ,_ROW,_COL,PERCENTAGE) VALUES('3-1-3B-4-2','4-2','3-1-3B',34,23,2,4,0);
INSERT INTO CELL(CELL_ID,NAME,CABINET_ID,_SIZE,SEQ,_ROW,_COL,PERCENTAGE) VALUES('3-1-3B-4-3','4-3','3-1-3B',34,24,3,4,0);
INSERT INTO CELL(CELL_ID,NAME,CABINET_ID,_SIZE,SEQ,_ROW,_COL,PERCENTAGE) VALUES('3-1-3B-4-4','4-4','3-1-3B',34,25,4,4,0);
INSERT INTO CELL(CELL_ID,NAME,CABINET_ID,_SIZE,SEQ,_ROW,_COL,PERCENTAGE) VALUES('3-1-3B-4-5','4-5','3-1-3B',34,26,5,4,0);
INSERT INTO CELL(CELL_ID,NAME,CABINET_ID,_SIZE,SEQ,_ROW,_COL,PERCENTAGE) VALUES('3-1-3B-4-6','4-6','3-1-3B',34,27,6,4,0);
INSERT INTO CELL(CELL_ID,NAME,CABINET_ID,_SIZE,SEQ,_ROW,_COL,PERCENTAGE) VALUES('3-1-3B-4-7','4-7','3-1-3B',34,28,7,4,0);
INSERT INTO CELL(CELL_ID,NAME,CABINET_ID,_SIZE,SEQ,_ROW,_COL,PERCENTAGE) VALUES('3-1-3B-5-1','5-1','3-1-3B',34,29,1,5,0);
INSERT INTO CELL(CELL_ID,NAME,CABINET_ID,_SIZE,SEQ,_ROW,_COL,PERCENTAGE) VALUES('3-1-3B-5-2','5-2','3-1-3B',34,30,2,5,0);
INSERT INTO CELL(CELL_ID,NAME,CABINET_ID,_SIZE,SEQ,_ROW,_COL,PERCENTAGE) VALUES('3-1-3B-5-3','5-3','3-1-3B',34,31,3,5,0);
INSERT INTO CELL(CELL_ID,NAME,CABINET_ID,_SIZE,SEQ,_ROW,_COL,PERCENTAGE) VALUES('3-1-3B-5-4','5-4','3-1-3B',34,32,4,5,0);
INSERT INTO CELL(CELL_ID,NAME,CABINET_ID,_SIZE,SEQ,_ROW,_COL,PERCENTAGE) VALUES('3-1-3B-5-5','5-5','3-1-3B',34,33,5,5,0);
INSERT INTO CELL(CELL_ID,NAME,CABINET_ID,_SIZE,SEQ,_ROW,_COL,PERCENTAGE) VALUES('3-1-3B-5-6','5-6','3-1-3B',34,34,6,5,0);
INSERT INTO CELL(CELL_ID,NAME,CABINET_ID,_SIZE,SEQ,_ROW,_COL,PERCENTAGE) VALUES('3-1-3B-5-7','5-7','3-1-3B',34,35,7,5,0);
INSERT INTO CELL(CELL_ID,NAME,CABINET_ID,_SIZE,SEQ,_ROW,_COL,PERCENTAGE) VALUES('3-1-3B-6-1','6-1','3-1-3B',34,36,1,6,0);
INSERT INTO CELL(CELL_ID,NAME,CABINET_ID,_SIZE,SEQ,_ROW,_COL,PERCENTAGE) VALUES('3-1-3B-6-2','6-2','3-1-3B',34,37,2,6,0);
INSERT INTO CELL(CELL_ID,NAME,CABINET_ID,_SIZE,SEQ,_ROW,_COL,PERCENTAGE) VALUES('3-1-3B-6-3','6-3','3-1-3B',34,38,3,6,0);
INSERT INTO CELL(CELL_ID,NAME,CABINET_ID,_SIZE,SEQ,_ROW,_COL,PERCENTAGE) VALUES('3-1-3B-6-4','6-4','3-1-3B',34,39,4,6,0);
INSERT INTO CELL(CELL_ID,NAME,CABINET_ID,_SIZE,SEQ,_ROW,_COL,PERCENTAGE) VALUES('3-1-3B-6-5','6-5','3-1-3B',34,40,5,6,0);
INSERT INTO CELL(CELL_ID,NAME,CABINET_ID,_SIZE,SEQ,_ROW,_COL,PERCENTAGE) VALUES('3-1-3B-6-6','6-6','3-1-3B',34,41,6,6,0);
INSERT INTO CELL(CELL_ID,NAME,CABINET_ID,_SIZE,SEQ,_ROW,_COL,PERCENTAGE) VALUES('3-1-3B-6-7','6-7','3-1-3B',34,42,7,6,0);


-- 3-1-4A
INSERT INTO CELL(CELL_ID,NAME,CABINET_ID,_SIZE,SEQ,_ROW,_COL,PERCENTAGE) VALUES('3-1-4A-1-1','1-1','3-1-4A',34,1,1,1,0);
INSERT INTO CELL(CELL_ID,NAME,CABINET_ID,_SIZE,SEQ,_ROW,_COL,PERCENTAGE) VALUES('3-1-4A-1-2','1-2','3-1-4A',34,2,2,1,0);
INSERT INTO CELL(CELL_ID,NAME,CABINET_ID,_SIZE,SEQ,_ROW,_COL,PERCENTAGE) VALUES('3-1-4A-1-3','1-3','3-1-4A',34,3,3,1,0);
INSERT INTO CELL(CELL_ID,NAME,CABINET_ID,_SIZE,SEQ,_ROW,_COL,PERCENTAGE) VALUES('3-1-4A-1-4','1-4','3-1-4A',34,4,4,1,0);
INSERT INTO CELL(CELL_ID,NAME,CABINET_ID,_SIZE,SEQ,_ROW,_COL,PERCENTAGE) VALUES('3-1-4A-1-5','1-5','3-1-4A',34,5,5,1,0);
INSERT INTO CELL(CELL_ID,NAME,CABINET_ID,_SIZE,SEQ,_ROW,_COL,PERCENTAGE) VALUES('3-1-4A-1-6','1-6','3-1-4A',34,6,6,1,0);
INSERT INTO CELL(CELL_ID,NAME,CABINET_ID,_SIZE,SEQ,_ROW,_COL,PERCENTAGE) VALUES('3-1-4A-1-7','1-7','3-1-4A',34,7,7,1,0);
INSERT INTO CELL(CELL_ID,NAME,CABINET_ID,_SIZE,SEQ,_ROW,_COL,PERCENTAGE) VALUES('3-1-4A-2-1','2-1','3-1-4A',34,8,1,2,0);
INSERT INTO CELL(CELL_ID,NAME,CABINET_ID,_SIZE,SEQ,_ROW,_COL,PERCENTAGE) VALUES('3-1-4A-2-2','2-2','3-1-4A',34,9,2,2,0);
INSERT INTO CELL(CELL_ID,NAME,CABINET_ID,_SIZE,SEQ,_ROW,_COL,PERCENTAGE) VALUES('3-1-4A-2-3','2-3','3-1-4A',34,10,3,2,0);
INSERT INTO CELL(CELL_ID,NAME,CABINET_ID,_SIZE,SEQ,_ROW,_COL,PERCENTAGE) VALUES('3-1-4A-2-4','2-4','3-1-4A',34,11,4,2,0);
INSERT INTO CELL(CELL_ID,NAME,CABINET_ID,_SIZE,SEQ,_ROW,_COL,PERCENTAGE) VALUES('3-1-4A-2-5','2-5','3-1-4A',34,12,5,2,0);
INSERT INTO CELL(CELL_ID,NAME,CABINET_ID,_SIZE,SEQ,_ROW,_COL,PERCENTAGE) VALUES('3-1-4A-2-6','2-6','3-1-4A',34,13,6,2,0);
INSERT INTO CELL(CELL_ID,NAME,CABINET_ID,_SIZE,SEQ,_ROW,_COL,PERCENTAGE) VALUES('3-1-4A-2-7','2-7','3-1-4A',34,14,7,2,0);
INSERT INTO CELL(CELL_ID,NAME,CABINET_ID,_SIZE,SEQ,_ROW,_COL,PERCENTAGE) VALUES('3-1-4A-3-1','3-1','3-1-4A',34,15,1,3,0);
INSERT INTO CELL(CELL_ID,NAME,CABINET_ID,_SIZE,SEQ,_ROW,_COL,PERCENTAGE) VALUES('3-1-4A-3-2','3-2','3-1-4A',34,16,2,3,0);
INSERT INTO CELL(CELL_ID,NAME,CABINET_ID,_SIZE,SEQ,_ROW,_COL,PERCENTAGE) VALUES('3-1-4A-3-3','3-3','3-1-4A',34,17,3,3,0);
INSERT INTO CELL(CELL_ID,NAME,CABINET_ID,_SIZE,SEQ,_ROW,_COL,PERCENTAGE) VALUES('3-1-4A-3-4','3-4','3-1-4A',34,18,4,3,0);
INSERT INTO CELL(CELL_ID,NAME,CABINET_ID,_SIZE,SEQ,_ROW,_COL,PERCENTAGE) VALUES('3-1-4A-3-5','3-5','3-1-4A',34,19,5,3,0);
INSERT INTO CELL(CELL_ID,NAME,CABINET_ID,_SIZE,SEQ,_ROW,_COL,PERCENTAGE) VALUES('3-1-4A-3-6','3-6','3-1-4A',34,20,6,3,0);
INSERT INTO CELL(CELL_ID,NAME,CABINET_ID,_SIZE,SEQ,_ROW,_COL,PERCENTAGE) VALUES('3-1-4A-3-7','3-7','3-1-4A',34,21,7,3,0);
INSERT INTO CELL(CELL_ID,NAME,CABINET_ID,_SIZE,SEQ,_ROW,_COL,PERCENTAGE) VALUES('3-1-4A-4-1','4-1','3-1-4A',34,22,1,4,0);
INSERT INTO CELL(CELL_ID,NAME,CABINET_ID,_SIZE,SEQ,_ROW,_COL,PERCENTAGE) VALUES('3-1-4A-4-2','4-2','3-1-4A',34,23,2,4,0);
INSERT INTO CELL(CELL_ID,NAME,CABINET_ID,_SIZE,SEQ,_ROW,_COL,PERCENTAGE) VALUES('3-1-4A-4-3','4-3','3-1-4A',34,24,3,4,0);
INSERT INTO CELL(CELL_ID,NAME,CABINET_ID,_SIZE,SEQ,_ROW,_COL,PERCENTAGE) VALUES('3-1-4A-4-4','4-4','3-1-4A',34,25,4,4,0);
INSERT INTO CELL(CELL_ID,NAME,CABINET_ID,_SIZE,SEQ,_ROW,_COL,PERCENTAGE) VALUES('3-1-4A-4-5','4-5','3-1-4A',34,26,5,4,0);
INSERT INTO CELL(CELL_ID,NAME,CABINET_ID,_SIZE,SEQ,_ROW,_COL,PERCENTAGE) VALUES('3-1-4A-4-6','4-6','3-1-4A',34,27,6,4,0);
INSERT INTO CELL(CELL_ID,NAME,CABINET_ID,_SIZE,SEQ,_ROW,_COL,PERCENTAGE) VALUES('3-1-4A-4-7','4-7','3-1-4A',34,28,7,4,0);
INSERT INTO CELL(CELL_ID,NAME,CABINET_ID,_SIZE,SEQ,_ROW,_COL,PERCENTAGE) VALUES('3-1-4A-5-1','5-1','3-1-4A',34,29,1,5,0);
INSERT INTO CELL(CELL_ID,NAME,CABINET_ID,_SIZE,SEQ,_ROW,_COL,PERCENTAGE) VALUES('3-1-4A-5-2','5-2','3-1-4A',34,30,2,5,0);
INSERT INTO CELL(CELL_ID,NAME,CABINET_ID,_SIZE,SEQ,_ROW,_COL,PERCENTAGE) VALUES('3-1-4A-5-3','5-3','3-1-4A',34,31,3,5,0);
INSERT INTO CELL(CELL_ID,NAME,CABINET_ID,_SIZE,SEQ,_ROW,_COL,PERCENTAGE) VALUES('3-1-4A-5-4','5-4','3-1-4A',34,32,4,5,0);
INSERT INTO CELL(CELL_ID,NAME,CABINET_ID,_SIZE,SEQ,_ROW,_COL,PERCENTAGE) VALUES('3-1-4A-5-5','5-5','3-1-4A',34,33,5,5,0);
INSERT INTO CELL(CELL_ID,NAME,CABINET_ID,_SIZE,SEQ,_ROW,_COL,PERCENTAGE) VALUES('3-1-4A-5-6','5-6','3-1-4A',34,34,6,5,0);
INSERT INTO CELL(CELL_ID,NAME,CABINET_ID,_SIZE,SEQ,_ROW,_COL,PERCENTAGE) VALUES('3-1-4A-5-7','5-7','3-1-4A',34,35,7,5,0);
INSERT INTO CELL(CELL_ID,NAME,CABINET_ID,_SIZE,SEQ,_ROW,_COL,PERCENTAGE) VALUES('3-1-4A-6-1','6-1','3-1-4A',34,36,1,6,0);
INSERT INTO CELL(CELL_ID,NAME,CABINET_ID,_SIZE,SEQ,_ROW,_COL,PERCENTAGE) VALUES('3-1-4A-6-2','6-2','3-1-4A',34,37,2,6,0);
INSERT INTO CELL(CELL_ID,NAME,CABINET_ID,_SIZE,SEQ,_ROW,_COL,PERCENTAGE) VALUES('3-1-4A-6-3','6-3','3-1-4A',34,38,3,6,0);
INSERT INTO CELL(CELL_ID,NAME,CABINET_ID,_SIZE,SEQ,_ROW,_COL,PERCENTAGE) VALUES('3-1-4A-6-4','6-4','3-1-4A',34,39,4,6,0);
INSERT INTO CELL(CELL_ID,NAME,CABINET_ID,_SIZE,SEQ,_ROW,_COL,PERCENTAGE) VALUES('3-1-4A-6-5','6-5','3-1-4A',34,40,5,6,0);
INSERT INTO CELL(CELL_ID,NAME,CABINET_ID,_SIZE,SEQ,_ROW,_COL,PERCENTAGE) VALUES('3-1-4A-6-6','6-6','3-1-4A',34,41,6,6,0);
INSERT INTO CELL(CELL_ID,NAME,CABINET_ID,_SIZE,SEQ,_ROW,_COL,PERCENTAGE) VALUES('3-1-4A-6-7','6-7','3-1-4A',34,42,7,6,0);


-- 3-1-4B
INSERT INTO CELL(CELL_ID,NAME,CABINET_ID,_SIZE,SEQ,_ROW,_COL,PERCENTAGE) VALUES('3-1-4B-1-1','1-1','3-1-4B',34,1,1,1,0);
INSERT INTO CELL(CELL_ID,NAME,CABINET_ID,_SIZE,SEQ,_ROW,_COL,PERCENTAGE) VALUES('3-1-4B-1-2','1-2','3-1-4B',34,2,2,1,0);
INSERT INTO CELL(CELL_ID,NAME,CABINET_ID,_SIZE,SEQ,_ROW,_COL,PERCENTAGE) VALUES('3-1-4B-1-3','1-3','3-1-4B',34,3,3,1,0);
INSERT INTO CELL(CELL_ID,NAME,CABINET_ID,_SIZE,SEQ,_ROW,_COL,PERCENTAGE) VALUES('3-1-4B-1-4','1-4','3-1-4B',34,4,4,1,0);
INSERT INTO CELL(CELL_ID,NAME,CABINET_ID,_SIZE,SEQ,_ROW,_COL,PERCENTAGE) VALUES('3-1-4B-1-5','1-5','3-1-4B',34,5,5,1,0);
INSERT INTO CELL(CELL_ID,NAME,CABINET_ID,_SIZE,SEQ,_ROW,_COL,PERCENTAGE) VALUES('3-1-4B-1-6','1-6','3-1-4B',34,6,6,1,0);
INSERT INTO CELL(CELL_ID,NAME,CABINET_ID,_SIZE,SEQ,_ROW,_COL,PERCENTAGE) VALUES('3-1-4B-1-7','1-7','3-1-4B',34,7,7,1,0);
INSERT INTO CELL(CELL_ID,NAME,CABINET_ID,_SIZE,SEQ,_ROW,_COL,PERCENTAGE) VALUES('3-1-4B-2-1','2-1','3-1-4B',34,8,1,2,0);
INSERT INTO CELL(CELL_ID,NAME,CABINET_ID,_SIZE,SEQ,_ROW,_COL,PERCENTAGE) VALUES('3-1-4B-2-2','2-2','3-1-4B',34,9,2,2,0);
INSERT INTO CELL(CELL_ID,NAME,CABINET_ID,_SIZE,SEQ,_ROW,_COL,PERCENTAGE) VALUES('3-1-4B-2-3','2-3','3-1-4B',34,10,3,2,0);
INSERT INTO CELL(CELL_ID,NAME,CABINET_ID,_SIZE,SEQ,_ROW,_COL,PERCENTAGE) VALUES('3-1-4B-2-4','2-4','3-1-4B',34,11,4,2,0);
INSERT INTO CELL(CELL_ID,NAME,CABINET_ID,_SIZE,SEQ,_ROW,_COL,PERCENTAGE) VALUES('3-1-4B-2-5','2-5','3-1-4B',34,12,5,2,0);
INSERT INTO CELL(CELL_ID,NAME,CABINET_ID,_SIZE,SEQ,_ROW,_COL,PERCENTAGE) VALUES('3-1-4B-2-6','2-6','3-1-4B',34,13,6,2,0);
INSERT INTO CELL(CELL_ID,NAME,CABINET_ID,_SIZE,SEQ,_ROW,_COL,PERCENTAGE) VALUES('3-1-4B-2-7','2-7','3-1-4B',34,14,7,2,0);
INSERT INTO CELL(CELL_ID,NAME,CABINET_ID,_SIZE,SEQ,_ROW,_COL,PERCENTAGE) VALUES('3-1-4B-3-1','3-1','3-1-4B',34,15,1,3,0);
INSERT INTO CELL(CELL_ID,NAME,CABINET_ID,_SIZE,SEQ,_ROW,_COL,PERCENTAGE) VALUES('3-1-4B-3-2','3-2','3-1-4B',34,16,2,3,0);
INSERT INTO CELL(CELL_ID,NAME,CABINET_ID,_SIZE,SEQ,_ROW,_COL,PERCENTAGE) VALUES('3-1-4B-3-3','3-3','3-1-4B',34,17,3,3,0);
INSERT INTO CELL(CELL_ID,NAME,CABINET_ID,_SIZE,SEQ,_ROW,_COL,PERCENTAGE) VALUES('3-1-4B-3-4','3-4','3-1-4B',34,18,4,3,0);
INSERT INTO CELL(CELL_ID,NAME,CABINET_ID,_SIZE,SEQ,_ROW,_COL,PERCENTAGE) VALUES('3-1-4B-3-5','3-5','3-1-4B',34,19,5,3,0);
INSERT INTO CELL(CELL_ID,NAME,CABINET_ID,_SIZE,SEQ,_ROW,_COL,PERCENTAGE) VALUES('3-1-4B-3-6','3-6','3-1-4B',34,20,6,3,0);
INSERT INTO CELL(CELL_ID,NAME,CABINET_ID,_SIZE,SEQ,_ROW,_COL,PERCENTAGE) VALUES('3-1-4B-3-7','3-7','3-1-4B',34,21,7,3,0);
INSERT INTO CELL(CELL_ID,NAME,CABINET_ID,_SIZE,SEQ,_ROW,_COL,PERCENTAGE) VALUES('3-1-4B-4-1','4-1','3-1-4B',34,22,1,4,0);
INSERT INTO CELL(CELL_ID,NAME,CABINET_ID,_SIZE,SEQ,_ROW,_COL,PERCENTAGE) VALUES('3-1-4B-4-2','4-2','3-1-4B',34,23,2,4,0);
INSERT INTO CELL(CELL_ID,NAME,CABINET_ID,_SIZE,SEQ,_ROW,_COL,PERCENTAGE) VALUES('3-1-4B-4-3','4-3','3-1-4B',34,24,3,4,0);
INSERT INTO CELL(CELL_ID,NAME,CABINET_ID,_SIZE,SEQ,_ROW,_COL,PERCENTAGE) VALUES('3-1-4B-4-4','4-4','3-1-4B',34,25,4,4,0);
INSERT INTO CELL(CELL_ID,NAME,CABINET_ID,_SIZE,SEQ,_ROW,_COL,PERCENTAGE) VALUES('3-1-4B-4-5','4-5','3-1-4B',34,26,5,4,0);
INSERT INTO CELL(CELL_ID,NAME,CABINET_ID,_SIZE,SEQ,_ROW,_COL,PERCENTAGE) VALUES('3-1-4B-4-6','4-6','3-1-4B',34,27,6,4,0);
INSERT INTO CELL(CELL_ID,NAME,CABINET_ID,_SIZE,SEQ,_ROW,_COL,PERCENTAGE) VALUES('3-1-4B-4-7','4-7','3-1-4B',34,28,7,4,0);
INSERT INTO CELL(CELL_ID,NAME,CABINET_ID,_SIZE,SEQ,_ROW,_COL,PERCENTAGE) VALUES('3-1-4B-5-1','5-1','3-1-4B',34,29,1,5,100);
INSERT INTO CELL(CELL_ID,NAME,CABINET_ID,_SIZE,SEQ,_ROW,_COL,PERCENTAGE) VALUES('3-1-4B-5-2','5-2','3-1-4B',34,30,2,5,0);
INSERT INTO CELL(CELL_ID,NAME,CABINET_ID,_SIZE,SEQ,_ROW,_COL,PERCENTAGE) VALUES('3-1-4B-5-3','5-3','3-1-4B',34,31,3,5,0);
INSERT INTO CELL(CELL_ID,NAME,CABINET_ID,_SIZE,SEQ,_ROW,_COL,PERCENTAGE) VALUES('3-1-4B-5-4','5-4','3-1-4B',34,32,4,5,0);
INSERT INTO CELL(CELL_ID,NAME,CABINET_ID,_SIZE,SEQ,_ROW,_COL,PERCENTAGE) VALUES('3-1-4B-5-5','5-5','3-1-4B',34,33,5,5,0);
INSERT INTO CELL(CELL_ID,NAME,CABINET_ID,_SIZE,SEQ,_ROW,_COL,PERCENTAGE) VALUES('3-1-4B-5-6','5-6','3-1-4B',34,34,6,5,0);
INSERT INTO CELL(CELL_ID,NAME,CABINET_ID,_SIZE,SEQ,_ROW,_COL,PERCENTAGE) VALUES('3-1-4B-5-7','5-7','3-1-4B',34,35,7,5,0);
INSERT INTO CELL(CELL_ID,NAME,CABINET_ID,_SIZE,SEQ,_ROW,_COL,PERCENTAGE) VALUES('3-1-4B-6-1','6-1','3-1-4B',34,36,1,6,0);
INSERT INTO CELL(CELL_ID,NAME,CABINET_ID,_SIZE,SEQ,_ROW,_COL,PERCENTAGE) VALUES('3-1-4B-6-2','6-2','3-1-4B',34,37,2,6,0);
INSERT INTO CELL(CELL_ID,NAME,CABINET_ID,_SIZE,SEQ,_ROW,_COL,PERCENTAGE) VALUES('3-1-4B-6-3','6-3','3-1-4B',34,38,3,6,0);
INSERT INTO CELL(CELL_ID,NAME,CABINET_ID,_SIZE,SEQ,_ROW,_COL,PERCENTAGE) VALUES('3-1-4B-6-4','6-4','3-1-4B',34,39,4,6,0);
INSERT INTO CELL(CELL_ID,NAME,CABINET_ID,_SIZE,SEQ,_ROW,_COL,PERCENTAGE) VALUES('3-1-4B-6-5','6-5','3-1-4B',34,40,5,6,0);
INSERT INTO CELL(CELL_ID,NAME,CABINET_ID,_SIZE,SEQ,_ROW,_COL,PERCENTAGE) VALUES('3-1-4B-6-6','6-6','3-1-4B',34,41,6,6,0);
INSERT INTO CELL(CELL_ID,NAME,CABINET_ID,_SIZE,SEQ,_ROW,_COL,PERCENTAGE) VALUES('3-1-4B-6-7','6-7','3-1-4B',34,42,7,6,0);

-- 3-1-5A
INSERT INTO CELL(CELL_ID,NAME,CABINET_ID,_SIZE,SEQ,_ROW,_COL,PERCENTAGE) VALUES('3-1-5A-1-1','1-1','3-1-5A',34,1,1,1,0);
INSERT INTO CELL(CELL_ID,NAME,CABINET_ID,_SIZE,SEQ,_ROW,_COL,PERCENTAGE) VALUES('3-1-5A-1-2','1-2','3-1-5A',34,2,2,1,0);
INSERT INTO CELL(CELL_ID,NAME,CABINET_ID,_SIZE,SEQ,_ROW,_COL,PERCENTAGE) VALUES('3-1-5A-1-3','1-3','3-1-5A',34,3,3,1,0);
INSERT INTO CELL(CELL_ID,NAME,CABINET_ID,_SIZE,SEQ,_ROW,_COL,PERCENTAGE) VALUES('3-1-5A-1-4','1-4','3-1-5A',34,4,4,1,0);
INSERT INTO CELL(CELL_ID,NAME,CABINET_ID,_SIZE,SEQ,_ROW,_COL,PERCENTAGE) VALUES('3-1-5A-1-5','1-5','3-1-5A',34,5,5,1,0);
INSERT INTO CELL(CELL_ID,NAME,CABINET_ID,_SIZE,SEQ,_ROW,_COL,PERCENTAGE) VALUES('3-1-5A-1-6','1-6','3-1-5A',34,6,6,1,0);
INSERT INTO CELL(CELL_ID,NAME,CABINET_ID,_SIZE,SEQ,_ROW,_COL,PERCENTAGE) VALUES('3-1-5A-1-7','1-7','3-1-5A',34,7,7,1,50);
INSERT INTO CELL(CELL_ID,NAME,CABINET_ID,_SIZE,SEQ,_ROW,_COL,PERCENTAGE) VALUES('3-1-5A-2-1','2-1','3-1-5A',34,8,1,2,0);
INSERT INTO CELL(CELL_ID,NAME,CABINET_ID,_SIZE,SEQ,_ROW,_COL,PERCENTAGE) VALUES('3-1-5A-2-2','2-2','3-1-5A',34,9,2,2,0);
INSERT INTO CELL(CELL_ID,NAME,CABINET_ID,_SIZE,SEQ,_ROW,_COL,PERCENTAGE) VALUES('3-1-5A-2-3','2-3','3-1-5A',34,10,3,2,0);
INSERT INTO CELL(CELL_ID,NAME,CABINET_ID,_SIZE,SEQ,_ROW,_COL,PERCENTAGE) VALUES('3-1-5A-2-4','2-4','3-1-5A',34,11,4,2,0);
INSERT INTO CELL(CELL_ID,NAME,CABINET_ID,_SIZE,SEQ,_ROW,_COL,PERCENTAGE) VALUES('3-1-5A-2-5','2-5','3-1-5A',34,12,5,2,0);
INSERT INTO CELL(CELL_ID,NAME,CABINET_ID,_SIZE,SEQ,_ROW,_COL,PERCENTAGE) VALUES('3-1-5A-2-6','2-6','3-1-5A',34,13,6,2,0);
INSERT INTO CELL(CELL_ID,NAME,CABINET_ID,_SIZE,SEQ,_ROW,_COL,PERCENTAGE) VALUES('3-1-5A-2-7','2-7','3-1-5A',34,14,7,2,0);
INSERT INTO CELL(CELL_ID,NAME,CABINET_ID,_SIZE,SEQ,_ROW,_COL,PERCENTAGE) VALUES('3-1-5A-3-1','3-1','3-1-5A',34,15,1,3,0);
INSERT INTO CELL(CELL_ID,NAME,CABINET_ID,_SIZE,SEQ,_ROW,_COL,PERCENTAGE) VALUES('3-1-5A-3-2','3-2','3-1-5A',34,16,2,3,0);
INSERT INTO CELL(CELL_ID,NAME,CABINET_ID,_SIZE,SEQ,_ROW,_COL,PERCENTAGE) VALUES('3-1-5A-3-3','3-3','3-1-5A',34,17,3,3,0);
INSERT INTO CELL(CELL_ID,NAME,CABINET_ID,_SIZE,SEQ,_ROW,_COL,PERCENTAGE) VALUES('3-1-5A-3-4','3-4','3-1-5A',34,18,4,3,0);
INSERT INTO CELL(CELL_ID,NAME,CABINET_ID,_SIZE,SEQ,_ROW,_COL,PERCENTAGE) VALUES('3-1-5A-3-5','3-5','3-1-5A',34,19,5,3,0);
INSERT INTO CELL(CELL_ID,NAME,CABINET_ID,_SIZE,SEQ,_ROW,_COL,PERCENTAGE) VALUES('3-1-5A-3-6','3-6','3-1-5A',34,20,6,3,0);
INSERT INTO CELL(CELL_ID,NAME,CABINET_ID,_SIZE,SEQ,_ROW,_COL,PERCENTAGE) VALUES('3-1-5A-3-7','3-7','3-1-5A',34,21,7,3,0);
INSERT INTO CELL(CELL_ID,NAME,CABINET_ID,_SIZE,SEQ,_ROW,_COL,PERCENTAGE) VALUES('3-1-5A-4-1','4-1','3-1-5A',34,22,1,4,0);
INSERT INTO CELL(CELL_ID,NAME,CABINET_ID,_SIZE,SEQ,_ROW,_COL,PERCENTAGE) VALUES('3-1-5A-4-2','4-2','3-1-5A',34,23,2,4,0);
INSERT INTO CELL(CELL_ID,NAME,CABINET_ID,_SIZE,SEQ,_ROW,_COL,PERCENTAGE) VALUES('3-1-5A-4-3','4-3','3-1-5A',34,24,3,4,0);
INSERT INTO CELL(CELL_ID,NAME,CABINET_ID,_SIZE,SEQ,_ROW,_COL,PERCENTAGE) VALUES('3-1-5A-4-4','4-4','3-1-5A',34,25,4,4,0);
INSERT INTO CELL(CELL_ID,NAME,CABINET_ID,_SIZE,SEQ,_ROW,_COL,PERCENTAGE) VALUES('3-1-5A-4-5','4-5','3-1-5A',34,26,5,4,0);
INSERT INTO CELL(CELL_ID,NAME,CABINET_ID,_SIZE,SEQ,_ROW,_COL,PERCENTAGE) VALUES('3-1-5A-4-6','4-6','3-1-5A',34,27,6,4,0);
INSERT INTO CELL(CELL_ID,NAME,CABINET_ID,_SIZE,SEQ,_ROW,_COL,PERCENTAGE) VALUES('3-1-5A-4-7','4-7','3-1-5A',34,28,7,4,0);
INSERT INTO CELL(CELL_ID,NAME,CABINET_ID,_SIZE,SEQ,_ROW,_COL,PERCENTAGE) VALUES('3-1-5A-5-1','5-1','3-1-5A',34,29,1,5,0);
INSERT INTO CELL(CELL_ID,NAME,CABINET_ID,_SIZE,SEQ,_ROW,_COL,PERCENTAGE) VALUES('3-1-5A-5-2','5-2','3-1-5A',34,30,2,5,0);
INSERT INTO CELL(CELL_ID,NAME,CABINET_ID,_SIZE,SEQ,_ROW,_COL,PERCENTAGE) VALUES('3-1-5A-5-3','5-3','3-1-5A',34,31,3,5,0);
INSERT INTO CELL(CELL_ID,NAME,CABINET_ID,_SIZE,SEQ,_ROW,_COL,PERCENTAGE) VALUES('3-1-5A-5-4','5-4','3-1-5A',34,32,4,5,0);
INSERT INTO CELL(CELL_ID,NAME,CABINET_ID,_SIZE,SEQ,_ROW,_COL,PERCENTAGE) VALUES('3-1-5A-5-5','5-5','3-1-5A',34,33,5,5,0);
INSERT INTO CELL(CELL_ID,NAME,CABINET_ID,_SIZE,SEQ,_ROW,_COL,PERCENTAGE) VALUES('3-1-5A-5-6','5-6','3-1-5A',34,34,6,5,0);
INSERT INTO CELL(CELL_ID,NAME,CABINET_ID,_SIZE,SEQ,_ROW,_COL,PERCENTAGE) VALUES('3-1-5A-5-7','5-7','3-1-5A',34,35,7,5,0);
INSERT INTO CELL(CELL_ID,NAME,CABINET_ID,_SIZE,SEQ,_ROW,_COL,PERCENTAGE) VALUES('3-1-5A-6-1','6-1','3-1-5A',34,36,1,6,0);
INSERT INTO CELL(CELL_ID,NAME,CABINET_ID,_SIZE,SEQ,_ROW,_COL,PERCENTAGE) VALUES('3-1-5A-6-2','6-2','3-1-5A',34,37,2,6,0);
INSERT INTO CELL(CELL_ID,NAME,CABINET_ID,_SIZE,SEQ,_ROW,_COL,PERCENTAGE) VALUES('3-1-5A-6-3','6-3','3-1-5A',34,38,3,6,100);
INSERT INTO CELL(CELL_ID,NAME,CABINET_ID,_SIZE,SEQ,_ROW,_COL,PERCENTAGE) VALUES('3-1-5A-6-4','6-4','3-1-5A',34,39,4,6,100);
INSERT INTO CELL(CELL_ID,NAME,CABINET_ID,_SIZE,SEQ,_ROW,_COL,PERCENTAGE) VALUES('3-1-5A-6-5','6-5','3-1-5A',34,40,5,6,100);
INSERT INTO CELL(CELL_ID,NAME,CABINET_ID,_SIZE,SEQ,_ROW,_COL,PERCENTAGE) VALUES('3-1-5A-6-6','6-6','3-1-5A',34,41,6,6,50);
INSERT INTO CELL(CELL_ID,NAME,CABINET_ID,_SIZE,SEQ,_ROW,_COL,PERCENTAGE) VALUES('3-1-5A-6-7','6-7','3-1-5A',34,42,7,6,100);

-- 3-1-5B
INSERT INTO CELL(CELL_ID,NAME,CABINET_ID,_SIZE,SEQ,_ROW,_COL,PERCENTAGE) VALUES('3-1-5B-1-1','1-1','3-1-5B',34,1,1,1,0);
INSERT INTO CELL(CELL_ID,NAME,CABINET_ID,_SIZE,SEQ,_ROW,_COL,PERCENTAGE) VALUES('3-1-5B-1-2','1-2','3-1-5B',34,2,2,1,0);
INSERT INTO CELL(CELL_ID,NAME,CABINET_ID,_SIZE,SEQ,_ROW,_COL,PERCENTAGE) VALUES('3-1-5B-1-3','1-3','3-1-5B',34,3,3,1,50);
INSERT INTO CELL(CELL_ID,NAME,CABINET_ID,_SIZE,SEQ,_ROW,_COL,PERCENTAGE) VALUES('3-1-5B-1-4','1-4','3-1-5B',34,4,4,1,100);
INSERT INTO CELL(CELL_ID,NAME,CABINET_ID,_SIZE,SEQ,_ROW,_COL,PERCENTAGE) VALUES('3-1-5B-1-5','1-5','3-1-5B',34,5,5,1,100);
INSERT INTO CELL(CELL_ID,NAME,CABINET_ID,_SIZE,SEQ,_ROW,_COL,PERCENTAGE) VALUES('3-1-5B-1-6','1-6','3-1-5B',34,6,6,1,100);
INSERT INTO CELL(CELL_ID,NAME,CABINET_ID,_SIZE,SEQ,_ROW,_COL,PERCENTAGE) VALUES('3-1-5B-1-7','1-7','3-1-5B',34,7,7,1,100);
INSERT INTO CELL(CELL_ID,NAME,CABINET_ID,_SIZE,SEQ,_ROW,_COL,PERCENTAGE) VALUES('3-1-5B-2-1','2-1','3-1-5B',34,8,1,2,0);
INSERT INTO CELL(CELL_ID,NAME,CABINET_ID,_SIZE,SEQ,_ROW,_COL,PERCENTAGE) VALUES('3-1-5B-2-2','2-2','3-1-5B',34,9,2,2,0);
INSERT INTO CELL(CELL_ID,NAME,CABINET_ID,_SIZE,SEQ,_ROW,_COL,PERCENTAGE) VALUES('3-1-5B-2-3','2-3','3-1-5B',34,10,3,2,0);
INSERT INTO CELL(CELL_ID,NAME,CABINET_ID,_SIZE,SEQ,_ROW,_COL,PERCENTAGE) VALUES('3-1-5B-2-4','2-4','3-1-5B',34,11,4,2,50);
INSERT INTO CELL(CELL_ID,NAME,CABINET_ID,_SIZE,SEQ,_ROW,_COL,PERCENTAGE) VALUES('3-1-5B-2-5','2-5','3-1-5B',34,12,5,2,100);
INSERT INTO CELL(CELL_ID,NAME,CABINET_ID,_SIZE,SEQ,_ROW,_COL,PERCENTAGE) VALUES('3-1-5B-2-6','2-6','3-1-5B',34,13,6,2,0);
INSERT INTO CELL(CELL_ID,NAME,CABINET_ID,_SIZE,SEQ,_ROW,_COL,PERCENTAGE) VALUES('3-1-5B-2-7','2-7','3-1-5B',34,14,7,2,100);
INSERT INTO CELL(CELL_ID,NAME,CABINET_ID,_SIZE,SEQ,_ROW,_COL,PERCENTAGE) VALUES('3-1-5B-3-1','3-1','3-1-5B',34,15,1,3,100);
INSERT INTO CELL(CELL_ID,NAME,CABINET_ID,_SIZE,SEQ,_ROW,_COL,PERCENTAGE) VALUES('3-1-5B-3-2','3-2','3-1-5B',34,16,2,3,100);
INSERT INTO CELL(CELL_ID,NAME,CABINET_ID,_SIZE,SEQ,_ROW,_COL,PERCENTAGE) VALUES('3-1-5B-3-3','3-3','3-1-5B',34,17,3,3,100);
INSERT INTO CELL(CELL_ID,NAME,CABINET_ID,_SIZE,SEQ,_ROW,_COL,PERCENTAGE) VALUES('3-1-5B-3-4','3-4','3-1-5B',34,18,4,3,50);
INSERT INTO CELL(CELL_ID,NAME,CABINET_ID,_SIZE,SEQ,_ROW,_COL,PERCENTAGE) VALUES('3-1-5B-3-5','3-5','3-1-5B',34,19,5,3,100);
INSERT INTO CELL(CELL_ID,NAME,CABINET_ID,_SIZE,SEQ,_ROW,_COL,PERCENTAGE) VALUES('3-1-5B-3-6','3-6','3-1-5B',34,20,6,3,50);
INSERT INTO CELL(CELL_ID,NAME,CABINET_ID,_SIZE,SEQ,_ROW,_COL,PERCENTAGE) VALUES('3-1-5B-3-7','3-7','3-1-5B',34,21,7,3,100);
INSERT INTO CELL(CELL_ID,NAME,CABINET_ID,_SIZE,SEQ,_ROW,_COL,PERCENTAGE) VALUES('3-1-5B-4-1','4-1','3-1-5B',34,22,1,4,100);
INSERT INTO CELL(CELL_ID,NAME,CABINET_ID,_SIZE,SEQ,_ROW,_COL,PERCENTAGE) VALUES('3-1-5B-4-2','4-2','3-1-5B',34,23,2,4,100);
INSERT INTO CELL(CELL_ID,NAME,CABINET_ID,_SIZE,SEQ,_ROW,_COL,PERCENTAGE) VALUES('3-1-5B-4-3','4-3','3-1-5B',34,24,3,4,100);
INSERT INTO CELL(CELL_ID,NAME,CABINET_ID,_SIZE,SEQ,_ROW,_COL,PERCENTAGE) VALUES('3-1-5B-4-4','4-4','3-1-5B',34,25,4,4,100);
INSERT INTO CELL(CELL_ID,NAME,CABINET_ID,_SIZE,SEQ,_ROW,_COL,PERCENTAGE) VALUES('3-1-5B-4-5','4-5','3-1-5B',34,26,5,4,100);
INSERT INTO CELL(CELL_ID,NAME,CABINET_ID,_SIZE,SEQ,_ROW,_COL,PERCENTAGE) VALUES('3-1-5B-4-6','4-6','3-1-5B',34,27,6,4,100);
INSERT INTO CELL(CELL_ID,NAME,CABINET_ID,_SIZE,SEQ,_ROW,_COL,PERCENTAGE) VALUES('3-1-5B-4-7','4-7','3-1-5B',34,28,7,4,100);
INSERT INTO CELL(CELL_ID,NAME,CABINET_ID,_SIZE,SEQ,_ROW,_COL,PERCENTAGE) VALUES('3-1-5B-5-1','5-1','3-1-5B',34,29,1,5,50);
INSERT INTO CELL(CELL_ID,NAME,CABINET_ID,_SIZE,SEQ,_ROW,_COL,PERCENTAGE) VALUES('3-1-5B-5-2','5-2','3-1-5B',34,30,2,5,100);
INSERT INTO CELL(CELL_ID,NAME,CABINET_ID,_SIZE,SEQ,_ROW,_COL,PERCENTAGE) VALUES('3-1-5B-5-3','5-3','3-1-5B',34,31,3,5,100);
INSERT INTO CELL(CELL_ID,NAME,CABINET_ID,_SIZE,SEQ,_ROW,_COL,PERCENTAGE) VALUES('3-1-5B-5-4','5-4','3-1-5B',34,32,4,5,100);
INSERT INTO CELL(CELL_ID,NAME,CABINET_ID,_SIZE,SEQ,_ROW,_COL,PERCENTAGE) VALUES('3-1-5B-5-5','5-5','3-1-5B',34,33,5,5,100);
INSERT INTO CELL(CELL_ID,NAME,CABINET_ID,_SIZE,SEQ,_ROW,_COL,PERCENTAGE) VALUES('3-1-5B-5-6','5-6','3-1-5B',34,34,6,5,100);
INSERT INTO CELL(CELL_ID,NAME,CABINET_ID,_SIZE,SEQ,_ROW,_COL,PERCENTAGE) VALUES('3-1-5B-5-7','5-7','3-1-5B',34,35,7,5,100);
INSERT INTO CELL(CELL_ID,NAME,CABINET_ID,_SIZE,SEQ,_ROW,_COL,PERCENTAGE) VALUES('3-1-5B-6-1','6-1','3-1-5B',34,36,1,6,100);
INSERT INTO CELL(CELL_ID,NAME,CABINET_ID,_SIZE,SEQ,_ROW,_COL,PERCENTAGE) VALUES('3-1-5B-6-2','6-2','3-1-5B',34,37,2,6,100);
INSERT INTO CELL(CELL_ID,NAME,CABINET_ID,_SIZE,SEQ,_ROW,_COL,PERCENTAGE) VALUES('3-1-5B-6-3','6-3','3-1-5B',34,38,3,6,100);
INSERT INTO CELL(CELL_ID,NAME,CABINET_ID,_SIZE,SEQ,_ROW,_COL,PERCENTAGE) VALUES('3-1-5B-6-4','6-4','3-1-5B',34,39,4,6,50);
INSERT INTO CELL(CELL_ID,NAME,CABINET_ID,_SIZE,SEQ,_ROW,_COL,PERCENTAGE) VALUES('3-1-5B-6-5','6-5','3-1-5B',34,40,5,6,100);
INSERT INTO CELL(CELL_ID,NAME,CABINET_ID,_SIZE,SEQ,_ROW,_COL,PERCENTAGE) VALUES('3-1-5B-6-6','6-6','3-1-5B',34,41,6,6,100);
INSERT INTO CELL(CELL_ID,NAME,CABINET_ID,_SIZE,SEQ,_ROW,_COL,PERCENTAGE) VALUES('3-1-5B-6-7','6-7','3-1-5B',34,42,7,6,100);


-- 3-1-6A
INSERT INTO CELL(CELL_ID,NAME,CABINET_ID,_SIZE,SEQ,_ROW,_COL,PERCENTAGE) VALUES('3-1-6A-1-1','1-1','3-1-6A',34,1,1,1,0);
INSERT INTO CELL(CELL_ID,NAME,CABINET_ID,_SIZE,SEQ,_ROW,_COL,PERCENTAGE) VALUES('3-1-6A-1-2','1-2','3-1-6A',34,2,2,1,0);
INSERT INTO CELL(CELL_ID,NAME,CABINET_ID,_SIZE,SEQ,_ROW,_COL,PERCENTAGE) VALUES('3-1-6A-1-3','1-3','3-1-6A',34,3,3,1,0);
INSERT INTO CELL(CELL_ID,NAME,CABINET_ID,_SIZE,SEQ,_ROW,_COL,PERCENTAGE) VALUES('3-1-6A-1-4','1-4','3-1-6A',34,4,4,1,0);
INSERT INTO CELL(CELL_ID,NAME,CABINET_ID,_SIZE,SEQ,_ROW,_COL,PERCENTAGE) VALUES('3-1-6A-1-5','1-5','3-1-6A',34,5,5,1,0);
INSERT INTO CELL(CELL_ID,NAME,CABINET_ID,_SIZE,SEQ,_ROW,_COL,PERCENTAGE) VALUES('3-1-6A-1-6','1-6','3-1-6A',34,6,6,1,0);
INSERT INTO CELL(CELL_ID,NAME,CABINET_ID,_SIZE,SEQ,_ROW,_COL,PERCENTAGE) VALUES('3-1-6A-1-7','1-7','3-1-6A',34,7,7,1,0);
INSERT INTO CELL(CELL_ID,NAME,CABINET_ID,_SIZE,SEQ,_ROW,_COL,PERCENTAGE) VALUES('3-1-6A-2-1','2-1','3-1-6A',34,8,1,2,0);
INSERT INTO CELL(CELL_ID,NAME,CABINET_ID,_SIZE,SEQ,_ROW,_COL,PERCENTAGE) VALUES('3-1-6A-2-2','2-2','3-1-6A',34,9,2,2,0);
INSERT INTO CELL(CELL_ID,NAME,CABINET_ID,_SIZE,SEQ,_ROW,_COL,PERCENTAGE) VALUES('3-1-6A-2-3','2-3','3-1-6A',34,10,3,2,0);
INSERT INTO CELL(CELL_ID,NAME,CABINET_ID,_SIZE,SEQ,_ROW,_COL,PERCENTAGE) VALUES('3-1-6A-2-4','2-4','3-1-6A',34,11,4,2,0);
INSERT INTO CELL(CELL_ID,NAME,CABINET_ID,_SIZE,SEQ,_ROW,_COL,PERCENTAGE) VALUES('3-1-6A-2-5','2-5','3-1-6A',34,12,5,2,50);
INSERT INTO CELL(CELL_ID,NAME,CABINET_ID,_SIZE,SEQ,_ROW,_COL,PERCENTAGE) VALUES('3-1-6A-2-6','2-6','3-1-6A',34,13,6,2,100);
INSERT INTO CELL(CELL_ID,NAME,CABINET_ID,_SIZE,SEQ,_ROW,_COL,PERCENTAGE) VALUES('3-1-6A-2-7','2-7','3-1-6A',34,14,7,2,100);
INSERT INTO CELL(CELL_ID,NAME,CABINET_ID,_SIZE,SEQ,_ROW,_COL,PERCENTAGE) VALUES('3-1-6A-3-1','3-1','3-1-6A',34,15,1,3,0);
INSERT INTO CELL(CELL_ID,NAME,CABINET_ID,_SIZE,SEQ,_ROW,_COL,PERCENTAGE) VALUES('3-1-6A-3-2','3-2','3-1-6A',34,16,2,3,0);
INSERT INTO CELL(CELL_ID,NAME,CABINET_ID,_SIZE,SEQ,_ROW,_COL,PERCENTAGE) VALUES('3-1-6A-3-3','3-3','3-1-6A',34,17,3,3,0);
INSERT INTO CELL(CELL_ID,NAME,CABINET_ID,_SIZE,SEQ,_ROW,_COL,PERCENTAGE) VALUES('3-1-6A-3-4','3-4','3-1-6A',34,18,4,3,0);
INSERT INTO CELL(CELL_ID,NAME,CABINET_ID,_SIZE,SEQ,_ROW,_COL,PERCENTAGE) VALUES('3-1-6A-3-5','3-5','3-1-6A',34,19,5,3,0);
INSERT INTO CELL(CELL_ID,NAME,CABINET_ID,_SIZE,SEQ,_ROW,_COL,PERCENTAGE) VALUES('3-1-6A-3-6','3-6','3-1-6A',34,20,6,3,0);
INSERT INTO CELL(CELL_ID,NAME,CABINET_ID,_SIZE,SEQ,_ROW,_COL,PERCENTAGE) VALUES('3-1-6A-3-7','3-7','3-1-6A',34,21,7,3,0);
INSERT INTO CELL(CELL_ID,NAME,CABINET_ID,_SIZE,SEQ,_ROW,_COL,PERCENTAGE) VALUES('3-1-6A-4-1','4-1','3-1-6A',34,22,1,4,0);
INSERT INTO CELL(CELL_ID,NAME,CABINET_ID,_SIZE,SEQ,_ROW,_COL,PERCENTAGE) VALUES('3-1-6A-4-2','4-2','3-1-6A',34,23,2,4,0);
INSERT INTO CELL(CELL_ID,NAME,CABINET_ID,_SIZE,SEQ,_ROW,_COL,PERCENTAGE) VALUES('3-1-6A-4-3','4-3','3-1-6A',34,24,3,4,0);
INSERT INTO CELL(CELL_ID,NAME,CABINET_ID,_SIZE,SEQ,_ROW,_COL,PERCENTAGE) VALUES('3-1-6A-4-4','4-4','3-1-6A',34,25,4,4,0);
INSERT INTO CELL(CELL_ID,NAME,CABINET_ID,_SIZE,SEQ,_ROW,_COL,PERCENTAGE) VALUES('3-1-6A-4-5','4-5','3-1-6A',34,26,5,4,0);
INSERT INTO CELL(CELL_ID,NAME,CABINET_ID,_SIZE,SEQ,_ROW,_COL,PERCENTAGE) VALUES('3-1-6A-4-6','4-6','3-1-6A',34,27,6,4,0);
INSERT INTO CELL(CELL_ID,NAME,CABINET_ID,_SIZE,SEQ,_ROW,_COL,PERCENTAGE) VALUES('3-1-6A-4-7','4-7','3-1-6A',34,28,7,4,0);
INSERT INTO CELL(CELL_ID,NAME,CABINET_ID,_SIZE,SEQ,_ROW,_COL,PERCENTAGE) VALUES('3-1-6A-5-1','5-1','3-1-6A',34,29,1,5,50);
INSERT INTO CELL(CELL_ID,NAME,CABINET_ID,_SIZE,SEQ,_ROW,_COL,PERCENTAGE) VALUES('3-1-6A-5-2','5-2','3-1-6A',34,30,2,5,0);
INSERT INTO CELL(CELL_ID,NAME,CABINET_ID,_SIZE,SEQ,_ROW,_COL,PERCENTAGE) VALUES('3-1-6A-5-3','5-3','3-1-6A',34,31,3,5,0);
INSERT INTO CELL(CELL_ID,NAME,CABINET_ID,_SIZE,SEQ,_ROW,_COL,PERCENTAGE) VALUES('3-1-6A-5-4','5-4','3-1-6A',34,32,4,5,0);
INSERT INTO CELL(CELL_ID,NAME,CABINET_ID,_SIZE,SEQ,_ROW,_COL,PERCENTAGE) VALUES('3-1-6A-5-5','5-5','3-1-6A',34,33,5,5,0);
INSERT INTO CELL(CELL_ID,NAME,CABINET_ID,_SIZE,SEQ,_ROW,_COL,PERCENTAGE) VALUES('3-1-6A-5-6','5-6','3-1-6A',34,34,6,5,0);
INSERT INTO CELL(CELL_ID,NAME,CABINET_ID,_SIZE,SEQ,_ROW,_COL,PERCENTAGE) VALUES('3-1-6A-5-7','5-7','3-1-6A',34,35,7,5,0);
INSERT INTO CELL(CELL_ID,NAME,CABINET_ID,_SIZE,SEQ,_ROW,_COL,PERCENTAGE) VALUES('3-1-6A-6-1','6-1','3-1-6A',34,36,1,6,0);
INSERT INTO CELL(CELL_ID,NAME,CABINET_ID,_SIZE,SEQ,_ROW,_COL,PERCENTAGE) VALUES('3-1-6A-6-2','6-2','3-1-6A',34,37,2,6,0);
INSERT INTO CELL(CELL_ID,NAME,CABINET_ID,_SIZE,SEQ,_ROW,_COL,PERCENTAGE) VALUES('3-1-6A-6-3','6-3','3-1-6A',34,38,3,6,0);
INSERT INTO CELL(CELL_ID,NAME,CABINET_ID,_SIZE,SEQ,_ROW,_COL,PERCENTAGE) VALUES('3-1-6A-6-4','6-4','3-1-6A',34,39,4,6,0);
INSERT INTO CELL(CELL_ID,NAME,CABINET_ID,_SIZE,SEQ,_ROW,_COL,PERCENTAGE) VALUES('3-1-6A-6-5','6-5','3-1-6A',34,40,5,6,0);
INSERT INTO CELL(CELL_ID,NAME,CABINET_ID,_SIZE,SEQ,_ROW,_COL,PERCENTAGE) VALUES('3-1-6A-6-6','6-6','3-1-6A',34,41,6,6,0);
INSERT INTO CELL(CELL_ID,NAME,CABINET_ID,_SIZE,SEQ,_ROW,_COL,PERCENTAGE) VALUES('3-1-6A-6-7','6-7','3-1-6A',34,42,7,6,0);

-- 3-1-6B
INSERT INTO CELL(CELL_ID,NAME,CABINET_ID,_SIZE,SEQ,_ROW,_COL,PERCENTAGE) VALUES('3-1-6B-1-1','1-1','3-1-6B',34,1,1,1,0);
INSERT INTO CELL(CELL_ID,NAME,CABINET_ID,_SIZE,SEQ,_ROW,_COL,PERCENTAGE) VALUES('3-1-6B-1-2','1-2','3-1-6B',34,2,2,1,0);
INSERT INTO CELL(CELL_ID,NAME,CABINET_ID,_SIZE,SEQ,_ROW,_COL,PERCENTAGE) VALUES('3-1-6B-1-3','1-3','3-1-6B',34,3,3,1,0);
INSERT INTO CELL(CELL_ID,NAME,CABINET_ID,_SIZE,SEQ,_ROW,_COL,PERCENTAGE) VALUES('3-1-6B-1-4','1-4','3-1-6B',34,4,4,1,0);
INSERT INTO CELL(CELL_ID,NAME,CABINET_ID,_SIZE,SEQ,_ROW,_COL,PERCENTAGE) VALUES('3-1-6B-1-5','1-5','3-1-6B',34,5,5,1,0);
INSERT INTO CELL(CELL_ID,NAME,CABINET_ID,_SIZE,SEQ,_ROW,_COL,PERCENTAGE) VALUES('3-1-6B-1-6','1-6','3-1-6B',34,6,6,1,0);
INSERT INTO CELL(CELL_ID,NAME,CABINET_ID,_SIZE,SEQ,_ROW,_COL,PERCENTAGE) VALUES('3-1-6B-1-7','1-7','3-1-6B',34,7,7,1,0);
INSERT INTO CELL(CELL_ID,NAME,CABINET_ID,_SIZE,SEQ,_ROW,_COL,PERCENTAGE) VALUES('3-1-6B-2-1','2-1','3-1-6B',34,8,1,2,0);
INSERT INTO CELL(CELL_ID,NAME,CABINET_ID,_SIZE,SEQ,_ROW,_COL,PERCENTAGE) VALUES('3-1-6B-2-2','2-2','3-1-6B',34,9,2,2,0);
INSERT INTO CELL(CELL_ID,NAME,CABINET_ID,_SIZE,SEQ,_ROW,_COL,PERCENTAGE) VALUES('3-1-6B-2-3','2-3','3-1-6B',34,10,3,2,0);
INSERT INTO CELL(CELL_ID,NAME,CABINET_ID,_SIZE,SEQ,_ROW,_COL,PERCENTAGE) VALUES('3-1-6B-2-4','2-4','3-1-6B',34,11,4,2,0);
INSERT INTO CELL(CELL_ID,NAME,CABINET_ID,_SIZE,SEQ,_ROW,_COL,PERCENTAGE) VALUES('3-1-6B-2-5','2-5','3-1-6B',34,12,5,2,0);
INSERT INTO CELL(CELL_ID,NAME,CABINET_ID,_SIZE,SEQ,_ROW,_COL,PERCENTAGE) VALUES('3-1-6B-2-6','2-6','3-1-6B',34,13,6,2,0);
INSERT INTO CELL(CELL_ID,NAME,CABINET_ID,_SIZE,SEQ,_ROW,_COL,PERCENTAGE) VALUES('3-1-6B-2-7','2-7','3-1-6B',34,14,7,2,0);
INSERT INTO CELL(CELL_ID,NAME,CABINET_ID,_SIZE,SEQ,_ROW,_COL,PERCENTAGE) VALUES('3-1-6B-3-1','3-1','3-1-6B',34,15,1,3,0);
INSERT INTO CELL(CELL_ID,NAME,CABINET_ID,_SIZE,SEQ,_ROW,_COL,PERCENTAGE) VALUES('3-1-6B-3-2','3-2','3-1-6B',34,16,2,3,0);
INSERT INTO CELL(CELL_ID,NAME,CABINET_ID,_SIZE,SEQ,_ROW,_COL,PERCENTAGE) VALUES('3-1-6B-3-3','3-3','3-1-6B',34,17,3,3,0);
INSERT INTO CELL(CELL_ID,NAME,CABINET_ID,_SIZE,SEQ,_ROW,_COL,PERCENTAGE) VALUES('3-1-6B-3-4','3-4','3-1-6B',34,18,4,3,0);
INSERT INTO CELL(CELL_ID,NAME,CABINET_ID,_SIZE,SEQ,_ROW,_COL,PERCENTAGE) VALUES('3-1-6B-3-5','3-5','3-1-6B',34,19,5,3,0);
INSERT INTO CELL(CELL_ID,NAME,CABINET_ID,_SIZE,SEQ,_ROW,_COL,PERCENTAGE) VALUES('3-1-6B-3-6','3-6','3-1-6B',34,20,6,3,0);
INSERT INTO CELL(CELL_ID,NAME,CABINET_ID,_SIZE,SEQ,_ROW,_COL,PERCENTAGE) VALUES('3-1-6B-3-7','3-7','3-1-6B',34,21,7,3,0);
INSERT INTO CELL(CELL_ID,NAME,CABINET_ID,_SIZE,SEQ,_ROW,_COL,PERCENTAGE) VALUES('3-1-6B-4-1','4-1','3-1-6B',34,22,1,4,0);
INSERT INTO CELL(CELL_ID,NAME,CABINET_ID,_SIZE,SEQ,_ROW,_COL,PERCENTAGE) VALUES('3-1-6B-4-2','4-2','3-1-6B',34,23,2,4,0);
INSERT INTO CELL(CELL_ID,NAME,CABINET_ID,_SIZE,SEQ,_ROW,_COL,PERCENTAGE) VALUES('3-1-6B-4-3','4-3','3-1-6B',34,24,3,4,0);
INSERT INTO CELL(CELL_ID,NAME,CABINET_ID,_SIZE,SEQ,_ROW,_COL,PERCENTAGE) VALUES('3-1-6B-4-4','4-4','3-1-6B',34,25,4,4,0);
INSERT INTO CELL(CELL_ID,NAME,CABINET_ID,_SIZE,SEQ,_ROW,_COL,PERCENTAGE) VALUES('3-1-6B-4-5','4-5','3-1-6B',34,26,5,4,0);
INSERT INTO CELL(CELL_ID,NAME,CABINET_ID,_SIZE,SEQ,_ROW,_COL,PERCENTAGE) VALUES('3-1-6B-4-6','4-6','3-1-6B',34,27,6,4,0);
INSERT INTO CELL(CELL_ID,NAME,CABINET_ID,_SIZE,SEQ,_ROW,_COL,PERCENTAGE) VALUES('3-1-6B-4-7','4-7','3-1-6B',34,28,7,4,0);
INSERT INTO CELL(CELL_ID,NAME,CABINET_ID,_SIZE,SEQ,_ROW,_COL,PERCENTAGE) VALUES('3-1-6B-5-1','5-1','3-1-6B',34,29,1,5,0);
INSERT INTO CELL(CELL_ID,NAME,CABINET_ID,_SIZE,SEQ,_ROW,_COL,PERCENTAGE) VALUES('3-1-6B-5-2','5-2','3-1-6B',34,30,2,5,0);
INSERT INTO CELL(CELL_ID,NAME,CABINET_ID,_SIZE,SEQ,_ROW,_COL,PERCENTAGE) VALUES('3-1-6B-5-3','5-3','3-1-6B',34,31,3,5,0);
INSERT INTO CELL(CELL_ID,NAME,CABINET_ID,_SIZE,SEQ,_ROW,_COL,PERCENTAGE) VALUES('3-1-6B-5-4','5-4','3-1-6B',34,32,4,5,0);
INSERT INTO CELL(CELL_ID,NAME,CABINET_ID,_SIZE,SEQ,_ROW,_COL,PERCENTAGE) VALUES('3-1-6B-5-5','5-5','3-1-6B',34,33,5,5,0);
INSERT INTO CELL(CELL_ID,NAME,CABINET_ID,_SIZE,SEQ,_ROW,_COL,PERCENTAGE) VALUES('3-1-6B-5-6','5-6','3-1-6B',34,34,6,5,0);
INSERT INTO CELL(CELL_ID,NAME,CABINET_ID,_SIZE,SEQ,_ROW,_COL,PERCENTAGE) VALUES('3-1-6B-5-7','5-7','3-1-6B',34,35,7,5,0);
INSERT INTO CELL(CELL_ID,NAME,CABINET_ID,_SIZE,SEQ,_ROW,_COL,PERCENTAGE) VALUES('3-1-6B-6-1','6-1','3-1-6B',34,36,1,6,0);
INSERT INTO CELL(CELL_ID,NAME,CABINET_ID,_SIZE,SEQ,_ROW,_COL,PERCENTAGE) VALUES('3-1-6B-6-2','6-2','3-1-6B',34,37,2,6,0);
INSERT INTO CELL(CELL_ID,NAME,CABINET_ID,_SIZE,SEQ,_ROW,_COL,PERCENTAGE) VALUES('3-1-6B-6-3','6-3','3-1-6B',34,38,3,6,0);
INSERT INTO CELL(CELL_ID,NAME,CABINET_ID,_SIZE,SEQ,_ROW,_COL,PERCENTAGE) VALUES('3-1-6B-6-4','6-4','3-1-6B',34,39,4,6,0);
INSERT INTO CELL(CELL_ID,NAME,CABINET_ID,_SIZE,SEQ,_ROW,_COL,PERCENTAGE) VALUES('3-1-6B-6-5','6-5','3-1-6B',34,40,5,6,0);
INSERT INTO CELL(CELL_ID,NAME,CABINET_ID,_SIZE,SEQ,_ROW,_COL,PERCENTAGE) VALUES('3-1-6B-6-6','6-6','3-1-6B',34,41,6,6,0);
INSERT INTO CELL(CELL_ID,NAME,CABINET_ID,_SIZE,SEQ,_ROW,_COL,PERCENTAGE) VALUES('3-1-6B-6-7','6-7','3-1-6B',34,42,7,6,0);

-- 3-1-7A
INSERT INTO CELL(CELL_ID,NAME,CABINET_ID,_SIZE,SEQ,_ROW,_COL,PERCENTAGE) VALUES('3-1-7A-1-1','1-1','3-1-7A',34,1,1,1,0);
INSERT INTO CELL(CELL_ID,NAME,CABINET_ID,_SIZE,SEQ,_ROW,_COL,PERCENTAGE) VALUES('3-1-7A-1-2','1-2','3-1-7A',34,2,2,1,0);
INSERT INTO CELL(CELL_ID,NAME,CABINET_ID,_SIZE,SEQ,_ROW,_COL,PERCENTAGE) VALUES('3-1-7A-1-3','1-3','3-1-7A',34,3,3,1,0);
INSERT INTO CELL(CELL_ID,NAME,CABINET_ID,_SIZE,SEQ,_ROW,_COL,PERCENTAGE) VALUES('3-1-7A-1-4','1-4','3-1-7A',34,4,4,1,0);
INSERT INTO CELL(CELL_ID,NAME,CABINET_ID,_SIZE,SEQ,_ROW,_COL,PERCENTAGE) VALUES('3-1-7A-1-5','1-5','3-1-7A',34,5,5,1,0);
INSERT INTO CELL(CELL_ID,NAME,CABINET_ID,_SIZE,SEQ,_ROW,_COL,PERCENTAGE) VALUES('3-1-7A-1-6','1-6','3-1-7A',34,6,6,1,0);
INSERT INTO CELL(CELL_ID,NAME,CABINET_ID,_SIZE,SEQ,_ROW,_COL,PERCENTAGE) VALUES('3-1-7A-1-7','1-7','3-1-7A',34,7,7,1,0);
INSERT INTO CELL(CELL_ID,NAME,CABINET_ID,_SIZE,SEQ,_ROW,_COL,PERCENTAGE) VALUES('3-1-7A-2-1','2-1','3-1-7A',34,8,1,2,0);
INSERT INTO CELL(CELL_ID,NAME,CABINET_ID,_SIZE,SEQ,_ROW,_COL,PERCENTAGE) VALUES('3-1-7A-2-2','2-2','3-1-7A',34,9,2,2,0);
INSERT INTO CELL(CELL_ID,NAME,CABINET_ID,_SIZE,SEQ,_ROW,_COL,PERCENTAGE) VALUES('3-1-7A-2-3','2-3','3-1-7A',34,10,3,2,0);
INSERT INTO CELL(CELL_ID,NAME,CABINET_ID,_SIZE,SEQ,_ROW,_COL,PERCENTAGE) VALUES('3-1-7A-2-4','2-4','3-1-7A',34,11,4,2,0);
INSERT INTO CELL(CELL_ID,NAME,CABINET_ID,_SIZE,SEQ,_ROW,_COL,PERCENTAGE) VALUES('3-1-7A-2-5','2-5','3-1-7A',34,12,5,2,0);
INSERT INTO CELL(CELL_ID,NAME,CABINET_ID,_SIZE,SEQ,_ROW,_COL,PERCENTAGE) VALUES('3-1-7A-2-6','2-6','3-1-7A',34,13,6,2,0);
INSERT INTO CELL(CELL_ID,NAME,CABINET_ID,_SIZE,SEQ,_ROW,_COL,PERCENTAGE) VALUES('3-1-7A-2-7','2-7','3-1-7A',34,14,7,2,0);
INSERT INTO CELL(CELL_ID,NAME,CABINET_ID,_SIZE,SEQ,_ROW,_COL,PERCENTAGE) VALUES('3-1-7A-3-1','3-1','3-1-7A',34,15,1,3,0);
INSERT INTO CELL(CELL_ID,NAME,CABINET_ID,_SIZE,SEQ,_ROW,_COL,PERCENTAGE) VALUES('3-1-7A-3-2','3-2','3-1-7A',34,16,2,3,0);
INSERT INTO CELL(CELL_ID,NAME,CABINET_ID,_SIZE,SEQ,_ROW,_COL,PERCENTAGE) VALUES('3-1-7A-3-3','3-3','3-1-7A',34,17,3,3,0);
INSERT INTO CELL(CELL_ID,NAME,CABINET_ID,_SIZE,SEQ,_ROW,_COL,PERCENTAGE) VALUES('3-1-7A-3-4','3-4','3-1-7A',34,18,4,3,0);
INSERT INTO CELL(CELL_ID,NAME,CABINET_ID,_SIZE,SEQ,_ROW,_COL,PERCENTAGE) VALUES('3-1-7A-3-5','3-5','3-1-7A',34,19,5,3,0);
INSERT INTO CELL(CELL_ID,NAME,CABINET_ID,_SIZE,SEQ,_ROW,_COL,PERCENTAGE) VALUES('3-1-7A-3-6','3-6','3-1-7A',34,20,6,3,0);
INSERT INTO CELL(CELL_ID,NAME,CABINET_ID,_SIZE,SEQ,_ROW,_COL,PERCENTAGE) VALUES('3-1-7A-3-7','3-7','3-1-7A',34,21,7,3,0);
INSERT INTO CELL(CELL_ID,NAME,CABINET_ID,_SIZE,SEQ,_ROW,_COL,PERCENTAGE) VALUES('3-1-7A-4-1','4-1','3-1-7A',34,22,1,4,0);
INSERT INTO CELL(CELL_ID,NAME,CABINET_ID,_SIZE,SEQ,_ROW,_COL,PERCENTAGE) VALUES('3-1-7A-4-2','4-2','3-1-7A',34,23,2,4,0);
INSERT INTO CELL(CELL_ID,NAME,CABINET_ID,_SIZE,SEQ,_ROW,_COL,PERCENTAGE) VALUES('3-1-7A-4-3','4-3','3-1-7A',34,24,3,4,0);
INSERT INTO CELL(CELL_ID,NAME,CABINET_ID,_SIZE,SEQ,_ROW,_COL,PERCENTAGE) VALUES('3-1-7A-4-4','4-4','3-1-7A',34,25,4,4,0);
INSERT INTO CELL(CELL_ID,NAME,CABINET_ID,_SIZE,SEQ,_ROW,_COL,PERCENTAGE) VALUES('3-1-7A-4-5','4-5','3-1-7A',34,26,5,4,0);
INSERT INTO CELL(CELL_ID,NAME,CABINET_ID,_SIZE,SEQ,_ROW,_COL,PERCENTAGE) VALUES('3-1-7A-4-6','4-6','3-1-7A',34,27,6,4,0);
INSERT INTO CELL(CELL_ID,NAME,CABINET_ID,_SIZE,SEQ,_ROW,_COL,PERCENTAGE) VALUES('3-1-7A-4-7','4-7','3-1-7A',34,28,7,4,0);
INSERT INTO CELL(CELL_ID,NAME,CABINET_ID,_SIZE,SEQ,_ROW,_COL,PERCENTAGE) VALUES('3-1-7A-5-1','5-1','3-1-7A',34,29,1,5,0);
INSERT INTO CELL(CELL_ID,NAME,CABINET_ID,_SIZE,SEQ,_ROW,_COL,PERCENTAGE) VALUES('3-1-7A-5-2','5-2','3-1-7A',34,30,2,5,100);
INSERT INTO CELL(CELL_ID,NAME,CABINET_ID,_SIZE,SEQ,_ROW,_COL,PERCENTAGE) VALUES('3-1-7A-5-3','5-3','3-1-7A',34,31,3,5,0);
INSERT INTO CELL(CELL_ID,NAME,CABINET_ID,_SIZE,SEQ,_ROW,_COL,PERCENTAGE) VALUES('3-1-7A-5-4','5-4','3-1-7A',34,32,4,5,0);
INSERT INTO CELL(CELL_ID,NAME,CABINET_ID,_SIZE,SEQ,_ROW,_COL,PERCENTAGE) VALUES('3-1-7A-5-5','5-5','3-1-7A',34,33,5,5,0);
INSERT INTO CELL(CELL_ID,NAME,CABINET_ID,_SIZE,SEQ,_ROW,_COL,PERCENTAGE) VALUES('3-1-7A-5-6','5-6','3-1-7A',34,34,6,5,50);
INSERT INTO CELL(CELL_ID,NAME,CABINET_ID,_SIZE,SEQ,_ROW,_COL,PERCENTAGE) VALUES('3-1-7A-5-7','5-7','3-1-7A',34,35,7,5,100);
INSERT INTO CELL(CELL_ID,NAME,CABINET_ID,_SIZE,SEQ,_ROW,_COL,PERCENTAGE) VALUES('3-1-7A-6-1','6-1','3-1-7A',34,36,1,6,0);
INSERT INTO CELL(CELL_ID,NAME,CABINET_ID,_SIZE,SEQ,_ROW,_COL,PERCENTAGE) VALUES('3-1-7A-6-2','6-2','3-1-7A',34,37,2,6,0);
INSERT INTO CELL(CELL_ID,NAME,CABINET_ID,_SIZE,SEQ,_ROW,_COL,PERCENTAGE) VALUES('3-1-7A-6-3','6-3','3-1-7A',34,38,3,6,0);
INSERT INTO CELL(CELL_ID,NAME,CABINET_ID,_SIZE,SEQ,_ROW,_COL,PERCENTAGE) VALUES('3-1-7A-6-4','6-4','3-1-7A',34,39,4,6,0);
INSERT INTO CELL(CELL_ID,NAME,CABINET_ID,_SIZE,SEQ,_ROW,_COL,PERCENTAGE) VALUES('3-1-7A-6-5','6-5','3-1-7A',34,40,5,6,0);
INSERT INTO CELL(CELL_ID,NAME,CABINET_ID,_SIZE,SEQ,_ROW,_COL,PERCENTAGE) VALUES('3-1-7A-6-6','6-6','3-1-7A',34,41,6,6,0);
INSERT INTO CELL(CELL_ID,NAME,CABINET_ID,_SIZE,SEQ,_ROW,_COL,PERCENTAGE) VALUES('3-1-7A-6-7','6-7','3-1-7A',34,42,7,6,0);

-- 3-1-7B
INSERT INTO CELL(CELL_ID,NAME,CABINET_ID,_SIZE,SEQ,_ROW,_COL,PERCENTAGE) VALUES('3-1-7B-1-1','1-1','3-1-7B',34,1,1,1,0);
INSERT INTO CELL(CELL_ID,NAME,CABINET_ID,_SIZE,SEQ,_ROW,_COL,PERCENTAGE) VALUES('3-1-7B-1-2','1-2','3-1-7B',34,2,2,1,0);
INSERT INTO CELL(CELL_ID,NAME,CABINET_ID,_SIZE,SEQ,_ROW,_COL,PERCENTAGE) VALUES('3-1-7B-1-3','1-3','3-1-7B',34,3,3,1,0);
INSERT INTO CELL(CELL_ID,NAME,CABINET_ID,_SIZE,SEQ,_ROW,_COL,PERCENTAGE) VALUES('3-1-7B-1-4','1-4','3-1-7B',34,4,4,1,0);
INSERT INTO CELL(CELL_ID,NAME,CABINET_ID,_SIZE,SEQ,_ROW,_COL,PERCENTAGE) VALUES('3-1-7B-1-5','1-5','3-1-7B',34,5,5,1,50);
INSERT INTO CELL(CELL_ID,NAME,CABINET_ID,_SIZE,SEQ,_ROW,_COL,PERCENTAGE) VALUES('3-1-7B-1-6','1-6','3-1-7B',34,6,6,1,100);
INSERT INTO CELL(CELL_ID,NAME,CABINET_ID,_SIZE,SEQ,_ROW,_COL,PERCENTAGE) VALUES('3-1-7B-1-7','1-7','3-1-7B',34,7,7,1,100);
INSERT INTO CELL(CELL_ID,NAME,CABINET_ID,_SIZE,SEQ,_ROW,_COL,PERCENTAGE) VALUES('3-1-7B-2-1','2-1','3-1-7B',34,8,1,2,0);
INSERT INTO CELL(CELL_ID,NAME,CABINET_ID,_SIZE,SEQ,_ROW,_COL,PERCENTAGE) VALUES('3-1-7B-2-2','2-2','3-1-7B',34,9,2,2,0);
INSERT INTO CELL(CELL_ID,NAME,CABINET_ID,_SIZE,SEQ,_ROW,_COL,PERCENTAGE) VALUES('3-1-7B-2-3','2-3','3-1-7B',34,10,3,2,0);
INSERT INTO CELL(CELL_ID,NAME,CABINET_ID,_SIZE,SEQ,_ROW,_COL,PERCENTAGE) VALUES('3-1-7B-2-4','2-4','3-1-7B',34,11,4,2,0);
INSERT INTO CELL(CELL_ID,NAME,CABINET_ID,_SIZE,SEQ,_ROW,_COL,PERCENTAGE) VALUES('3-1-7B-2-5','2-5','3-1-7B',34,12,5,2,0);
INSERT INTO CELL(CELL_ID,NAME,CABINET_ID,_SIZE,SEQ,_ROW,_COL,PERCENTAGE) VALUES('3-1-7B-2-6','2-6','3-1-7B',34,13,6,2,0);
INSERT INTO CELL(CELL_ID,NAME,CABINET_ID,_SIZE,SEQ,_ROW,_COL,PERCENTAGE) VALUES('3-1-7B-2-7','2-7','3-1-7B',34,14,7,2,0);
INSERT INTO CELL(CELL_ID,NAME,CABINET_ID,_SIZE,SEQ,_ROW,_COL,PERCENTAGE) VALUES('3-1-7B-3-1','3-1','3-1-7B',34,15,1,3,0);
INSERT INTO CELL(CELL_ID,NAME,CABINET_ID,_SIZE,SEQ,_ROW,_COL,PERCENTAGE) VALUES('3-1-7B-3-2','3-2','3-1-7B',34,16,2,3,0);
INSERT INTO CELL(CELL_ID,NAME,CABINET_ID,_SIZE,SEQ,_ROW,_COL,PERCENTAGE) VALUES('3-1-7B-3-3','3-3','3-1-7B',34,17,3,3,0);
INSERT INTO CELL(CELL_ID,NAME,CABINET_ID,_SIZE,SEQ,_ROW,_COL,PERCENTAGE) VALUES('3-1-7B-3-4','3-4','3-1-7B',34,18,4,3,0);
INSERT INTO CELL(CELL_ID,NAME,CABINET_ID,_SIZE,SEQ,_ROW,_COL,PERCENTAGE) VALUES('3-1-7B-3-5','3-5','3-1-7B',34,19,5,3,0);
INSERT INTO CELL(CELL_ID,NAME,CABINET_ID,_SIZE,SEQ,_ROW,_COL,PERCENTAGE) VALUES('3-1-7B-3-6','3-6','3-1-7B',34,20,6,3,0);
INSERT INTO CELL(CELL_ID,NAME,CABINET_ID,_SIZE,SEQ,_ROW,_COL,PERCENTAGE) VALUES('3-1-7B-3-7','3-7','3-1-7B',34,21,7,3,50);
INSERT INTO CELL(CELL_ID,NAME,CABINET_ID,_SIZE,SEQ,_ROW,_COL,PERCENTAGE) VALUES('3-1-7B-4-1','4-1','3-1-7B',34,22,1,4,0);
INSERT INTO CELL(CELL_ID,NAME,CABINET_ID,_SIZE,SEQ,_ROW,_COL,PERCENTAGE) VALUES('3-1-7B-4-2','4-2','3-1-7B',34,23,2,4,0);
INSERT INTO CELL(CELL_ID,NAME,CABINET_ID,_SIZE,SEQ,_ROW,_COL,PERCENTAGE) VALUES('3-1-7B-4-3','4-3','3-1-7B',34,24,3,4,0);
INSERT INTO CELL(CELL_ID,NAME,CABINET_ID,_SIZE,SEQ,_ROW,_COL,PERCENTAGE) VALUES('3-1-7B-4-4','4-4','3-1-7B',34,25,4,4,0);
INSERT INTO CELL(CELL_ID,NAME,CABINET_ID,_SIZE,SEQ,_ROW,_COL,PERCENTAGE) VALUES('3-1-7B-4-5','4-5','3-1-7B',34,26,5,4,0);
INSERT INTO CELL(CELL_ID,NAME,CABINET_ID,_SIZE,SEQ,_ROW,_COL,PERCENTAGE) VALUES('3-1-7B-4-6','4-6','3-1-7B',34,27,6,4,0);
INSERT INTO CELL(CELL_ID,NAME,CABINET_ID,_SIZE,SEQ,_ROW,_COL,PERCENTAGE) VALUES('3-1-7B-4-7','4-7','3-1-7B',34,28,7,4,0);
INSERT INTO CELL(CELL_ID,NAME,CABINET_ID,_SIZE,SEQ,_ROW,_COL,PERCENTAGE) VALUES('3-1-7B-5-1','5-1','3-1-7B',34,29,1,5,50);
INSERT INTO CELL(CELL_ID,NAME,CABINET_ID,_SIZE,SEQ,_ROW,_COL,PERCENTAGE) VALUES('3-1-7B-5-2','5-2','3-1-7B',34,30,2,5,0);
INSERT INTO CELL(CELL_ID,NAME,CABINET_ID,_SIZE,SEQ,_ROW,_COL,PERCENTAGE) VALUES('3-1-7B-5-3','5-3','3-1-7B',34,31,3,5,0);
INSERT INTO CELL(CELL_ID,NAME,CABINET_ID,_SIZE,SEQ,_ROW,_COL,PERCENTAGE) VALUES('3-1-7B-5-4','5-4','3-1-7B',34,32,4,5,0);
INSERT INTO CELL(CELL_ID,NAME,CABINET_ID,_SIZE,SEQ,_ROW,_COL,PERCENTAGE) VALUES('3-1-7B-5-5','5-5','3-1-7B',34,33,5,5,0);
INSERT INTO CELL(CELL_ID,NAME,CABINET_ID,_SIZE,SEQ,_ROW,_COL,PERCENTAGE) VALUES('3-1-7B-5-6','5-6','3-1-7B',34,34,6,5,0);
INSERT INTO CELL(CELL_ID,NAME,CABINET_ID,_SIZE,SEQ,_ROW,_COL,PERCENTAGE) VALUES('3-1-7B-5-7','5-7','3-1-7B',34,35,7,5,0);
INSERT INTO CELL(CELL_ID,NAME,CABINET_ID,_SIZE,SEQ,_ROW,_COL,PERCENTAGE) VALUES('3-1-7B-6-1','6-1','3-1-7B',34,36,1,6,0);
INSERT INTO CELL(CELL_ID,NAME,CABINET_ID,_SIZE,SEQ,_ROW,_COL,PERCENTAGE) VALUES('3-1-7B-6-2','6-2','3-1-7B',34,37,2,6,50);
INSERT INTO CELL(CELL_ID,NAME,CABINET_ID,_SIZE,SEQ,_ROW,_COL,PERCENTAGE) VALUES('3-1-7B-6-3','6-3','3-1-7B',34,38,3,6,0);
INSERT INTO CELL(CELL_ID,NAME,CABINET_ID,_SIZE,SEQ,_ROW,_COL,PERCENTAGE) VALUES('3-1-7B-6-4','6-4','3-1-7B',34,39,4,6,0);
INSERT INTO CELL(CELL_ID,NAME,CABINET_ID,_SIZE,SEQ,_ROW,_COL,PERCENTAGE) VALUES('3-1-7B-6-5','6-5','3-1-7B',34,40,5,6,0);
INSERT INTO CELL(CELL_ID,NAME,CABINET_ID,_SIZE,SEQ,_ROW,_COL,PERCENTAGE) VALUES('3-1-7B-6-6','6-6','3-1-7B',34,41,6,6,0);
INSERT INTO CELL(CELL_ID,NAME,CABINET_ID,_SIZE,SEQ,_ROW,_COL,PERCENTAGE) VALUES('3-1-7B-6-7','6-7','3-1-7B',34,42,7,6,0);

-- 3-1-8A
INSERT INTO CELL(CELL_ID,NAME,CABINET_ID,_SIZE,SEQ,_ROW,_COL,PERCENTAGE) VALUES('3-1-8A-1-1','1-1','3-1-8A',34,1,1,1,0);
INSERT INTO CELL(CELL_ID,NAME,CABINET_ID,_SIZE,SEQ,_ROW,_COL,PERCENTAGE) VALUES('3-1-8A-1-2','1-2','3-1-8A',34,2,2,1,0);
INSERT INTO CELL(CELL_ID,NAME,CABINET_ID,_SIZE,SEQ,_ROW,_COL,PERCENTAGE) VALUES('3-1-8A-1-3','1-3','3-1-8A',34,3,3,1,0);
INSERT INTO CELL(CELL_ID,NAME,CABINET_ID,_SIZE,SEQ,_ROW,_COL,PERCENTAGE) VALUES('3-1-8A-1-4','1-4','3-1-8A',34,4,4,1,0);
INSERT INTO CELL(CELL_ID,NAME,CABINET_ID,_SIZE,SEQ,_ROW,_COL,PERCENTAGE) VALUES('3-1-8A-1-5','1-5','3-1-8A',34,5,5,1,0);
INSERT INTO CELL(CELL_ID,NAME,CABINET_ID,_SIZE,SEQ,_ROW,_COL,PERCENTAGE) VALUES('3-1-8A-1-6','1-6','3-1-8A',34,6,6,1,0);
INSERT INTO CELL(CELL_ID,NAME,CABINET_ID,_SIZE,SEQ,_ROW,_COL,PERCENTAGE) VALUES('3-1-8A-1-7','1-7','3-1-8A',34,7,7,1,0);
INSERT INTO CELL(CELL_ID,NAME,CABINET_ID,_SIZE,SEQ,_ROW,_COL,PERCENTAGE) VALUES('3-1-8A-2-1','2-1','3-1-8A',34,8,1,2,0);
INSERT INTO CELL(CELL_ID,NAME,CABINET_ID,_SIZE,SEQ,_ROW,_COL,PERCENTAGE) VALUES('3-1-8A-2-2','2-2','3-1-8A',34,9,2,2,0);
INSERT INTO CELL(CELL_ID,NAME,CABINET_ID,_SIZE,SEQ,_ROW,_COL,PERCENTAGE) VALUES('3-1-8A-2-3','2-3','3-1-8A',34,10,3,2,0);
INSERT INTO CELL(CELL_ID,NAME,CABINET_ID,_SIZE,SEQ,_ROW,_COL,PERCENTAGE) VALUES('3-1-8A-2-4','2-4','3-1-8A',34,11,4,2,0);
INSERT INTO CELL(CELL_ID,NAME,CABINET_ID,_SIZE,SEQ,_ROW,_COL,PERCENTAGE) VALUES('3-1-8A-2-5','2-5','3-1-8A',34,12,5,2,0);
INSERT INTO CELL(CELL_ID,NAME,CABINET_ID,_SIZE,SEQ,_ROW,_COL,PERCENTAGE) VALUES('3-1-8A-2-6','2-6','3-1-8A',34,13,6,2,0);
INSERT INTO CELL(CELL_ID,NAME,CABINET_ID,_SIZE,SEQ,_ROW,_COL,PERCENTAGE) VALUES('3-1-8A-2-7','2-7','3-1-8A',34,14,7,2,0);
INSERT INTO CELL(CELL_ID,NAME,CABINET_ID,_SIZE,SEQ,_ROW,_COL,PERCENTAGE) VALUES('3-1-8A-3-1','3-1','3-1-8A',34,15,1,3,0);
INSERT INTO CELL(CELL_ID,NAME,CABINET_ID,_SIZE,SEQ,_ROW,_COL,PERCENTAGE) VALUES('3-1-8A-3-2','3-2','3-1-8A',34,16,2,3,0);
INSERT INTO CELL(CELL_ID,NAME,CABINET_ID,_SIZE,SEQ,_ROW,_COL,PERCENTAGE) VALUES('3-1-8A-3-3','3-3','3-1-8A',34,17,3,3,0);
INSERT INTO CELL(CELL_ID,NAME,CABINET_ID,_SIZE,SEQ,_ROW,_COL,PERCENTAGE) VALUES('3-1-8A-3-4','3-4','3-1-8A',34,18,4,3,0);
INSERT INTO CELL(CELL_ID,NAME,CABINET_ID,_SIZE,SEQ,_ROW,_COL,PERCENTAGE) VALUES('3-1-8A-3-5','3-5','3-1-8A',34,19,5,3,0);
INSERT INTO CELL(CELL_ID,NAME,CABINET_ID,_SIZE,SEQ,_ROW,_COL,PERCENTAGE) VALUES('3-1-8A-3-6','3-6','3-1-8A',34,20,6,3,0);
INSERT INTO CELL(CELL_ID,NAME,CABINET_ID,_SIZE,SEQ,_ROW,_COL,PERCENTAGE) VALUES('3-1-8A-3-7','3-7','3-1-8A',34,21,7,3,0);
INSERT INTO CELL(CELL_ID,NAME,CABINET_ID,_SIZE,SEQ,_ROW,_COL,PERCENTAGE) VALUES('3-1-8A-4-1','4-1','3-1-8A',34,22,1,4,0);
INSERT INTO CELL(CELL_ID,NAME,CABINET_ID,_SIZE,SEQ,_ROW,_COL,PERCENTAGE) VALUES('3-1-8A-4-2','4-2','3-1-8A',34,23,2,4,0);
INSERT INTO CELL(CELL_ID,NAME,CABINET_ID,_SIZE,SEQ,_ROW,_COL,PERCENTAGE) VALUES('3-1-8A-4-3','4-3','3-1-8A',34,24,3,4,0);
INSERT INTO CELL(CELL_ID,NAME,CABINET_ID,_SIZE,SEQ,_ROW,_COL,PERCENTAGE) VALUES('3-1-8A-4-4','4-4','3-1-8A',34,25,4,4,0);
INSERT INTO CELL(CELL_ID,NAME,CABINET_ID,_SIZE,SEQ,_ROW,_COL,PERCENTAGE) VALUES('3-1-8A-4-5','4-5','3-1-8A',34,26,5,4,0);
INSERT INTO CELL(CELL_ID,NAME,CABINET_ID,_SIZE,SEQ,_ROW,_COL,PERCENTAGE) VALUES('3-1-8A-4-6','4-6','3-1-8A',34,27,6,4,0);
INSERT INTO CELL(CELL_ID,NAME,CABINET_ID,_SIZE,SEQ,_ROW,_COL,PERCENTAGE) VALUES('3-1-8A-4-7','4-7','3-1-8A',34,28,7,4,0);
INSERT INTO CELL(CELL_ID,NAME,CABINET_ID,_SIZE,SEQ,_ROW,_COL,PERCENTAGE) VALUES('3-1-8A-5-1','5-1','3-1-8A',34,29,1,5,0);
INSERT INTO CELL(CELL_ID,NAME,CABINET_ID,_SIZE,SEQ,_ROW,_COL,PERCENTAGE) VALUES('3-1-8A-5-2','5-2','3-1-8A',34,30,2,5,0);
INSERT INTO CELL(CELL_ID,NAME,CABINET_ID,_SIZE,SEQ,_ROW,_COL,PERCENTAGE) VALUES('3-1-8A-5-3','5-3','3-1-8A',34,31,3,5,0);
INSERT INTO CELL(CELL_ID,NAME,CABINET_ID,_SIZE,SEQ,_ROW,_COL,PERCENTAGE) VALUES('3-1-8A-5-4','5-4','3-1-8A',34,32,4,5,0);
INSERT INTO CELL(CELL_ID,NAME,CABINET_ID,_SIZE,SEQ,_ROW,_COL,PERCENTAGE) VALUES('3-1-8A-5-5','5-5','3-1-8A',34,33,5,5,0);
INSERT INTO CELL(CELL_ID,NAME,CABINET_ID,_SIZE,SEQ,_ROW,_COL,PERCENTAGE) VALUES('3-1-8A-5-6','5-6','3-1-8A',34,34,6,5,0);
INSERT INTO CELL(CELL_ID,NAME,CABINET_ID,_SIZE,SEQ,_ROW,_COL,PERCENTAGE) VALUES('3-1-8A-5-7','5-7','3-1-8A',34,35,7,5,0);
INSERT INTO CELL(CELL_ID,NAME,CABINET_ID,_SIZE,SEQ,_ROW,_COL,PERCENTAGE) VALUES('3-1-8A-6-1','6-1','3-1-8A',34,36,1,6,0);
INSERT INTO CELL(CELL_ID,NAME,CABINET_ID,_SIZE,SEQ,_ROW,_COL,PERCENTAGE) VALUES('3-1-8A-6-2','6-2','3-1-8A',34,37,2,6,0);
INSERT INTO CELL(CELL_ID,NAME,CABINET_ID,_SIZE,SEQ,_ROW,_COL,PERCENTAGE) VALUES('3-1-8A-6-3','6-3','3-1-8A',34,38,3,6,0);
INSERT INTO CELL(CELL_ID,NAME,CABINET_ID,_SIZE,SEQ,_ROW,_COL,PERCENTAGE) VALUES('3-1-8A-6-4','6-4','3-1-8A',34,39,4,6,0);
INSERT INTO CELL(CELL_ID,NAME,CABINET_ID,_SIZE,SEQ,_ROW,_COL,PERCENTAGE) VALUES('3-1-8A-6-5','6-5','3-1-8A',34,40,5,6,0);
INSERT INTO CELL(CELL_ID,NAME,CABINET_ID,_SIZE,SEQ,_ROW,_COL,PERCENTAGE) VALUES('3-1-8A-6-6','6-6','3-1-8A',34,41,6,6,0);
INSERT INTO CELL(CELL_ID,NAME,CABINET_ID,_SIZE,SEQ,_ROW,_COL,PERCENTAGE) VALUES('3-1-8A-6-7','6-7','3-1-8A',34,42,7,6,0);

-- 3-1-8B
INSERT INTO CELL(CELL_ID,NAME,CABINET_ID,_SIZE,SEQ,_ROW,_COL,PERCENTAGE) VALUES('3-1-8B-1-1','1-1','3-1-8B',34,1,1,1,0);
INSERT INTO CELL(CELL_ID,NAME,CABINET_ID,_SIZE,SEQ,_ROW,_COL,PERCENTAGE) VALUES('3-1-8B-1-2','1-2','3-1-8B',34,2,2,1,0);
INSERT INTO CELL(CELL_ID,NAME,CABINET_ID,_SIZE,SEQ,_ROW,_COL,PERCENTAGE) VALUES('3-1-8B-1-3','1-3','3-1-8B',34,3,3,1,0);
INSERT INTO CELL(CELL_ID,NAME,CABINET_ID,_SIZE,SEQ,_ROW,_COL,PERCENTAGE) VALUES('3-1-8B-1-4','1-4','3-1-8B',34,4,4,1,0);
INSERT INTO CELL(CELL_ID,NAME,CABINET_ID,_SIZE,SEQ,_ROW,_COL,PERCENTAGE) VALUES('3-1-8B-1-5','1-5','3-1-8B',34,5,5,1,0);
INSERT INTO CELL(CELL_ID,NAME,CABINET_ID,_SIZE,SEQ,_ROW,_COL,PERCENTAGE) VALUES('3-1-8B-1-6','1-6','3-1-8B',34,6,6,1,0);
INSERT INTO CELL(CELL_ID,NAME,CABINET_ID,_SIZE,SEQ,_ROW,_COL,PERCENTAGE) VALUES('3-1-8B-1-7','1-7','3-1-8B',34,7,7,1,0);
INSERT INTO CELL(CELL_ID,NAME,CABINET_ID,_SIZE,SEQ,_ROW,_COL,PERCENTAGE) VALUES('3-1-8B-2-1','2-1','3-1-8B',34,8,1,2,0);
INSERT INTO CELL(CELL_ID,NAME,CABINET_ID,_SIZE,SEQ,_ROW,_COL,PERCENTAGE) VALUES('3-1-8B-2-2','2-2','3-1-8B',34,9,2,2,0);
INSERT INTO CELL(CELL_ID,NAME,CABINET_ID,_SIZE,SEQ,_ROW,_COL,PERCENTAGE) VALUES('3-1-8B-2-3','2-3','3-1-8B',34,10,3,2,0);
INSERT INTO CELL(CELL_ID,NAME,CABINET_ID,_SIZE,SEQ,_ROW,_COL,PERCENTAGE) VALUES('3-1-8B-2-4','2-4','3-1-8B',34,11,4,2,0);
INSERT INTO CELL(CELL_ID,NAME,CABINET_ID,_SIZE,SEQ,_ROW,_COL,PERCENTAGE) VALUES('3-1-8B-2-5','2-5','3-1-8B',34,12,5,2,0);
INSERT INTO CELL(CELL_ID,NAME,CABINET_ID,_SIZE,SEQ,_ROW,_COL,PERCENTAGE) VALUES('3-1-8B-2-6','2-6','3-1-8B',34,13,6,2,0);
INSERT INTO CELL(CELL_ID,NAME,CABINET_ID,_SIZE,SEQ,_ROW,_COL,PERCENTAGE) VALUES('3-1-8B-2-7','2-7','3-1-8B',34,14,7,2,0);
INSERT INTO CELL(CELL_ID,NAME,CABINET_ID,_SIZE,SEQ,_ROW,_COL,PERCENTAGE) VALUES('3-1-8B-3-1','3-1','3-1-8B',34,15,1,3,0);
INSERT INTO CELL(CELL_ID,NAME,CABINET_ID,_SIZE,SEQ,_ROW,_COL,PERCENTAGE) VALUES('3-1-8B-3-2','3-2','3-1-8B',34,16,2,3,0);
INSERT INTO CELL(CELL_ID,NAME,CABINET_ID,_SIZE,SEQ,_ROW,_COL,PERCENTAGE) VALUES('3-1-8B-3-3','3-3','3-1-8B',34,17,3,3,0);
INSERT INTO CELL(CELL_ID,NAME,CABINET_ID,_SIZE,SEQ,_ROW,_COL,PERCENTAGE) VALUES('3-1-8B-3-4','3-4','3-1-8B',34,18,4,3,0);
INSERT INTO CELL(CELL_ID,NAME,CABINET_ID,_SIZE,SEQ,_ROW,_COL,PERCENTAGE) VALUES('3-1-8B-3-5','3-5','3-1-8B',34,19,5,3,0);
INSERT INTO CELL(CELL_ID,NAME,CABINET_ID,_SIZE,SEQ,_ROW,_COL,PERCENTAGE) VALUES('3-1-8B-3-6','3-6','3-1-8B',34,20,6,3,0);
INSERT INTO CELL(CELL_ID,NAME,CABINET_ID,_SIZE,SEQ,_ROW,_COL,PERCENTAGE) VALUES('3-1-8B-3-7','3-7','3-1-8B',34,21,7,3,0);
INSERT INTO CELL(CELL_ID,NAME,CABINET_ID,_SIZE,SEQ,_ROW,_COL,PERCENTAGE) VALUES('3-1-8B-4-1','4-1','3-1-8B',34,22,1,4,0);
INSERT INTO CELL(CELL_ID,NAME,CABINET_ID,_SIZE,SEQ,_ROW,_COL,PERCENTAGE) VALUES('3-1-8B-4-2','4-2','3-1-8B',34,23,2,4,0);
INSERT INTO CELL(CELL_ID,NAME,CABINET_ID,_SIZE,SEQ,_ROW,_COL,PERCENTAGE) VALUES('3-1-8B-4-3','4-3','3-1-8B',34,24,3,4,0);
INSERT INTO CELL(CELL_ID,NAME,CABINET_ID,_SIZE,SEQ,_ROW,_COL,PERCENTAGE) VALUES('3-1-8B-4-4','4-4','3-1-8B',34,25,4,4,0);
INSERT INTO CELL(CELL_ID,NAME,CABINET_ID,_SIZE,SEQ,_ROW,_COL,PERCENTAGE) VALUES('3-1-8B-4-5','4-5','3-1-8B',34,26,5,4,0);
INSERT INTO CELL(CELL_ID,NAME,CABINET_ID,_SIZE,SEQ,_ROW,_COL,PERCENTAGE) VALUES('3-1-8B-4-6','4-6','3-1-8B',34,27,6,4,0);
INSERT INTO CELL(CELL_ID,NAME,CABINET_ID,_SIZE,SEQ,_ROW,_COL,PERCENTAGE) VALUES('3-1-8B-4-7','4-7','3-1-8B',34,28,7,4,0);
INSERT INTO CELL(CELL_ID,NAME,CABINET_ID,_SIZE,SEQ,_ROW,_COL,PERCENTAGE) VALUES('3-1-8B-5-1','5-1','3-1-8B',34,29,1,5,0);
INSERT INTO CELL(CELL_ID,NAME,CABINET_ID,_SIZE,SEQ,_ROW,_COL,PERCENTAGE) VALUES('3-1-8B-5-2','5-2','3-1-8B',34,30,2,5,0);
INSERT INTO CELL(CELL_ID,NAME,CABINET_ID,_SIZE,SEQ,_ROW,_COL,PERCENTAGE) VALUES('3-1-8B-5-3','5-3','3-1-8B',34,31,3,5,0);
INSERT INTO CELL(CELL_ID,NAME,CABINET_ID,_SIZE,SEQ,_ROW,_COL,PERCENTAGE) VALUES('3-1-8B-5-4','5-4','3-1-8B',34,32,4,5,0);
INSERT INTO CELL(CELL_ID,NAME,CABINET_ID,_SIZE,SEQ,_ROW,_COL,PERCENTAGE) VALUES('3-1-8B-5-5','5-5','3-1-8B',34,33,5,5,0);
INSERT INTO CELL(CELL_ID,NAME,CABINET_ID,_SIZE,SEQ,_ROW,_COL,PERCENTAGE) VALUES('3-1-8B-5-6','5-6','3-1-8B',34,34,6,5,0);
INSERT INTO CELL(CELL_ID,NAME,CABINET_ID,_SIZE,SEQ,_ROW,_COL,PERCENTAGE) VALUES('3-1-8B-5-7','5-7','3-1-8B',34,35,7,5,0);
INSERT INTO CELL(CELL_ID,NAME,CABINET_ID,_SIZE,SEQ,_ROW,_COL,PERCENTAGE) VALUES('3-1-8B-6-1','6-1','3-1-8B',34,36,1,6,0);
INSERT INTO CELL(CELL_ID,NAME,CABINET_ID,_SIZE,SEQ,_ROW,_COL,PERCENTAGE) VALUES('3-1-8B-6-2','6-2','3-1-8B',34,37,2,6,0);
INSERT INTO CELL(CELL_ID,NAME,CABINET_ID,_SIZE,SEQ,_ROW,_COL,PERCENTAGE) VALUES('3-1-8B-6-3','6-3','3-1-8B',34,38,3,6,0);
INSERT INTO CELL(CELL_ID,NAME,CABINET_ID,_SIZE,SEQ,_ROW,_COL,PERCENTAGE) VALUES('3-1-8B-6-4','6-4','3-1-8B',34,39,4,6,0);
INSERT INTO CELL(CELL_ID,NAME,CABINET_ID,_SIZE,SEQ,_ROW,_COL,PERCENTAGE) VALUES('3-1-8B-6-5','6-5','3-1-8B',34,40,5,6,0);
INSERT INTO CELL(CELL_ID,NAME,CABINET_ID,_SIZE,SEQ,_ROW,_COL,PERCENTAGE) VALUES('3-1-8B-6-6','6-6','3-1-8B',34,41,6,6,0);
INSERT INTO CELL(CELL_ID,NAME,CABINET_ID,_SIZE,SEQ,_ROW,_COL,PERCENTAGE) VALUES('3-1-8B-6-7','6-7','3-1-8B',34,42,7,6,0);

-- 3-1-9A
INSERT INTO CELL(CELL_ID,NAME,CABINET_ID,_SIZE,SEQ,_ROW,_COL,PERCENTAGE) VALUES('3-1-9A-1-1','1-1','3-1-9A',34,1,1,1,0);
INSERT INTO CELL(CELL_ID,NAME,CABINET_ID,_SIZE,SEQ,_ROW,_COL,PERCENTAGE) VALUES('3-1-9A-1-2','1-2','3-1-9A',34,2,2,1,0);
INSERT INTO CELL(CELL_ID,NAME,CABINET_ID,_SIZE,SEQ,_ROW,_COL,PERCENTAGE) VALUES('3-1-9A-1-3','1-3','3-1-9A',34,3,3,1,0);
INSERT INTO CELL(CELL_ID,NAME,CABINET_ID,_SIZE,SEQ,_ROW,_COL,PERCENTAGE) VALUES('3-1-9A-1-4','1-4','3-1-9A',34,4,4,1,0);
INSERT INTO CELL(CELL_ID,NAME,CABINET_ID,_SIZE,SEQ,_ROW,_COL,PERCENTAGE) VALUES('3-1-9A-1-5','1-5','3-1-9A',34,5,5,1,0);
INSERT INTO CELL(CELL_ID,NAME,CABINET_ID,_SIZE,SEQ,_ROW,_COL,PERCENTAGE) VALUES('3-1-9A-1-6','1-6','3-1-9A',34,6,6,1,0);
INSERT INTO CELL(CELL_ID,NAME,CABINET_ID,_SIZE,SEQ,_ROW,_COL,PERCENTAGE) VALUES('3-1-9A-1-7','1-7','3-1-9A',34,7,7,1,0);
INSERT INTO CELL(CELL_ID,NAME,CABINET_ID,_SIZE,SEQ,_ROW,_COL,PERCENTAGE) VALUES('3-1-9A-2-1','2-1','3-1-9A',34,8,1,2,0);
INSERT INTO CELL(CELL_ID,NAME,CABINET_ID,_SIZE,SEQ,_ROW,_COL,PERCENTAGE) VALUES('3-1-9A-2-2','2-2','3-1-9A',34,9,2,2,0);
INSERT INTO CELL(CELL_ID,NAME,CABINET_ID,_SIZE,SEQ,_ROW,_COL,PERCENTAGE) VALUES('3-1-9A-2-3','2-3','3-1-9A',34,10,3,2,0);
INSERT INTO CELL(CELL_ID,NAME,CABINET_ID,_SIZE,SEQ,_ROW,_COL,PERCENTAGE) VALUES('3-1-9A-2-4','2-4','3-1-9A',34,11,4,2,0);
INSERT INTO CELL(CELL_ID,NAME,CABINET_ID,_SIZE,SEQ,_ROW,_COL,PERCENTAGE) VALUES('3-1-9A-2-5','2-5','3-1-9A',34,12,5,2,0);
INSERT INTO CELL(CELL_ID,NAME,CABINET_ID,_SIZE,SEQ,_ROW,_COL,PERCENTAGE) VALUES('3-1-9A-2-6','2-6','3-1-9A',34,13,6,2,0);
INSERT INTO CELL(CELL_ID,NAME,CABINET_ID,_SIZE,SEQ,_ROW,_COL,PERCENTAGE) VALUES('3-1-9A-2-7','2-7','3-1-9A',34,14,7,2,0);
INSERT INTO CELL(CELL_ID,NAME,CABINET_ID,_SIZE,SEQ,_ROW,_COL,PERCENTAGE) VALUES('3-1-9A-3-1','3-1','3-1-9A',34,15,1,3,0);
INSERT INTO CELL(CELL_ID,NAME,CABINET_ID,_SIZE,SEQ,_ROW,_COL,PERCENTAGE) VALUES('3-1-9A-3-2','3-2','3-1-9A',34,16,2,3,0);
INSERT INTO CELL(CELL_ID,NAME,CABINET_ID,_SIZE,SEQ,_ROW,_COL,PERCENTAGE) VALUES('3-1-9A-3-3','3-3','3-1-9A',34,17,3,3,0);
INSERT INTO CELL(CELL_ID,NAME,CABINET_ID,_SIZE,SEQ,_ROW,_COL,PERCENTAGE) VALUES('3-1-9A-3-4','3-4','3-1-9A',34,18,4,3,0);
INSERT INTO CELL(CELL_ID,NAME,CABINET_ID,_SIZE,SEQ,_ROW,_COL,PERCENTAGE) VALUES('3-1-9A-3-5','3-5','3-1-9A',34,19,5,3,0);
INSERT INTO CELL(CELL_ID,NAME,CABINET_ID,_SIZE,SEQ,_ROW,_COL,PERCENTAGE) VALUES('3-1-9A-3-6','3-6','3-1-9A',34,20,6,3,0);
INSERT INTO CELL(CELL_ID,NAME,CABINET_ID,_SIZE,SEQ,_ROW,_COL,PERCENTAGE) VALUES('3-1-9A-3-7','3-7','3-1-9A',34,21,7,3,0);
INSERT INTO CELL(CELL_ID,NAME,CABINET_ID,_SIZE,SEQ,_ROW,_COL,PERCENTAGE) VALUES('3-1-9A-4-1','4-1','3-1-9A',34,22,1,4,0);
INSERT INTO CELL(CELL_ID,NAME,CABINET_ID,_SIZE,SEQ,_ROW,_COL,PERCENTAGE) VALUES('3-1-9A-4-2','4-2','3-1-9A',34,23,2,4,0);
INSERT INTO CELL(CELL_ID,NAME,CABINET_ID,_SIZE,SEQ,_ROW,_COL,PERCENTAGE) VALUES('3-1-9A-4-3','4-3','3-1-9A',34,24,3,4,0);
INSERT INTO CELL(CELL_ID,NAME,CABINET_ID,_SIZE,SEQ,_ROW,_COL,PERCENTAGE) VALUES('3-1-9A-4-4','4-4','3-1-9A',34,25,4,4,0);
INSERT INTO CELL(CELL_ID,NAME,CABINET_ID,_SIZE,SEQ,_ROW,_COL,PERCENTAGE) VALUES('3-1-9A-4-5','4-5','3-1-9A',34,26,5,4,0);
INSERT INTO CELL(CELL_ID,NAME,CABINET_ID,_SIZE,SEQ,_ROW,_COL,PERCENTAGE) VALUES('3-1-9A-4-6','4-6','3-1-9A',34,27,6,4,0);
INSERT INTO CELL(CELL_ID,NAME,CABINET_ID,_SIZE,SEQ,_ROW,_COL,PERCENTAGE) VALUES('3-1-9A-4-7','4-7','3-1-9A',34,28,7,4,0);
INSERT INTO CELL(CELL_ID,NAME,CABINET_ID,_SIZE,SEQ,_ROW,_COL,PERCENTAGE) VALUES('3-1-9A-5-1','5-1','3-1-9A',34,29,1,5,0);
INSERT INTO CELL(CELL_ID,NAME,CABINET_ID,_SIZE,SEQ,_ROW,_COL,PERCENTAGE) VALUES('3-1-9A-5-2','5-2','3-1-9A',34,30,2,5,0);
INSERT INTO CELL(CELL_ID,NAME,CABINET_ID,_SIZE,SEQ,_ROW,_COL,PERCENTAGE) VALUES('3-1-9A-5-3','5-3','3-1-9A',34,31,3,5,0);
INSERT INTO CELL(CELL_ID,NAME,CABINET_ID,_SIZE,SEQ,_ROW,_COL,PERCENTAGE) VALUES('3-1-9A-5-4','5-4','3-1-9A',34,32,4,5,0);
INSERT INTO CELL(CELL_ID,NAME,CABINET_ID,_SIZE,SEQ,_ROW,_COL,PERCENTAGE) VALUES('3-1-9A-5-5','5-5','3-1-9A',34,33,5,5,0);
INSERT INTO CELL(CELL_ID,NAME,CABINET_ID,_SIZE,SEQ,_ROW,_COL,PERCENTAGE) VALUES('3-1-9A-5-6','5-6','3-1-9A',34,34,6,5,0);
INSERT INTO CELL(CELL_ID,NAME,CABINET_ID,_SIZE,SEQ,_ROW,_COL,PERCENTAGE) VALUES('3-1-9A-5-7','5-7','3-1-9A',34,35,7,5,0);
INSERT INTO CELL(CELL_ID,NAME,CABINET_ID,_SIZE,SEQ,_ROW,_COL,PERCENTAGE) VALUES('3-1-9A-6-1','6-1','3-1-9A',34,36,1,6,0);
INSERT INTO CELL(CELL_ID,NAME,CABINET_ID,_SIZE,SEQ,_ROW,_COL,PERCENTAGE) VALUES('3-1-9A-6-2','6-2','3-1-9A',34,37,2,6,0);
INSERT INTO CELL(CELL_ID,NAME,CABINET_ID,_SIZE,SEQ,_ROW,_COL,PERCENTAGE) VALUES('3-1-9A-6-3','6-3','3-1-9A',34,38,3,6,0);
INSERT INTO CELL(CELL_ID,NAME,CABINET_ID,_SIZE,SEQ,_ROW,_COL,PERCENTAGE) VALUES('3-1-9A-6-4','6-4','3-1-9A',34,39,4,6,0);
INSERT INTO CELL(CELL_ID,NAME,CABINET_ID,_SIZE,SEQ,_ROW,_COL,PERCENTAGE) VALUES('3-1-9A-6-5','6-5','3-1-9A',34,40,5,6,0);
INSERT INTO CELL(CELL_ID,NAME,CABINET_ID,_SIZE,SEQ,_ROW,_COL,PERCENTAGE) VALUES('3-1-9A-6-6','6-6','3-1-9A',34,41,6,6,0);
INSERT INTO CELL(CELL_ID,NAME,CABINET_ID,_SIZE,SEQ,_ROW,_COL,PERCENTAGE) VALUES('3-1-9A-6-7','6-7','3-1-9A',34,42,7,6,0);


-- 3-1-9B
INSERT INTO CELL(CELL_ID,NAME,CABINET_ID,_SIZE,SEQ,_ROW,_COL,PERCENTAGE) VALUES('3-1-9B-1-1','1-1','3-1-9B',34,1,1,1,0);
INSERT INTO CELL(CELL_ID,NAME,CABINET_ID,_SIZE,SEQ,_ROW,_COL,PERCENTAGE) VALUES('3-1-9B-1-2','1-2','3-1-9B',34,2,2,1,0);
INSERT INTO CELL(CELL_ID,NAME,CABINET_ID,_SIZE,SEQ,_ROW,_COL,PERCENTAGE) VALUES('3-1-9B-1-3','1-3','3-1-9B',34,3,3,1,0);
INSERT INTO CELL(CELL_ID,NAME,CABINET_ID,_SIZE,SEQ,_ROW,_COL,PERCENTAGE) VALUES('3-1-9B-1-4','1-4','3-1-9B',34,4,4,1,0);
INSERT INTO CELL(CELL_ID,NAME,CABINET_ID,_SIZE,SEQ,_ROW,_COL,PERCENTAGE) VALUES('3-1-9B-1-5','1-5','3-1-9B',34,5,5,1,100);
INSERT INTO CELL(CELL_ID,NAME,CABINET_ID,_SIZE,SEQ,_ROW,_COL,PERCENTAGE) VALUES('3-1-9B-1-6','1-6','3-1-9B',34,6,6,1,100);
INSERT INTO CELL(CELL_ID,NAME,CABINET_ID,_SIZE,SEQ,_ROW,_COL,PERCENTAGE) VALUES('3-1-9B-1-7','1-7','3-1-9B',34,7,7,1,100);
INSERT INTO CELL(CELL_ID,NAME,CABINET_ID,_SIZE,SEQ,_ROW,_COL,PERCENTAGE) VALUES('3-1-9B-2-1','2-1','3-1-9B',34,8,1,2,0);
INSERT INTO CELL(CELL_ID,NAME,CABINET_ID,_SIZE,SEQ,_ROW,_COL,PERCENTAGE) VALUES('3-1-9B-2-2','2-2','3-1-9B',34,9,2,2,0);
INSERT INTO CELL(CELL_ID,NAME,CABINET_ID,_SIZE,SEQ,_ROW,_COL,PERCENTAGE) VALUES('3-1-9B-2-3','2-3','3-1-9B',34,10,3,2,0);
INSERT INTO CELL(CELL_ID,NAME,CABINET_ID,_SIZE,SEQ,_ROW,_COL,PERCENTAGE) VALUES('3-1-9B-2-4','2-4','3-1-9B',34,11,4,2,50);
INSERT INTO CELL(CELL_ID,NAME,CABINET_ID,_SIZE,SEQ,_ROW,_COL,PERCENTAGE) VALUES('3-1-9B-2-5','2-5','3-1-9B',34,12,5,2,100);
INSERT INTO CELL(CELL_ID,NAME,CABINET_ID,_SIZE,SEQ,_ROW,_COL,PERCENTAGE) VALUES('3-1-9B-2-6','2-6','3-1-9B',34,13,6,2,100);
INSERT INTO CELL(CELL_ID,NAME,CABINET_ID,_SIZE,SEQ,_ROW,_COL,PERCENTAGE) VALUES('3-1-9B-2-7','2-7','3-1-9B',34,14,7,2,100);
INSERT INTO CELL(CELL_ID,NAME,CABINET_ID,_SIZE,SEQ,_ROW,_COL,PERCENTAGE) VALUES('3-1-9B-3-1','3-1','3-1-9B',34,15,1,3,0);
INSERT INTO CELL(CELL_ID,NAME,CABINET_ID,_SIZE,SEQ,_ROW,_COL,PERCENTAGE) VALUES('3-1-9B-3-2','3-2','3-1-9B',34,16,2,3,0);
INSERT INTO CELL(CELL_ID,NAME,CABINET_ID,_SIZE,SEQ,_ROW,_COL,PERCENTAGE) VALUES('3-1-9B-3-3','3-3','3-1-9B',34,17,3,3,100);
INSERT INTO CELL(CELL_ID,NAME,CABINET_ID,_SIZE,SEQ,_ROW,_COL,PERCENTAGE) VALUES('3-1-9B-3-4','3-4','3-1-9B',34,18,4,3,100);
INSERT INTO CELL(CELL_ID,NAME,CABINET_ID,_SIZE,SEQ,_ROW,_COL,PERCENTAGE) VALUES('3-1-9B-3-5','3-5','3-1-9B',34,19,5,3,100);
INSERT INTO CELL(CELL_ID,NAME,CABINET_ID,_SIZE,SEQ,_ROW,_COL,PERCENTAGE) VALUES('3-1-9B-3-6','3-6','3-1-9B',34,20,6,3,100);
INSERT INTO CELL(CELL_ID,NAME,CABINET_ID,_SIZE,SEQ,_ROW,_COL,PERCENTAGE) VALUES('3-1-9B-3-7','3-7','3-1-9B',34,21,7,3,100);
INSERT INTO CELL(CELL_ID,NAME,CABINET_ID,_SIZE,SEQ,_ROW,_COL,PERCENTAGE) VALUES('3-1-9B-4-1','4-1','3-1-9B',34,22,1,4,0);
INSERT INTO CELL(CELL_ID,NAME,CABINET_ID,_SIZE,SEQ,_ROW,_COL,PERCENTAGE) VALUES('3-1-9B-4-2','4-2','3-1-9B',34,23,2,4,50);
INSERT INTO CELL(CELL_ID,NAME,CABINET_ID,_SIZE,SEQ,_ROW,_COL,PERCENTAGE) VALUES('3-1-9B-4-3','4-3','3-1-9B',34,24,3,4,100);
INSERT INTO CELL(CELL_ID,NAME,CABINET_ID,_SIZE,SEQ,_ROW,_COL,PERCENTAGE) VALUES('3-1-9B-4-4','4-4','3-1-9B',34,25,4,4,100);
INSERT INTO CELL(CELL_ID,NAME,CABINET_ID,_SIZE,SEQ,_ROW,_COL,PERCENTAGE) VALUES('3-1-9B-4-5','4-5','3-1-9B',34,26,5,4,100);
INSERT INTO CELL(CELL_ID,NAME,CABINET_ID,_SIZE,SEQ,_ROW,_COL,PERCENTAGE) VALUES('3-1-9B-4-6','4-6','3-1-9B',34,27,6,4,100);
INSERT INTO CELL(CELL_ID,NAME,CABINET_ID,_SIZE,SEQ,_ROW,_COL,PERCENTAGE) VALUES('3-1-9B-4-7','4-7','3-1-9B',34,28,7,4,100);
INSERT INTO CELL(CELL_ID,NAME,CABINET_ID,_SIZE,SEQ,_ROW,_COL,PERCENTAGE) VALUES('3-1-9B-5-1','5-1','3-1-9B',34,29,1,5,0);
INSERT INTO CELL(CELL_ID,NAME,CABINET_ID,_SIZE,SEQ,_ROW,_COL,PERCENTAGE) VALUES('3-1-9B-5-2','5-2','3-1-9B',34,30,2,5,0);
INSERT INTO CELL(CELL_ID,NAME,CABINET_ID,_SIZE,SEQ,_ROW,_COL,PERCENTAGE) VALUES('3-1-9B-5-3','5-3','3-1-9B',34,31,3,5,0);
INSERT INTO CELL(CELL_ID,NAME,CABINET_ID,_SIZE,SEQ,_ROW,_COL,PERCENTAGE) VALUES('3-1-9B-5-4','5-4','3-1-9B',34,32,4,5,0);
INSERT INTO CELL(CELL_ID,NAME,CABINET_ID,_SIZE,SEQ,_ROW,_COL,PERCENTAGE) VALUES('3-1-9B-5-5','5-5','3-1-9B',34,33,5,5,0);
INSERT INTO CELL(CELL_ID,NAME,CABINET_ID,_SIZE,SEQ,_ROW,_COL,PERCENTAGE) VALUES('3-1-9B-5-6','5-6','3-1-9B',34,34,6,5,0);
INSERT INTO CELL(CELL_ID,NAME,CABINET_ID,_SIZE,SEQ,_ROW,_COL,PERCENTAGE) VALUES('3-1-9B-5-7','5-7','3-1-9B',34,35,7,5,0);
INSERT INTO CELL(CELL_ID,NAME,CABINET_ID,_SIZE,SEQ,_ROW,_COL,PERCENTAGE) VALUES('3-1-9B-6-1','6-1','3-1-9B',34,36,1,6,0);
INSERT INTO CELL(CELL_ID,NAME,CABINET_ID,_SIZE,SEQ,_ROW,_COL,PERCENTAGE) VALUES('3-1-9B-6-2','6-2','3-1-9B',34,37,2,6,0);
INSERT INTO CELL(CELL_ID,NAME,CABINET_ID,_SIZE,SEQ,_ROW,_COL,PERCENTAGE) VALUES('3-1-9B-6-3','6-3','3-1-9B',34,38,3,6,0);
INSERT INTO CELL(CELL_ID,NAME,CABINET_ID,_SIZE,SEQ,_ROW,_COL,PERCENTAGE) VALUES('3-1-9B-6-4','6-4','3-1-9B',34,39,4,6,0);
INSERT INTO CELL(CELL_ID,NAME,CABINET_ID,_SIZE,SEQ,_ROW,_COL,PERCENTAGE) VALUES('3-1-9B-6-5','6-5','3-1-9B',34,40,5,6,0);
INSERT INTO CELL(CELL_ID,NAME,CABINET_ID,_SIZE,SEQ,_ROW,_COL,PERCENTAGE) VALUES('3-1-9B-6-6','6-6','3-1-9B',34,41,6,6,0);
INSERT INTO CELL(CELL_ID,NAME,CABINET_ID,_SIZE,SEQ,_ROW,_COL,PERCENTAGE) VALUES('3-1-9B-6-7','6-7','3-1-9B',34,42,7,6,0);

-- 3-1-10A
INSERT INTO CELL(CELL_ID,NAME,CABINET_ID,_SIZE,SEQ,_ROW,_COL,PERCENTAGE) VALUES('3-1-10A-1-1','1-1','3-1-10A',34,1,1,1,0);
INSERT INTO CELL(CELL_ID,NAME,CABINET_ID,_SIZE,SEQ,_ROW,_COL,PERCENTAGE) VALUES('3-1-10A-1-2','1-2','3-1-10A',34,2,2,1,0);
INSERT INTO CELL(CELL_ID,NAME,CABINET_ID,_SIZE,SEQ,_ROW,_COL,PERCENTAGE) VALUES('3-1-10A-1-3','1-3','3-1-10A',34,3,3,1,0);
INSERT INTO CELL(CELL_ID,NAME,CABINET_ID,_SIZE,SEQ,_ROW,_COL,PERCENTAGE) VALUES('3-1-10A-1-4','1-4','3-1-10A',34,4,4,1,0);
INSERT INTO CELL(CELL_ID,NAME,CABINET_ID,_SIZE,SEQ,_ROW,_COL,PERCENTAGE) VALUES('3-1-10A-1-5','1-5','3-1-10A',34,5,5,1,0);
INSERT INTO CELL(CELL_ID,NAME,CABINET_ID,_SIZE,SEQ,_ROW,_COL,PERCENTAGE) VALUES('3-1-10A-1-6','1-6','3-1-10A',34,6,6,1,0);
INSERT INTO CELL(CELL_ID,NAME,CABINET_ID,_SIZE,SEQ,_ROW,_COL,PERCENTAGE) VALUES('3-1-10A-1-7','1-7','3-1-10A',34,7,7,1,50);
INSERT INTO CELL(CELL_ID,NAME,CABINET_ID,_SIZE,SEQ,_ROW,_COL,PERCENTAGE) VALUES('3-1-10A-2-1','2-1','3-1-10A',34,8,1,2,0);
INSERT INTO CELL(CELL_ID,NAME,CABINET_ID,_SIZE,SEQ,_ROW,_COL,PERCENTAGE) VALUES('3-1-10A-2-2','2-2','3-1-10A',34,9,2,2,0);
INSERT INTO CELL(CELL_ID,NAME,CABINET_ID,_SIZE,SEQ,_ROW,_COL,PERCENTAGE) VALUES('3-1-10A-2-3','2-3','3-1-10A',34,10,3,2,0);
INSERT INTO CELL(CELL_ID,NAME,CABINET_ID,_SIZE,SEQ,_ROW,_COL,PERCENTAGE) VALUES('3-1-10A-2-4','2-4','3-1-10A',34,11,4,2,0);
INSERT INTO CELL(CELL_ID,NAME,CABINET_ID,_SIZE,SEQ,_ROW,_COL,PERCENTAGE) VALUES('3-1-10A-2-5','2-5','3-1-10A',34,12,5,2,0);
INSERT INTO CELL(CELL_ID,NAME,CABINET_ID,_SIZE,SEQ,_ROW,_COL,PERCENTAGE) VALUES('3-1-10A-2-6','2-6','3-1-10A',34,13,6,2,0);
INSERT INTO CELL(CELL_ID,NAME,CABINET_ID,_SIZE,SEQ,_ROW,_COL,PERCENTAGE) VALUES('3-1-10A-2-7','2-7','3-1-10A',34,14,7,2,50);
INSERT INTO CELL(CELL_ID,NAME,CABINET_ID,_SIZE,SEQ,_ROW,_COL,PERCENTAGE) VALUES('3-1-10A-3-1','3-1','3-1-10A',34,15,1,3,100);
INSERT INTO CELL(CELL_ID,NAME,CABINET_ID,_SIZE,SEQ,_ROW,_COL,PERCENTAGE) VALUES('3-1-10A-3-2','3-2','3-1-10A',34,16,2,3,0);
INSERT INTO CELL(CELL_ID,NAME,CABINET_ID,_SIZE,SEQ,_ROW,_COL,PERCENTAGE) VALUES('3-1-10A-3-3','3-3','3-1-10A',34,17,3,3,50);
INSERT INTO CELL(CELL_ID,NAME,CABINET_ID,_SIZE,SEQ,_ROW,_COL,PERCENTAGE) VALUES('3-1-10A-3-4','3-4','3-1-10A',34,18,4,3,100);
INSERT INTO CELL(CELL_ID,NAME,CABINET_ID,_SIZE,SEQ,_ROW,_COL,PERCENTAGE) VALUES('3-1-10A-3-5','3-5','3-1-10A',34,19,5,3,100);
INSERT INTO CELL(CELL_ID,NAME,CABINET_ID,_SIZE,SEQ,_ROW,_COL,PERCENTAGE) VALUES('3-1-10A-3-6','3-6','3-1-10A',34,20,6,3,100);
INSERT INTO CELL(CELL_ID,NAME,CABINET_ID,_SIZE,SEQ,_ROW,_COL,PERCENTAGE) VALUES('3-1-10A-3-7','3-7','3-1-10A',34,21,7,3,100);
INSERT INTO CELL(CELL_ID,NAME,CABINET_ID,_SIZE,SEQ,_ROW,_COL,PERCENTAGE) VALUES('3-1-10A-4-1','4-1','3-1-10A',34,22,1,4,0);
INSERT INTO CELL(CELL_ID,NAME,CABINET_ID,_SIZE,SEQ,_ROW,_COL,PERCENTAGE) VALUES('3-1-10A-4-2','4-2','3-1-10A',34,23,2,4,0);
INSERT INTO CELL(CELL_ID,NAME,CABINET_ID,_SIZE,SEQ,_ROW,_COL,PERCENTAGE) VALUES('3-1-10A-4-3','4-3','3-1-10A',34,24,3,4,0);
INSERT INTO CELL(CELL_ID,NAME,CABINET_ID,_SIZE,SEQ,_ROW,_COL,PERCENTAGE) VALUES('3-1-10A-4-4','4-4','3-1-10A',34,25,4,4,50);
INSERT INTO CELL(CELL_ID,NAME,CABINET_ID,_SIZE,SEQ,_ROW,_COL,PERCENTAGE) VALUES('3-1-10A-4-5','4-5','3-1-10A',34,26,5,4,100);
INSERT INTO CELL(CELL_ID,NAME,CABINET_ID,_SIZE,SEQ,_ROW,_COL,PERCENTAGE) VALUES('3-1-10A-4-6','4-6','3-1-10A',34,27,6,4,100);
INSERT INTO CELL(CELL_ID,NAME,CABINET_ID,_SIZE,SEQ,_ROW,_COL,PERCENTAGE) VALUES('3-1-10A-4-7','4-7','3-1-10A',34,28,7,4,100);
INSERT INTO CELL(CELL_ID,NAME,CABINET_ID,_SIZE,SEQ,_ROW,_COL,PERCENTAGE) VALUES('3-1-10A-5-1','5-1','3-1-10A',34,29,1,5,100);
INSERT INTO CELL(CELL_ID,NAME,CABINET_ID,_SIZE,SEQ,_ROW,_COL,PERCENTAGE) VALUES('3-1-10A-5-2','5-2','3-1-10A',34,30,2,5,0);
INSERT INTO CELL(CELL_ID,NAME,CABINET_ID,_SIZE,SEQ,_ROW,_COL,PERCENTAGE) VALUES('3-1-10A-5-3','5-3','3-1-10A',34,31,3,5,0);
INSERT INTO CELL(CELL_ID,NAME,CABINET_ID,_SIZE,SEQ,_ROW,_COL,PERCENTAGE) VALUES('3-1-10A-5-4','5-4','3-1-10A',34,32,4,5,0);
INSERT INTO CELL(CELL_ID,NAME,CABINET_ID,_SIZE,SEQ,_ROW,_COL,PERCENTAGE) VALUES('3-1-10A-5-5','5-5','3-1-10A',34,33,5,5,0);
INSERT INTO CELL(CELL_ID,NAME,CABINET_ID,_SIZE,SEQ,_ROW,_COL,PERCENTAGE) VALUES('3-1-10A-5-6','5-6','3-1-10A',34,34,6,5,100);
INSERT INTO CELL(CELL_ID,NAME,CABINET_ID,_SIZE,SEQ,_ROW,_COL,PERCENTAGE) VALUES('3-1-10A-5-7','5-7','3-1-10A',34,35,7,5,100);
INSERT INTO CELL(CELL_ID,NAME,CABINET_ID,_SIZE,SEQ,_ROW,_COL,PERCENTAGE) VALUES('3-1-10A-6-1','6-1','3-1-10A',34,36,1,6,0);
INSERT INTO CELL(CELL_ID,NAME,CABINET_ID,_SIZE,SEQ,_ROW,_COL,PERCENTAGE) VALUES('3-1-10A-6-2','6-2','3-1-10A',34,37,2,6,0);
INSERT INTO CELL(CELL_ID,NAME,CABINET_ID,_SIZE,SEQ,_ROW,_COL,PERCENTAGE) VALUES('3-1-10A-6-3','6-3','3-1-10A',34,38,3,6,0);
INSERT INTO CELL(CELL_ID,NAME,CABINET_ID,_SIZE,SEQ,_ROW,_COL,PERCENTAGE) VALUES('3-1-10A-6-4','6-4','3-1-10A',34,39,4,6,0);
INSERT INTO CELL(CELL_ID,NAME,CABINET_ID,_SIZE,SEQ,_ROW,_COL,PERCENTAGE) VALUES('3-1-10A-6-5','6-5','3-1-10A',34,40,5,6,0);
INSERT INTO CELL(CELL_ID,NAME,CABINET_ID,_SIZE,SEQ,_ROW,_COL,PERCENTAGE) VALUES('3-1-10A-6-6','6-6','3-1-10A',34,41,6,6,0);
INSERT INTO CELL(CELL_ID,NAME,CABINET_ID,_SIZE,SEQ,_ROW,_COL,PERCENTAGE) VALUES('3-1-10A-6-7','6-7','3-1-10A',34,42,7,6,0);


-- 3-1-10B
INSERT INTO CELL(CELL_ID,NAME,CABINET_ID,_SIZE,SEQ,_ROW,_COL,PERCENTAGE) VALUES('3-1-10B-1-1','1-1','3-1-10B',34,1,1,1,0);
INSERT INTO CELL(CELL_ID,NAME,CABINET_ID,_SIZE,SEQ,_ROW,_COL,PERCENTAGE) VALUES('3-1-10B-1-2','1-2','3-1-10B',34,2,2,1,0);
INSERT INTO CELL(CELL_ID,NAME,CABINET_ID,_SIZE,SEQ,_ROW,_COL,PERCENTAGE) VALUES('3-1-10B-1-3','1-3','3-1-10B',34,3,3,1,0);
INSERT INTO CELL(CELL_ID,NAME,CABINET_ID,_SIZE,SEQ,_ROW,_COL,PERCENTAGE) VALUES('3-1-10B-1-4','1-4','3-1-10B',34,4,4,1,0);
INSERT INTO CELL(CELL_ID,NAME,CABINET_ID,_SIZE,SEQ,_ROW,_COL,PERCENTAGE) VALUES('3-1-10B-1-5','1-5','3-1-10B',34,5,5,1,0);
INSERT INTO CELL(CELL_ID,NAME,CABINET_ID,_SIZE,SEQ,_ROW,_COL,PERCENTAGE) VALUES('3-1-10B-1-6','1-6','3-1-10B',34,6,6,1,0);
INSERT INTO CELL(CELL_ID,NAME,CABINET_ID,_SIZE,SEQ,_ROW,_COL,PERCENTAGE) VALUES('3-1-10B-1-7','1-7','3-1-10B',34,7,7,1,0);
INSERT INTO CELL(CELL_ID,NAME,CABINET_ID,_SIZE,SEQ,_ROW,_COL,PERCENTAGE) VALUES('3-1-10B-2-1','2-1','3-1-10B',34,8,1,2,0);
INSERT INTO CELL(CELL_ID,NAME,CABINET_ID,_SIZE,SEQ,_ROW,_COL,PERCENTAGE) VALUES('3-1-10B-2-2','2-2','3-1-10B',34,9,2,2,0);
INSERT INTO CELL(CELL_ID,NAME,CABINET_ID,_SIZE,SEQ,_ROW,_COL,PERCENTAGE) VALUES('3-1-10B-2-3','2-3','3-1-10B',34,10,3,2,0);
INSERT INTO CELL(CELL_ID,NAME,CABINET_ID,_SIZE,SEQ,_ROW,_COL,PERCENTAGE) VALUES('3-1-10B-2-4','2-4','3-1-10B',34,11,4,2,100);
INSERT INTO CELL(CELL_ID,NAME,CABINET_ID,_SIZE,SEQ,_ROW,_COL,PERCENTAGE) VALUES('3-1-10B-2-5','2-5','3-1-10B',34,12,5,2,100);
INSERT INTO CELL(CELL_ID,NAME,CABINET_ID,_SIZE,SEQ,_ROW,_COL,PERCENTAGE) VALUES('3-1-10B-2-6','2-6','3-1-10B',34,13,6,2,100);
INSERT INTO CELL(CELL_ID,NAME,CABINET_ID,_SIZE,SEQ,_ROW,_COL,PERCENTAGE) VALUES('3-1-10B-2-7','2-7','3-1-10B',34,14,7,2,100);
INSERT INTO CELL(CELL_ID,NAME,CABINET_ID,_SIZE,SEQ,_ROW,_COL,PERCENTAGE) VALUES('3-1-10B-3-1','3-1','3-1-10B',34,15,1,3,0);
INSERT INTO CELL(CELL_ID,NAME,CABINET_ID,_SIZE,SEQ,_ROW,_COL,PERCENTAGE) VALUES('3-1-10B-3-2','3-2','3-1-10B',34,16,2,3,0);
INSERT INTO CELL(CELL_ID,NAME,CABINET_ID,_SIZE,SEQ,_ROW,_COL,PERCENTAGE) VALUES('3-1-10B-3-3','3-3','3-1-10B',34,17,3,3,0);
INSERT INTO CELL(CELL_ID,NAME,CABINET_ID,_SIZE,SEQ,_ROW,_COL,PERCENTAGE) VALUES('3-1-10B-3-4','3-4','3-1-10B',34,18,4,3,0);
INSERT INTO CELL(CELL_ID,NAME,CABINET_ID,_SIZE,SEQ,_ROW,_COL,PERCENTAGE) VALUES('3-1-10B-3-5','3-5','3-1-10B',34,19,5,3,0);
INSERT INTO CELL(CELL_ID,NAME,CABINET_ID,_SIZE,SEQ,_ROW,_COL,PERCENTAGE) VALUES('3-1-10B-3-6','3-6','3-1-10B',34,20,6,3,0);
INSERT INTO CELL(CELL_ID,NAME,CABINET_ID,_SIZE,SEQ,_ROW,_COL,PERCENTAGE) VALUES('3-1-10B-3-7','3-7','3-1-10B',34,21,7,3,0);
INSERT INTO CELL(CELL_ID,NAME,CABINET_ID,_SIZE,SEQ,_ROW,_COL,PERCENTAGE) VALUES('3-1-10B-4-1','4-1','3-1-10B',34,22,1,4,0);
INSERT INTO CELL(CELL_ID,NAME,CABINET_ID,_SIZE,SEQ,_ROW,_COL,PERCENTAGE) VALUES('3-1-10B-4-2','4-2','3-1-10B',34,23,2,4,100);
INSERT INTO CELL(CELL_ID,NAME,CABINET_ID,_SIZE,SEQ,_ROW,_COL,PERCENTAGE) VALUES('3-1-10B-4-3','4-3','3-1-10B',34,24,3,4,100);
INSERT INTO CELL(CELL_ID,NAME,CABINET_ID,_SIZE,SEQ,_ROW,_COL,PERCENTAGE) VALUES('3-1-10B-4-4','4-4','3-1-10B',34,25,4,4,100);
INSERT INTO CELL(CELL_ID,NAME,CABINET_ID,_SIZE,SEQ,_ROW,_COL,PERCENTAGE) VALUES('3-1-10B-4-5','4-5','3-1-10B',34,26,5,4,100);
INSERT INTO CELL(CELL_ID,NAME,CABINET_ID,_SIZE,SEQ,_ROW,_COL,PERCENTAGE) VALUES('3-1-10B-4-6','4-6','3-1-10B',34,27,6,4,100);
INSERT INTO CELL(CELL_ID,NAME,CABINET_ID,_SIZE,SEQ,_ROW,_COL,PERCENTAGE) VALUES('3-1-10B-4-7','4-7','3-1-10B',34,28,7,4,100);
INSERT INTO CELL(CELL_ID,NAME,CABINET_ID,_SIZE,SEQ,_ROW,_COL,PERCENTAGE) VALUES('3-1-10B-5-1','5-1','3-1-10B',34,29,1,5,0);
INSERT INTO CELL(CELL_ID,NAME,CABINET_ID,_SIZE,SEQ,_ROW,_COL,PERCENTAGE) VALUES('3-1-10B-5-2','5-2','3-1-10B',34,30,2,5,0);
INSERT INTO CELL(CELL_ID,NAME,CABINET_ID,_SIZE,SEQ,_ROW,_COL,PERCENTAGE) VALUES('3-1-10B-5-3','5-3','3-1-10B',34,31,3,5,50);
INSERT INTO CELL(CELL_ID,NAME,CABINET_ID,_SIZE,SEQ,_ROW,_COL,PERCENTAGE) VALUES('3-1-10B-5-4','5-4','3-1-10B',34,32,4,5,100);
INSERT INTO CELL(CELL_ID,NAME,CABINET_ID,_SIZE,SEQ,_ROW,_COL,PERCENTAGE) VALUES('3-1-10B-5-5','5-5','3-1-10B',34,33,5,5,100);
INSERT INTO CELL(CELL_ID,NAME,CABINET_ID,_SIZE,SEQ,_ROW,_COL,PERCENTAGE) VALUES('3-1-10B-5-6','5-6','3-1-10B',34,34,6,5,0);
INSERT INTO CELL(CELL_ID,NAME,CABINET_ID,_SIZE,SEQ,_ROW,_COL,PERCENTAGE) VALUES('3-1-10B-5-7','5-7','3-1-10B',34,35,7,5,100);
INSERT INTO CELL(CELL_ID,NAME,CABINET_ID,_SIZE,SEQ,_ROW,_COL,PERCENTAGE) VALUES('3-1-10B-6-1','6-1','3-1-10B',34,36,1,6,0);
INSERT INTO CELL(CELL_ID,NAME,CABINET_ID,_SIZE,SEQ,_ROW,_COL,PERCENTAGE) VALUES('3-1-10B-6-2','6-2','3-1-10B',34,37,2,6,0);
INSERT INTO CELL(CELL_ID,NAME,CABINET_ID,_SIZE,SEQ,_ROW,_COL,PERCENTAGE) VALUES('3-1-10B-6-3','6-3','3-1-10B',34,38,3,6,0);
INSERT INTO CELL(CELL_ID,NAME,CABINET_ID,_SIZE,SEQ,_ROW,_COL,PERCENTAGE) VALUES('3-1-10B-6-4','6-4','3-1-10B',34,39,4,6,0);
INSERT INTO CELL(CELL_ID,NAME,CABINET_ID,_SIZE,SEQ,_ROW,_COL,PERCENTAGE) VALUES('3-1-10B-6-5','6-5','3-1-10B',34,40,5,6,0);
INSERT INTO CELL(CELL_ID,NAME,CABINET_ID,_SIZE,SEQ,_ROW,_COL,PERCENTAGE) VALUES('3-1-10B-6-6','6-6','3-1-10B',34,41,6,6,50);
INSERT INTO CELL(CELL_ID,NAME,CABINET_ID,_SIZE,SEQ,_ROW,_COL,PERCENTAGE) VALUES('3-1-10B-6-7','6-7','3-1-10B',34,42,7,6,100);


-- 3-1-11A
INSERT INTO CELL(CELL_ID,NAME,CABINET_ID,_SIZE,SEQ,_ROW,_COL,PERCENTAGE) VALUES('3-1-11A-1-1','1-1','3-1-11A',34,1,1,1,0);
INSERT INTO CELL(CELL_ID,NAME,CABINET_ID,_SIZE,SEQ,_ROW,_COL,PERCENTAGE) VALUES('3-1-11A-1-2','1-2','3-1-11A',34,2,2,1,0);
INSERT INTO CELL(CELL_ID,NAME,CABINET_ID,_SIZE,SEQ,_ROW,_COL,PERCENTAGE) VALUES('3-1-11A-1-3','1-3','3-1-11A',34,3,3,1,0);
INSERT INTO CELL(CELL_ID,NAME,CABINET_ID,_SIZE,SEQ,_ROW,_COL,PERCENTAGE) VALUES('3-1-11A-1-4','1-4','3-1-11A',34,4,4,1,0);
INSERT INTO CELL(CELL_ID,NAME,CABINET_ID,_SIZE,SEQ,_ROW,_COL,PERCENTAGE) VALUES('3-1-11A-1-5','1-5','3-1-11A',34,5,5,1,0);
INSERT INTO CELL(CELL_ID,NAME,CABINET_ID,_SIZE,SEQ,_ROW,_COL,PERCENTAGE) VALUES('3-1-11A-1-6','1-6','3-1-11A',34,6,6,1,100);
INSERT INTO CELL(CELL_ID,NAME,CABINET_ID,_SIZE,SEQ,_ROW,_COL,PERCENTAGE) VALUES('3-1-11A-1-7','1-7','3-1-11A',34,7,7,1,100);
INSERT INTO CELL(CELL_ID,NAME,CABINET_ID,_SIZE,SEQ,_ROW,_COL,PERCENTAGE) VALUES('3-1-11A-2-1','2-1','3-1-11A',34,8,1,2,0);
INSERT INTO CELL(CELL_ID,NAME,CABINET_ID,_SIZE,SEQ,_ROW,_COL,PERCENTAGE) VALUES('3-1-11A-2-2','2-2','3-1-11A',34,9,2,2,0);
INSERT INTO CELL(CELL_ID,NAME,CABINET_ID,_SIZE,SEQ,_ROW,_COL,PERCENTAGE) VALUES('3-1-11A-2-3','2-3','3-1-11A',34,10,3,2,0);
INSERT INTO CELL(CELL_ID,NAME,CABINET_ID,_SIZE,SEQ,_ROW,_COL,PERCENTAGE) VALUES('3-1-11A-2-4','2-4','3-1-11A',34,11,4,2,0);
INSERT INTO CELL(CELL_ID,NAME,CABINET_ID,_SIZE,SEQ,_ROW,_COL,PERCENTAGE) VALUES('3-1-11A-2-5','2-5','3-1-11A',34,12,5,2,0);
INSERT INTO CELL(CELL_ID,NAME,CABINET_ID,_SIZE,SEQ,_ROW,_COL,PERCENTAGE) VALUES('3-1-11A-2-6','2-6','3-1-11A',34,13,6,2,50);
INSERT INTO CELL(CELL_ID,NAME,CABINET_ID,_SIZE,SEQ,_ROW,_COL,PERCENTAGE) VALUES('3-1-11A-2-7','2-7','3-1-11A',34,14,7,2,100);
INSERT INTO CELL(CELL_ID,NAME,CABINET_ID,_SIZE,SEQ,_ROW,_COL,PERCENTAGE) VALUES('3-1-11A-3-1','3-1','3-1-11A',34,15,1,3,0);
INSERT INTO CELL(CELL_ID,NAME,CABINET_ID,_SIZE,SEQ,_ROW,_COL,PERCENTAGE) VALUES('3-1-11A-3-2','3-2','3-1-11A',34,16,2,3,0);
INSERT INTO CELL(CELL_ID,NAME,CABINET_ID,_SIZE,SEQ,_ROW,_COL,PERCENTAGE) VALUES('3-1-11A-3-3','3-3','3-1-11A',34,17,3,3,0);
INSERT INTO CELL(CELL_ID,NAME,CABINET_ID,_SIZE,SEQ,_ROW,_COL,PERCENTAGE) VALUES('3-1-11A-3-4','3-4','3-1-11A',34,18,4,3,0);
INSERT INTO CELL(CELL_ID,NAME,CABINET_ID,_SIZE,SEQ,_ROW,_COL,PERCENTAGE) VALUES('3-1-11A-3-5','3-5','3-1-11A',34,19,5,3,0);
INSERT INTO CELL(CELL_ID,NAME,CABINET_ID,_SIZE,SEQ,_ROW,_COL,PERCENTAGE) VALUES('3-1-11A-3-6','3-6','3-1-11A',34,20,6,3,0);
INSERT INTO CELL(CELL_ID,NAME,CABINET_ID,_SIZE,SEQ,_ROW,_COL,PERCENTAGE) VALUES('3-1-11A-3-7','3-7','3-1-11A',34,21,7,3,0);
INSERT INTO CELL(CELL_ID,NAME,CABINET_ID,_SIZE,SEQ,_ROW,_COL,PERCENTAGE) VALUES('3-1-11A-4-1','4-1','3-1-11A',34,22,1,4,0);
INSERT INTO CELL(CELL_ID,NAME,CABINET_ID,_SIZE,SEQ,_ROW,_COL,PERCENTAGE) VALUES('3-1-11A-4-2','4-2','3-1-11A',34,23,2,4,0);
INSERT INTO CELL(CELL_ID,NAME,CABINET_ID,_SIZE,SEQ,_ROW,_COL,PERCENTAGE) VALUES('3-1-11A-4-3','4-3','3-1-11A',34,24,3,4,0);
INSERT INTO CELL(CELL_ID,NAME,CABINET_ID,_SIZE,SEQ,_ROW,_COL,PERCENTAGE) VALUES('3-1-11A-4-4','4-4','3-1-11A',34,25,4,4,0);
INSERT INTO CELL(CELL_ID,NAME,CABINET_ID,_SIZE,SEQ,_ROW,_COL,PERCENTAGE) VALUES('3-1-11A-4-5','4-5','3-1-11A',34,26,5,4,0);
INSERT INTO CELL(CELL_ID,NAME,CABINET_ID,_SIZE,SEQ,_ROW,_COL,PERCENTAGE) VALUES('3-1-11A-4-6','4-6','3-1-11A',34,27,6,4,0);
INSERT INTO CELL(CELL_ID,NAME,CABINET_ID,_SIZE,SEQ,_ROW,_COL,PERCENTAGE) VALUES('3-1-11A-4-7','4-7','3-1-11A',34,28,7,4,0);
INSERT INTO CELL(CELL_ID,NAME,CABINET_ID,_SIZE,SEQ,_ROW,_COL,PERCENTAGE) VALUES('3-1-11A-5-1','5-1','3-1-11A',34,29,1,5,0);
INSERT INTO CELL(CELL_ID,NAME,CABINET_ID,_SIZE,SEQ,_ROW,_COL,PERCENTAGE) VALUES('3-1-11A-5-2','5-2','3-1-11A',34,30,2,5,0);
INSERT INTO CELL(CELL_ID,NAME,CABINET_ID,_SIZE,SEQ,_ROW,_COL,PERCENTAGE) VALUES('3-1-11A-5-3','5-3','3-1-11A',34,31,3,5,0);
INSERT INTO CELL(CELL_ID,NAME,CABINET_ID,_SIZE,SEQ,_ROW,_COL,PERCENTAGE) VALUES('3-1-11A-5-4','5-4','3-1-11A',34,32,4,5,0);
INSERT INTO CELL(CELL_ID,NAME,CABINET_ID,_SIZE,SEQ,_ROW,_COL,PERCENTAGE) VALUES('3-1-11A-5-5','5-5','3-1-11A',34,33,5,5,0);
INSERT INTO CELL(CELL_ID,NAME,CABINET_ID,_SIZE,SEQ,_ROW,_COL,PERCENTAGE) VALUES('3-1-11A-5-6','5-6','3-1-11A',34,34,6,5,0);
INSERT INTO CELL(CELL_ID,NAME,CABINET_ID,_SIZE,SEQ,_ROW,_COL,PERCENTAGE) VALUES('3-1-11A-5-7','5-7','3-1-11A',34,35,7,5,0);
INSERT INTO CELL(CELL_ID,NAME,CABINET_ID,_SIZE,SEQ,_ROW,_COL,PERCENTAGE) VALUES('3-1-11A-6-1','6-1','3-1-11A',34,36,1,6,0);
INSERT INTO CELL(CELL_ID,NAME,CABINET_ID,_SIZE,SEQ,_ROW,_COL,PERCENTAGE) VALUES('3-1-11A-6-2','6-2','3-1-11A',34,37,2,6,0);
INSERT INTO CELL(CELL_ID,NAME,CABINET_ID,_SIZE,SEQ,_ROW,_COL,PERCENTAGE) VALUES('3-1-11A-6-3','6-3','3-1-11A',34,38,3,6,0);
INSERT INTO CELL(CELL_ID,NAME,CABINET_ID,_SIZE,SEQ,_ROW,_COL,PERCENTAGE) VALUES('3-1-11A-6-4','6-4','3-1-11A',34,39,4,6,0);
INSERT INTO CELL(CELL_ID,NAME,CABINET_ID,_SIZE,SEQ,_ROW,_COL,PERCENTAGE) VALUES('3-1-11A-6-5','6-5','3-1-11A',34,40,5,6,50);
INSERT INTO CELL(CELL_ID,NAME,CABINET_ID,_SIZE,SEQ,_ROW,_COL,PERCENTAGE) VALUES('3-1-11A-6-6','6-6','3-1-11A',34,41,6,6,100);
INSERT INTO CELL(CELL_ID,NAME,CABINET_ID,_SIZE,SEQ,_ROW,_COL,PERCENTAGE) VALUES('3-1-11A-6-7','6-7','3-1-11A',34,42,7,6,100);


-- 3-1-11B
INSERT INTO CELL(CELL_ID,NAME,CABINET_ID,_SIZE,SEQ,_ROW,_COL,PERCENTAGE) VALUES('3-1-11B-1-1','1-1','3-1-11B',34,1,1,1,0);
INSERT INTO CELL(CELL_ID,NAME,CABINET_ID,_SIZE,SEQ,_ROW,_COL,PERCENTAGE) VALUES('3-1-11B-1-2','1-2','3-1-11B',34,2,2,1,0);
INSERT INTO CELL(CELL_ID,NAME,CABINET_ID,_SIZE,SEQ,_ROW,_COL,PERCENTAGE) VALUES('3-1-11B-1-3','1-3','3-1-11B',34,3,3,1,0);
INSERT INTO CELL(CELL_ID,NAME,CABINET_ID,_SIZE,SEQ,_ROW,_COL,PERCENTAGE) VALUES('3-1-11B-1-4','1-4','3-1-11B',34,4,4,1,0);
INSERT INTO CELL(CELL_ID,NAME,CABINET_ID,_SIZE,SEQ,_ROW,_COL,PERCENTAGE) VALUES('3-1-11B-1-5','1-5','3-1-11B',34,5,5,1,0);
INSERT INTO CELL(CELL_ID,NAME,CABINET_ID,_SIZE,SEQ,_ROW,_COL,PERCENTAGE) VALUES('3-1-11B-1-6','1-6','3-1-11B',34,6,6,1,0);
INSERT INTO CELL(CELL_ID,NAME,CABINET_ID,_SIZE,SEQ,_ROW,_COL,PERCENTAGE) VALUES('3-1-11B-1-7','1-7','3-1-11B',34,7,7,1,50);
INSERT INTO CELL(CELL_ID,NAME,CABINET_ID,_SIZE,SEQ,_ROW,_COL,PERCENTAGE) VALUES('3-1-11B-2-1','2-1','3-1-11B',34,8,1,2,0);
INSERT INTO CELL(CELL_ID,NAME,CABINET_ID,_SIZE,SEQ,_ROW,_COL,PERCENTAGE) VALUES('3-1-11B-2-2','2-2','3-1-11B',34,9,2,2,0);
INSERT INTO CELL(CELL_ID,NAME,CABINET_ID,_SIZE,SEQ,_ROW,_COL,PERCENTAGE) VALUES('3-1-11B-2-3','2-3','3-1-11B',34,10,3,2,0);
INSERT INTO CELL(CELL_ID,NAME,CABINET_ID,_SIZE,SEQ,_ROW,_COL,PERCENTAGE) VALUES('3-1-11B-2-4','2-4','3-1-11B',34,11,4,2,0);
INSERT INTO CELL(CELL_ID,NAME,CABINET_ID,_SIZE,SEQ,_ROW,_COL,PERCENTAGE) VALUES('3-1-11B-2-5','2-5','3-1-11B',34,12,5,2,100);
INSERT INTO CELL(CELL_ID,NAME,CABINET_ID,_SIZE,SEQ,_ROW,_COL,PERCENTAGE) VALUES('3-1-11B-2-6','2-6','3-1-11B',34,13,6,2,100);
INSERT INTO CELL(CELL_ID,NAME,CABINET_ID,_SIZE,SEQ,_ROW,_COL,PERCENTAGE) VALUES('3-1-11B-2-7','2-7','3-1-11B',34,14,7,2,100);
INSERT INTO CELL(CELL_ID,NAME,CABINET_ID,_SIZE,SEQ,_ROW,_COL,PERCENTAGE) VALUES('3-1-11B-3-1','3-1','3-1-11B',34,15,1,3,0);
INSERT INTO CELL(CELL_ID,NAME,CABINET_ID,_SIZE,SEQ,_ROW,_COL,PERCENTAGE) VALUES('3-1-11B-3-2','3-2','3-1-11B',34,16,2,3,0);
INSERT INTO CELL(CELL_ID,NAME,CABINET_ID,_SIZE,SEQ,_ROW,_COL,PERCENTAGE) VALUES('3-1-11B-3-3','3-3','3-1-11B',34,17,3,3,0);
INSERT INTO CELL(CELL_ID,NAME,CABINET_ID,_SIZE,SEQ,_ROW,_COL,PERCENTAGE) VALUES('3-1-11B-3-4','3-4','3-1-11B',34,18,4,3,0);
INSERT INTO CELL(CELL_ID,NAME,CABINET_ID,_SIZE,SEQ,_ROW,_COL,PERCENTAGE) VALUES('3-1-11B-3-5','3-5','3-1-11B',34,19,5,3,0);
INSERT INTO CELL(CELL_ID,NAME,CABINET_ID,_SIZE,SEQ,_ROW,_COL,PERCENTAGE) VALUES('3-1-11B-3-6','3-6','3-1-11B',34,20,6,3,0);
INSERT INTO CELL(CELL_ID,NAME,CABINET_ID,_SIZE,SEQ,_ROW,_COL,PERCENTAGE) VALUES('3-1-11B-3-7','3-7','3-1-11B',34,21,7,3,100);
INSERT INTO CELL(CELL_ID,NAME,CABINET_ID,_SIZE,SEQ,_ROW,_COL,PERCENTAGE) VALUES('3-1-11B-4-1','4-1','3-1-11B',34,22,1,4,0);
INSERT INTO CELL(CELL_ID,NAME,CABINET_ID,_SIZE,SEQ,_ROW,_COL,PERCENTAGE) VALUES('3-1-11B-4-2','4-2','3-1-11B',34,23,2,4,0);
INSERT INTO CELL(CELL_ID,NAME,CABINET_ID,_SIZE,SEQ,_ROW,_COL,PERCENTAGE) VALUES('3-1-11B-4-3','4-3','3-1-11B',34,24,3,4,50);
INSERT INTO CELL(CELL_ID,NAME,CABINET_ID,_SIZE,SEQ,_ROW,_COL,PERCENTAGE) VALUES('3-1-11B-4-4','4-4','3-1-11B',34,25,4,4,100);
INSERT INTO CELL(CELL_ID,NAME,CABINET_ID,_SIZE,SEQ,_ROW,_COL,PERCENTAGE) VALUES('3-1-11B-4-5','4-5','3-1-11B',34,26,5,4,100);
INSERT INTO CELL(CELL_ID,NAME,CABINET_ID,_SIZE,SEQ,_ROW,_COL,PERCENTAGE) VALUES('3-1-11B-4-6','4-6','3-1-11B',34,27,6,4,100);
INSERT INTO CELL(CELL_ID,NAME,CABINET_ID,_SIZE,SEQ,_ROW,_COL,PERCENTAGE) VALUES('3-1-11B-4-7','4-7','3-1-11B',34,28,7,4,100);
INSERT INTO CELL(CELL_ID,NAME,CABINET_ID,_SIZE,SEQ,_ROW,_COL,PERCENTAGE) VALUES('3-1-11B-5-1','5-1','3-1-11B',34,29,1,5,0);
INSERT INTO CELL(CELL_ID,NAME,CABINET_ID,_SIZE,SEQ,_ROW,_COL,PERCENTAGE) VALUES('3-1-11B-5-2','5-2','3-1-11B',34,30,2,5,0);
INSERT INTO CELL(CELL_ID,NAME,CABINET_ID,_SIZE,SEQ,_ROW,_COL,PERCENTAGE) VALUES('3-1-11B-5-3','5-3','3-1-11B',34,31,3,5,0);
INSERT INTO CELL(CELL_ID,NAME,CABINET_ID,_SIZE,SEQ,_ROW,_COL,PERCENTAGE) VALUES('3-1-11B-5-4','5-4','3-1-11B',34,32,4,5,0);
INSERT INTO CELL(CELL_ID,NAME,CABINET_ID,_SIZE,SEQ,_ROW,_COL,PERCENTAGE) VALUES('3-1-11B-5-5','5-5','3-1-11B',34,33,5,5,0);
INSERT INTO CELL(CELL_ID,NAME,CABINET_ID,_SIZE,SEQ,_ROW,_COL,PERCENTAGE) VALUES('3-1-11B-5-6','5-6','3-1-11B',34,34,6,5,0);
INSERT INTO CELL(CELL_ID,NAME,CABINET_ID,_SIZE,SEQ,_ROW,_COL,PERCENTAGE) VALUES('3-1-11B-5-7','5-7','3-1-11B',34,35,7,5,0);
INSERT INTO CELL(CELL_ID,NAME,CABINET_ID,_SIZE,SEQ,_ROW,_COL,PERCENTAGE) VALUES('3-1-11B-6-1','6-1','3-1-11B',34,36,1,6,0);
INSERT INTO CELL(CELL_ID,NAME,CABINET_ID,_SIZE,SEQ,_ROW,_COL,PERCENTAGE) VALUES('3-1-11B-6-2','6-2','3-1-11B',34,37,2,6,0);
INSERT INTO CELL(CELL_ID,NAME,CABINET_ID,_SIZE,SEQ,_ROW,_COL,PERCENTAGE) VALUES('3-1-11B-6-3','6-3','3-1-11B',34,38,3,6,0);
INSERT INTO CELL(CELL_ID,NAME,CABINET_ID,_SIZE,SEQ,_ROW,_COL,PERCENTAGE) VALUES('3-1-11B-6-4','6-4','3-1-11B',34,39,4,6,50);
INSERT INTO CELL(CELL_ID,NAME,CABINET_ID,_SIZE,SEQ,_ROW,_COL,PERCENTAGE) VALUES('3-1-11B-6-5','6-5','3-1-11B',34,40,5,6,100);
INSERT INTO CELL(CELL_ID,NAME,CABINET_ID,_SIZE,SEQ,_ROW,_COL,PERCENTAGE) VALUES('3-1-11B-6-6','6-6','3-1-11B',34,41,6,6,100);
INSERT INTO CELL(CELL_ID,NAME,CABINET_ID,_SIZE,SEQ,_ROW,_COL,PERCENTAGE) VALUES('3-1-11B-6-7','6-7','3-1-11B',34,42,7,6,100);

-- 3-1-12A
INSERT INTO CELL(CELL_ID,NAME,CABINET_ID,_SIZE,SEQ,_ROW,_COL,PERCENTAGE) VALUES('3-1-12A-1-1','1-1','3-1-12A',34,1,1,1,0);
INSERT INTO CELL(CELL_ID,NAME,CABINET_ID,_SIZE,SEQ,_ROW,_COL,PERCENTAGE) VALUES('3-1-12A-1-2','1-2','3-1-12A',34,2,2,1,0);
INSERT INTO CELL(CELL_ID,NAME,CABINET_ID,_SIZE,SEQ,_ROW,_COL,PERCENTAGE) VALUES('3-1-12A-1-3','1-3','3-1-12A',34,3,3,1,0);
INSERT INTO CELL(CELL_ID,NAME,CABINET_ID,_SIZE,SEQ,_ROW,_COL,PERCENTAGE) VALUES('3-1-12A-1-4','1-4','3-1-12A',34,4,4,1,100);
INSERT INTO CELL(CELL_ID,NAME,CABINET_ID,_SIZE,SEQ,_ROW,_COL,PERCENTAGE) VALUES('3-1-12A-1-5','1-5','3-1-12A',34,5,5,1,100);
INSERT INTO CELL(CELL_ID,NAME,CABINET_ID,_SIZE,SEQ,_ROW,_COL,PERCENTAGE) VALUES('3-1-12A-1-6','1-6','3-1-12A',34,6,6,1,100);
INSERT INTO CELL(CELL_ID,NAME,CABINET_ID,_SIZE,SEQ,_ROW,_COL,PERCENTAGE) VALUES('3-1-12A-1-7','1-7','3-1-12A',34,7,7,1,100);
INSERT INTO CELL(CELL_ID,NAME,CABINET_ID,_SIZE,SEQ,_ROW,_COL,PERCENTAGE) VALUES('3-1-12A-2-1','2-1','3-1-12A',34,8,1,2,0);
INSERT INTO CELL(CELL_ID,NAME,CABINET_ID,_SIZE,SEQ,_ROW,_COL,PERCENTAGE) VALUES('3-1-12A-2-2','2-2','3-1-12A',34,9,2,2,0);
INSERT INTO CELL(CELL_ID,NAME,CABINET_ID,_SIZE,SEQ,_ROW,_COL,PERCENTAGE) VALUES('3-1-12A-2-3','2-3','3-1-12A',34,10,3,2,50);
INSERT INTO CELL(CELL_ID,NAME,CABINET_ID,_SIZE,SEQ,_ROW,_COL,PERCENTAGE) VALUES('3-1-12A-2-4','2-4','3-1-12A',34,11,4,2,100);
INSERT INTO CELL(CELL_ID,NAME,CABINET_ID,_SIZE,SEQ,_ROW,_COL,PERCENTAGE) VALUES('3-1-12A-2-5','2-5','3-1-12A',34,12,5,2,100);
INSERT INTO CELL(CELL_ID,NAME,CABINET_ID,_SIZE,SEQ,_ROW,_COL,PERCENTAGE) VALUES('3-1-12A-2-6','2-6','3-1-12A',34,13,6,2,50);
INSERT INTO CELL(CELL_ID,NAME,CABINET_ID,_SIZE,SEQ,_ROW,_COL,PERCENTAGE) VALUES('3-1-12A-2-7','2-7','3-1-12A',34,14,7,2,100);
INSERT INTO CELL(CELL_ID,NAME,CABINET_ID,_SIZE,SEQ,_ROW,_COL,PERCENTAGE) VALUES('3-1-12A-3-1','3-1','3-1-12A',34,15,1,3,100);
INSERT INTO CELL(CELL_ID,NAME,CABINET_ID,_SIZE,SEQ,_ROW,_COL,PERCENTAGE) VALUES('3-1-12A-3-2','3-2','3-1-12A',34,16,2,3,0);
INSERT INTO CELL(CELL_ID,NAME,CABINET_ID,_SIZE,SEQ,_ROW,_COL,PERCENTAGE) VALUES('3-1-12A-3-3','3-3','3-1-12A',34,17,3,3,0);
INSERT INTO CELL(CELL_ID,NAME,CABINET_ID,_SIZE,SEQ,_ROW,_COL,PERCENTAGE) VALUES('3-1-12A-3-4','3-4','3-1-12A',34,18,4,3,0);
INSERT INTO CELL(CELL_ID,NAME,CABINET_ID,_SIZE,SEQ,_ROW,_COL,PERCENTAGE) VALUES('3-1-12A-3-5','3-5','3-1-12A',34,19,5,3,0);
INSERT INTO CELL(CELL_ID,NAME,CABINET_ID,_SIZE,SEQ,_ROW,_COL,PERCENTAGE) VALUES('3-1-12A-3-6','3-6','3-1-12A',34,20,6,3,100);
INSERT INTO CELL(CELL_ID,NAME,CABINET_ID,_SIZE,SEQ,_ROW,_COL,PERCENTAGE) VALUES('3-1-12A-3-7','3-7','3-1-12A',34,21,7,3,100);
INSERT INTO CELL(CELL_ID,NAME,CABINET_ID,_SIZE,SEQ,_ROW,_COL,PERCENTAGE) VALUES('3-1-12A-4-1','4-1','3-1-12A',34,22,1,4,0);
INSERT INTO CELL(CELL_ID,NAME,CABINET_ID,_SIZE,SEQ,_ROW,_COL,PERCENTAGE) VALUES('3-1-12A-4-2','4-2','3-1-12A',34,23,2,4,0);
INSERT INTO CELL(CELL_ID,NAME,CABINET_ID,_SIZE,SEQ,_ROW,_COL,PERCENTAGE) VALUES('3-1-12A-4-3','4-3','3-1-12A',34,24,3,4,0);
INSERT INTO CELL(CELL_ID,NAME,CABINET_ID,_SIZE,SEQ,_ROW,_COL,PERCENTAGE) VALUES('3-1-12A-4-4','4-4','3-1-12A',34,25,4,4,0);
INSERT INTO CELL(CELL_ID,NAME,CABINET_ID,_SIZE,SEQ,_ROW,_COL,PERCENTAGE) VALUES('3-1-12A-4-5','4-5','3-1-12A',34,26,5,4,0);
INSERT INTO CELL(CELL_ID,NAME,CABINET_ID,_SIZE,SEQ,_ROW,_COL,PERCENTAGE) VALUES('3-1-12A-4-6','4-6','3-1-12A',34,27,6,4,100);
INSERT INTO CELL(CELL_ID,NAME,CABINET_ID,_SIZE,SEQ,_ROW,_COL,PERCENTAGE) VALUES('3-1-12A-4-7','4-7','3-1-12A',34,28,7,4,100);
INSERT INTO CELL(CELL_ID,NAME,CABINET_ID,_SIZE,SEQ,_ROW,_COL,PERCENTAGE) VALUES('3-1-12A-5-1','5-1','3-1-12A',34,29,1,5,0);
INSERT INTO CELL(CELL_ID,NAME,CABINET_ID,_SIZE,SEQ,_ROW,_COL,PERCENTAGE) VALUES('3-1-12A-5-2','5-2','3-1-12A',34,30,2,5,0);
INSERT INTO CELL(CELL_ID,NAME,CABINET_ID,_SIZE,SEQ,_ROW,_COL,PERCENTAGE) VALUES('3-1-12A-5-3','5-3','3-1-12A',34,31,3,5,0);
INSERT INTO CELL(CELL_ID,NAME,CABINET_ID,_SIZE,SEQ,_ROW,_COL,PERCENTAGE) VALUES('3-1-12A-5-4','5-4','3-1-12A',34,32,4,5,0);
INSERT INTO CELL(CELL_ID,NAME,CABINET_ID,_SIZE,SEQ,_ROW,_COL,PERCENTAGE) VALUES('3-1-12A-5-5','5-5','3-1-12A',34,33,5,5,50);
INSERT INTO CELL(CELL_ID,NAME,CABINET_ID,_SIZE,SEQ,_ROW,_COL,PERCENTAGE) VALUES('3-1-12A-5-6','5-6','3-1-12A',34,34,6,5,100);
INSERT INTO CELL(CELL_ID,NAME,CABINET_ID,_SIZE,SEQ,_ROW,_COL,PERCENTAGE) VALUES('3-1-12A-5-7','5-7','3-1-12A',34,35,7,5,100);
INSERT INTO CELL(CELL_ID,NAME,CABINET_ID,_SIZE,SEQ,_ROW,_COL,PERCENTAGE) VALUES('3-1-12A-6-1','6-1','3-1-12A',34,36,1,6,100);
INSERT INTO CELL(CELL_ID,NAME,CABINET_ID,_SIZE,SEQ,_ROW,_COL,PERCENTAGE) VALUES('3-1-12A-6-2','6-2','3-1-12A',34,37,2,6,100);
INSERT INTO CELL(CELL_ID,NAME,CABINET_ID,_SIZE,SEQ,_ROW,_COL,PERCENTAGE) VALUES('3-1-12A-6-3','6-3','3-1-12A',34,38,3,6,100);
INSERT INTO CELL(CELL_ID,NAME,CABINET_ID,_SIZE,SEQ,_ROW,_COL,PERCENTAGE) VALUES('3-1-12A-6-4','6-4','3-1-12A',34,39,4,6,100);
INSERT INTO CELL(CELL_ID,NAME,CABINET_ID,_SIZE,SEQ,_ROW,_COL,PERCENTAGE) VALUES('3-1-12A-6-5','6-5','3-1-12A',34,40,5,6,100);
INSERT INTO CELL(CELL_ID,NAME,CABINET_ID,_SIZE,SEQ,_ROW,_COL,PERCENTAGE) VALUES('3-1-12A-6-6','6-6','3-1-12A',34,41,6,6,100);
INSERT INTO CELL(CELL_ID,NAME,CABINET_ID,_SIZE,SEQ,_ROW,_COL,PERCENTAGE) VALUES('3-1-12A-6-7','6-7','3-1-12A',34,42,7,6,100);

-- 3-1-12B
INSERT INTO CELL(CELL_ID,NAME,CABINET_ID,_SIZE,SEQ,_ROW,_COL,PERCENTAGE) VALUES('3-1-12B-1-1','1-1','3-1-12B',34,1,1,1,0);
INSERT INTO CELL(CELL_ID,NAME,CABINET_ID,_SIZE,SEQ,_ROW,_COL,PERCENTAGE) VALUES('3-1-12B-1-2','1-2','3-1-12B',34,2,2,1,100);
INSERT INTO CELL(CELL_ID,NAME,CABINET_ID,_SIZE,SEQ,_ROW,_COL,PERCENTAGE) VALUES('3-1-12B-1-3','1-3','3-1-12B',34,3,3,1,100);
INSERT INTO CELL(CELL_ID,NAME,CABINET_ID,_SIZE,SEQ,_ROW,_COL,PERCENTAGE) VALUES('3-1-12B-1-4','1-4','3-1-12B',34,4,4,1,100);
INSERT INTO CELL(CELL_ID,NAME,CABINET_ID,_SIZE,SEQ,_ROW,_COL,PERCENTAGE) VALUES('3-1-12B-1-5','1-5','3-1-12B',34,5,5,1,100);
INSERT INTO CELL(CELL_ID,NAME,CABINET_ID,_SIZE,SEQ,_ROW,_COL,PERCENTAGE) VALUES('3-1-12B-1-6','1-6','3-1-12B',34,6,6,1,100);
INSERT INTO CELL(CELL_ID,NAME,CABINET_ID,_SIZE,SEQ,_ROW,_COL,PERCENTAGE) VALUES('3-1-12B-1-7','1-7','3-1-12B',34,7,7,1,100);
INSERT INTO CELL(CELL_ID,NAME,CABINET_ID,_SIZE,SEQ,_ROW,_COL,PERCENTAGE) VALUES('3-1-12B-2-1','2-1','3-1-12B',34,8,1,2,100);
INSERT INTO CELL(CELL_ID,NAME,CABINET_ID,_SIZE,SEQ,_ROW,_COL,PERCENTAGE) VALUES('3-1-12B-2-2','2-2','3-1-12B',34,9,2,2,100);
INSERT INTO CELL(CELL_ID,NAME,CABINET_ID,_SIZE,SEQ,_ROW,_COL,PERCENTAGE) VALUES('3-1-12B-2-3','2-3','3-1-12B',34,10,3,2,100);
INSERT INTO CELL(CELL_ID,NAME,CABINET_ID,_SIZE,SEQ,_ROW,_COL,PERCENTAGE) VALUES('3-1-12B-2-4','2-4','3-1-12B',34,11,4,2,100);
INSERT INTO CELL(CELL_ID,NAME,CABINET_ID,_SIZE,SEQ,_ROW,_COL,PERCENTAGE) VALUES('3-1-12B-2-5','2-5','3-1-12B',34,12,5,2,100);
INSERT INTO CELL(CELL_ID,NAME,CABINET_ID,_SIZE,SEQ,_ROW,_COL,PERCENTAGE) VALUES('3-1-12B-2-6','2-6','3-1-12B',34,13,6,2,50);
INSERT INTO CELL(CELL_ID,NAME,CABINET_ID,_SIZE,SEQ,_ROW,_COL,PERCENTAGE) VALUES('3-1-12B-2-7','2-7','3-1-12B',34,14,7,2,0);
INSERT INTO CELL(CELL_ID,NAME,CABINET_ID,_SIZE,SEQ,_ROW,_COL,PERCENTAGE) VALUES('3-1-12B-3-1','3-1','3-1-12B',34,15,1,3,100);
INSERT INTO CELL(CELL_ID,NAME,CABINET_ID,_SIZE,SEQ,_ROW,_COL,PERCENTAGE) VALUES('3-1-12B-3-2','3-2','3-1-12B',34,16,2,3,100);
INSERT INTO CELL(CELL_ID,NAME,CABINET_ID,_SIZE,SEQ,_ROW,_COL,PERCENTAGE) VALUES('3-1-12B-3-3','3-3','3-1-12B',34,17,3,3,100);
INSERT INTO CELL(CELL_ID,NAME,CABINET_ID,_SIZE,SEQ,_ROW,_COL,PERCENTAGE) VALUES('3-1-12B-3-4','3-4','3-1-12B',34,18,4,3,100);
INSERT INTO CELL(CELL_ID,NAME,CABINET_ID,_SIZE,SEQ,_ROW,_COL,PERCENTAGE) VALUES('3-1-12B-3-5','3-5','3-1-12B',34,19,5,3,0);
INSERT INTO CELL(CELL_ID,NAME,CABINET_ID,_SIZE,SEQ,_ROW,_COL,PERCENTAGE) VALUES('3-1-12B-3-6','3-6','3-1-12B',34,20,6,3,0);
INSERT INTO CELL(CELL_ID,NAME,CABINET_ID,_SIZE,SEQ,_ROW,_COL,PERCENTAGE) VALUES('3-1-12B-3-7','3-7','3-1-12B',34,21,7,3,50);
INSERT INTO CELL(CELL_ID,NAME,CABINET_ID,_SIZE,SEQ,_ROW,_COL,PERCENTAGE) VALUES('3-1-12B-4-1','4-1','3-1-12B',34,22,1,4,100);
INSERT INTO CELL(CELL_ID,NAME,CABINET_ID,_SIZE,SEQ,_ROW,_COL,PERCENTAGE) VALUES('3-1-12B-4-2','4-2','3-1-12B',34,23,2,4,100);
INSERT INTO CELL(CELL_ID,NAME,CABINET_ID,_SIZE,SEQ,_ROW,_COL,PERCENTAGE) VALUES('3-1-12B-4-3','4-3','3-1-12B',34,24,3,4,100);
INSERT INTO CELL(CELL_ID,NAME,CABINET_ID,_SIZE,SEQ,_ROW,_COL,PERCENTAGE) VALUES('3-1-12B-4-4','4-4','3-1-12B',34,25,4,4,100);
INSERT INTO CELL(CELL_ID,NAME,CABINET_ID,_SIZE,SEQ,_ROW,_COL,PERCENTAGE) VALUES('3-1-12B-4-5','4-5','3-1-12B',34,26,5,4,100);
INSERT INTO CELL(CELL_ID,NAME,CABINET_ID,_SIZE,SEQ,_ROW,_COL,PERCENTAGE) VALUES('3-1-12B-4-6','4-6','3-1-12B',34,27,6,4,100);
INSERT INTO CELL(CELL_ID,NAME,CABINET_ID,_SIZE,SEQ,_ROW,_COL,PERCENTAGE) VALUES('3-1-12B-4-7','4-7','3-1-12B',34,28,7,4,100);
INSERT INTO CELL(CELL_ID,NAME,CABINET_ID,_SIZE,SEQ,_ROW,_COL,PERCENTAGE) VALUES('3-1-12B-5-1','5-1','3-1-12B',34,29,1,5,100);
INSERT INTO CELL(CELL_ID,NAME,CABINET_ID,_SIZE,SEQ,_ROW,_COL,PERCENTAGE) VALUES('3-1-12B-5-2','5-2','3-1-12B',34,30,2,5,100);
INSERT INTO CELL(CELL_ID,NAME,CABINET_ID,_SIZE,SEQ,_ROW,_COL,PERCENTAGE) VALUES('3-1-12B-5-3','5-3','3-1-12B',34,31,3,5,100);
INSERT INTO CELL(CELL_ID,NAME,CABINET_ID,_SIZE,SEQ,_ROW,_COL,PERCENTAGE) VALUES('3-1-12B-5-4','5-4','3-1-12B',34,32,4,5,100);
INSERT INTO CELL(CELL_ID,NAME,CABINET_ID,_SIZE,SEQ,_ROW,_COL,PERCENTAGE) VALUES('3-1-12B-5-5','5-5','3-1-12B',34,33,5,5,100);
INSERT INTO CELL(CELL_ID,NAME,CABINET_ID,_SIZE,SEQ,_ROW,_COL,PERCENTAGE) VALUES('3-1-12B-5-6','5-6','3-1-12B',34,34,6,5,100);
INSERT INTO CELL(CELL_ID,NAME,CABINET_ID,_SIZE,SEQ,_ROW,_COL,PERCENTAGE) VALUES('3-1-12B-5-7','5-7','3-1-12B',34,35,7,5,100);
INSERT INTO CELL(CELL_ID,NAME,CABINET_ID,_SIZE,SEQ,_ROW,_COL,PERCENTAGE) VALUES('3-1-12B-6-1','6-1','3-1-12B',34,36,1,6,0);
INSERT INTO CELL(CELL_ID,NAME,CABINET_ID,_SIZE,SEQ,_ROW,_COL,PERCENTAGE) VALUES('3-1-12B-6-2','6-2','3-1-12B',34,37,2,6,0);
INSERT INTO CELL(CELL_ID,NAME,CABINET_ID,_SIZE,SEQ,_ROW,_COL,PERCENTAGE) VALUES('3-1-12B-6-3','6-3','3-1-12B',34,38,3,6,0);
INSERT INTO CELL(CELL_ID,NAME,CABINET_ID,_SIZE,SEQ,_ROW,_COL,PERCENTAGE) VALUES('3-1-12B-6-4','6-4','3-1-12B',34,39,4,6,0);
INSERT INTO CELL(CELL_ID,NAME,CABINET_ID,_SIZE,SEQ,_ROW,_COL,PERCENTAGE) VALUES('3-1-12B-6-5','6-5','3-1-12B',34,40,5,6,0);
INSERT INTO CELL(CELL_ID,NAME,CABINET_ID,_SIZE,SEQ,_ROW,_COL,PERCENTAGE) VALUES('3-1-12B-6-6','6-6','3-1-12B',34,41,6,6,0);
INSERT INTO CELL(CELL_ID,NAME,CABINET_ID,_SIZE,SEQ,_ROW,_COL,PERCENTAGE) VALUES('3-1-12B-6-7','6-7','3-1-12B',34,42,7,6,100);

-- 3-1-13A
INSERT INTO CELL(CELL_ID,NAME,CABINET_ID,_SIZE,SEQ,_ROW,_COL,PERCENTAGE) VALUES('3-1-13A-1-1','1-1','3-1-13A',34,1,1,1,100);
INSERT INTO CELL(CELL_ID,NAME,CABINET_ID,_SIZE,SEQ,_ROW,_COL,PERCENTAGE) VALUES('3-1-13A-1-2','1-2','3-1-13A',34,2,2,1,100);
INSERT INTO CELL(CELL_ID,NAME,CABINET_ID,_SIZE,SEQ,_ROW,_COL,PERCENTAGE) VALUES('3-1-13A-1-3','1-3','3-1-13A',34,3,3,1,100);
INSERT INTO CELL(CELL_ID,NAME,CABINET_ID,_SIZE,SEQ,_ROW,_COL,PERCENTAGE) VALUES('3-1-13A-1-4','1-4','3-1-13A',34,4,4,1,100);
INSERT INTO CELL(CELL_ID,NAME,CABINET_ID,_SIZE,SEQ,_ROW,_COL,PERCENTAGE) VALUES('3-1-13A-1-5','1-5','3-1-13A',34,5,5,1,0);
INSERT INTO CELL(CELL_ID,NAME,CABINET_ID,_SIZE,SEQ,_ROW,_COL,PERCENTAGE) VALUES('3-1-13A-1-6','1-6','3-1-13A',34,6,6,1,50);
INSERT INTO CELL(CELL_ID,NAME,CABINET_ID,_SIZE,SEQ,_ROW,_COL,PERCENTAGE) VALUES('3-1-13A-1-7','1-7','3-1-13A',34,7,7,1,100);
INSERT INTO CELL(CELL_ID,NAME,CABINET_ID,_SIZE,SEQ,_ROW,_COL,PERCENTAGE) VALUES('3-1-13A-2-1','2-1','3-1-13A',34,8,1,2,100);
INSERT INTO CELL(CELL_ID,NAME,CABINET_ID,_SIZE,SEQ,_ROW,_COL,PERCENTAGE) VALUES('3-1-13A-2-2','2-2','3-1-13A',34,9,2,2,100);
INSERT INTO CELL(CELL_ID,NAME,CABINET_ID,_SIZE,SEQ,_ROW,_COL,PERCENTAGE) VALUES('3-1-13A-2-3','2-3','3-1-13A',34,10,3,2,50);
INSERT INTO CELL(CELL_ID,NAME,CABINET_ID,_SIZE,SEQ,_ROW,_COL,PERCENTAGE) VALUES('3-1-13A-2-4','2-4','3-1-13A',34,11,4,2,100);
INSERT INTO CELL(CELL_ID,NAME,CABINET_ID,_SIZE,SEQ,_ROW,_COL,PERCENTAGE) VALUES('3-1-13A-2-5','2-5','3-1-13A',34,12,5,2,100);
INSERT INTO CELL(CELL_ID,NAME,CABINET_ID,_SIZE,SEQ,_ROW,_COL,PERCENTAGE) VALUES('3-1-13A-2-6','2-6','3-1-13A',34,13,6,2,100);
INSERT INTO CELL(CELL_ID,NAME,CABINET_ID,_SIZE,SEQ,_ROW,_COL,PERCENTAGE) VALUES('3-1-13A-2-7','2-7','3-1-13A',34,14,7,2,100);
INSERT INTO CELL(CELL_ID,NAME,CABINET_ID,_SIZE,SEQ,_ROW,_COL,PERCENTAGE) VALUES('3-1-13A-3-1','3-1','3-1-13A',34,15,1,3,100);
INSERT INTO CELL(CELL_ID,NAME,CABINET_ID,_SIZE,SEQ,_ROW,_COL,PERCENTAGE) VALUES('3-1-13A-3-2','3-2','3-1-13A',34,16,2,3,50);
INSERT INTO CELL(CELL_ID,NAME,CABINET_ID,_SIZE,SEQ,_ROW,_COL,PERCENTAGE) VALUES('3-1-13A-3-3','3-3','3-1-13A',34,17,3,3,100);
INSERT INTO CELL(CELL_ID,NAME,CABINET_ID,_SIZE,SEQ,_ROW,_COL,PERCENTAGE) VALUES('3-1-13A-3-4','3-4','3-1-13A',34,18,4,3,100);
INSERT INTO CELL(CELL_ID,NAME,CABINET_ID,_SIZE,SEQ,_ROW,_COL,PERCENTAGE) VALUES('3-1-13A-3-5','3-5','3-1-13A',34,19,5,3,100);
INSERT INTO CELL(CELL_ID,NAME,CABINET_ID,_SIZE,SEQ,_ROW,_COL,PERCENTAGE) VALUES('3-1-13A-3-6','3-6','3-1-13A',34,20,6,3,100);
INSERT INTO CELL(CELL_ID,NAME,CABINET_ID,_SIZE,SEQ,_ROW,_COL,PERCENTAGE) VALUES('3-1-13A-3-7','3-7','3-1-13A',34,21,7,3,100);
INSERT INTO CELL(CELL_ID,NAME,CABINET_ID,_SIZE,SEQ,_ROW,_COL,PERCENTAGE) VALUES('3-1-13A-4-1','4-1','3-1-13A',34,22,1,4,100);
INSERT INTO CELL(CELL_ID,NAME,CABINET_ID,_SIZE,SEQ,_ROW,_COL,PERCENTAGE) VALUES('3-1-13A-4-2','4-2','3-1-13A',34,23,2,4,100);
INSERT INTO CELL(CELL_ID,NAME,CABINET_ID,_SIZE,SEQ,_ROW,_COL,PERCENTAGE) VALUES('3-1-13A-4-3','4-3','3-1-13A',34,24,3,4,100);
INSERT INTO CELL(CELL_ID,NAME,CABINET_ID,_SIZE,SEQ,_ROW,_COL,PERCENTAGE) VALUES('3-1-13A-4-4','4-4','3-1-13A',34,25,4,4,50);
INSERT INTO CELL(CELL_ID,NAME,CABINET_ID,_SIZE,SEQ,_ROW,_COL,PERCENTAGE) VALUES('3-1-13A-4-5','4-5','3-1-13A',34,26,5,4,0);
INSERT INTO CELL(CELL_ID,NAME,CABINET_ID,_SIZE,SEQ,_ROW,_COL,PERCENTAGE) VALUES('3-1-13A-4-6','4-6','3-1-13A',34,27,6,4,100);
INSERT INTO CELL(CELL_ID,NAME,CABINET_ID,_SIZE,SEQ,_ROW,_COL,PERCENTAGE) VALUES('3-1-13A-4-7','4-7','3-1-13A',34,28,7,4,100);
INSERT INTO CELL(CELL_ID,NAME,CABINET_ID,_SIZE,SEQ,_ROW,_COL,PERCENTAGE) VALUES('3-1-13A-5-1','5-1','3-1-13A',34,29,1,5,100);
INSERT INTO CELL(CELL_ID,NAME,CABINET_ID,_SIZE,SEQ,_ROW,_COL,PERCENTAGE) VALUES('3-1-13A-5-2','5-2','3-1-13A',34,30,2,5,100);
INSERT INTO CELL(CELL_ID,NAME,CABINET_ID,_SIZE,SEQ,_ROW,_COL,PERCENTAGE) VALUES('3-1-13A-5-3','5-3','3-1-13A',34,31,3,5,0);
INSERT INTO CELL(CELL_ID,NAME,CABINET_ID,_SIZE,SEQ,_ROW,_COL,PERCENTAGE) VALUES('3-1-13A-5-4','5-4','3-1-13A',34,32,4,5,50);
INSERT INTO CELL(CELL_ID,NAME,CABINET_ID,_SIZE,SEQ,_ROW,_COL,PERCENTAGE) VALUES('3-1-13A-5-5','5-5','3-1-13A',34,33,5,5,100);
INSERT INTO CELL(CELL_ID,NAME,CABINET_ID,_SIZE,SEQ,_ROW,_COL,PERCENTAGE) VALUES('3-1-13A-5-6','5-6','3-1-13A',34,34,6,5,50);
INSERT INTO CELL(CELL_ID,NAME,CABINET_ID,_SIZE,SEQ,_ROW,_COL,PERCENTAGE) VALUES('3-1-13A-5-7','5-7','3-1-13A',34,35,7,5,100);
INSERT INTO CELL(CELL_ID,NAME,CABINET_ID,_SIZE,SEQ,_ROW,_COL,PERCENTAGE) VALUES('3-1-13A-6-1','6-1','3-1-13A',34,36,1,6,100);
INSERT INTO CELL(CELL_ID,NAME,CABINET_ID,_SIZE,SEQ,_ROW,_COL,PERCENTAGE) VALUES('3-1-13A-6-2','6-2','3-1-13A',34,37,2,6,100);
INSERT INTO CELL(CELL_ID,NAME,CABINET_ID,_SIZE,SEQ,_ROW,_COL,PERCENTAGE) VALUES('3-1-13A-6-3','6-3','3-1-13A',34,38,3,6,100);
INSERT INTO CELL(CELL_ID,NAME,CABINET_ID,_SIZE,SEQ,_ROW,_COL,PERCENTAGE) VALUES('3-1-13A-6-4','6-4','3-1-13A',34,39,4,6,100);
INSERT INTO CELL(CELL_ID,NAME,CABINET_ID,_SIZE,SEQ,_ROW,_COL,PERCENTAGE) VALUES('3-1-13A-6-5','6-5','3-1-13A',34,40,5,6,100);
INSERT INTO CELL(CELL_ID,NAME,CABINET_ID,_SIZE,SEQ,_ROW,_COL,PERCENTAGE) VALUES('3-1-13A-6-6','6-6','3-1-13A',34,41,6,6,100);
INSERT INTO CELL(CELL_ID,NAME,CABINET_ID,_SIZE,SEQ,_ROW,_COL,PERCENTAGE) VALUES('3-1-13A-6-7','6-7','3-1-13A',34,42,7,6,100);
